"dataset","var_name","var_label","var_type","domain","subdomain","display_order","label_quality","confidence","has_wave","wave_num","wave_label","wave_label_std","base_var","value_labels","is_categorical"
"h4l15","demo_sexorient_t5","Do you consider yourself to be","haven_labelled","Demographics","Age and Sex",1,"ok","high",TRUE,5,"t5","T5","demo_sexorient","demo_sexorient",TRUE
"h4l15","demo_height_know_t5","Do you know your height?","haven_labelled","Demographics","Age and Sex",2,"ok","high",TRUE,5,"t5","T5","demo_height_know","demo_height_know",TRUE
"h4l15","demo_weight_know_t5","Do you know your weight?","haven_labelled","Demographics","Age and Sex",3,"ok","high",TRUE,5,"t5","T5","demo_weight_know","demo_weight_know",TRUE
"h4l15","demo_gender_t5","How do you describe your gender (Please select the most relevant response)","haven_labelled","Demographics","Age and Sex",4,"ok","high",TRUE,5,"t5","T5","demo_gender","demo_gender",TRUE
"h4l15","demo_sexattrac_t5","People are different in their sexual attraction to other people. Which best describes your feelings at this time in your life? Are you:","haven_labelled","Demographics","Age and Sex",5,"ok","high",TRUE,5,"t5","T5","demo_sexattrac","demo_sexattrac",TRUE
"h4l15","demo_sexorient_oth_t5","Please specify the term","character","Demographics","Age and Sex",6,"ok","high",TRUE,5,"t5","T5","demo_sexorient_oth",NA,FALSE
"h4l15","demo_gender_oth_t5","Specify the term you use","character","Demographics","Age and Sex",7,"ok","high",TRUE,5,"t5","T5","demo_gender_oth",NA,FALSE
"h4l15","demo_age_yrs_t1","T1 Age in years","numeric","Demographics","Age and Sex",8,"ok","high",TRUE,1,"t1","T1","demo_age_yrs",NA,FALSE
"h4l15","demo_dob_sas_t1","T1 Date of birth in SAS format","numeric","Demographics","Age and Sex",9,"ok","high",TRUE,1,"t1","T1","demo_dob_sas",NA,FALSE
"h4l15","demo_gender_oth_t1","T1 Different identity","character","Demographics","Age and Sex",10,"ok","high",TRUE,1,"t1","T1","demo_gender_oth",NA,FALSE
"h4l15","demo_height_know_t1","T1 Do you know your height?","haven_labelled","Demographics","Age and Sex",11,"ok","high",TRUE,1,"t1","T1","demo_height_know","demo_height_know",TRUE
"h4l15","demo_weight_know_t1","T1 Do you know your weight?","haven_labelled","Demographics","Age and Sex",12,"ok","high",TRUE,1,"t1","T1","demo_weight_know","demo_weight_know",TRUE
"h4l15","demo_age_birth_mths_t1","T1 Month of birth","haven_labelled","Demographics","Age and Sex",13,"ok","high",TRUE,1,"t1","T1","demo_age_birth_mths","demo_age_birth_mths",TRUE
"h4l15","demo_height_rec_t1","T1 Self-reported height with implausible values removed","numeric","Demographics","Age and Sex",14,"ok","high",TRUE,1,"t1","T1","demo_height_rec",NA,FALSE
"h4l15","demo_weight_rec_t1","T1 Self-reported weight with implausible values removed","numeric","Demographics","Age and Sex",15,"ok","high",TRUE,1,"t1","T1","demo_weight_rec",NA,FALSE
"h4l15","demo_height_cm_t1","T1 What is your current height in cm?","numeric","Demographics","Age and Sex",16,"ok","high",TRUE,1,"t1","T1","demo_height_cm",NA,FALSE
"h4l15","demo_weight_kg_t1","T1 What is your current weight in kg?","numeric","Demographics","Age and Sex",17,"ok","high",TRUE,1,"t1","T1","demo_weight_kg",NA,FALSE
"h4l15","demo_gender_t1","T1 What is your gender?","haven_labelled","Demographics","Age and Sex",18,"ok","high",TRUE,1,"t1","T1","demo_gender","demo_gender",TRUE
"h4l15","demo_sex_t1","T1 What sex were you assigned at birth? (i.e. the one that was originally specified on your birth certificate)","haven_labelled","Demographics","Age and Sex",19,"ok","high",TRUE,1,"t1","T1","demo_sex","demo_sex",TRUE
"h4l15","demo_age_birth_yrs_t1","T1 Year of birth","haven_labelled","Demographics","Age and Sex",20,"ok","high",TRUE,1,"t1","T1","demo_age_birth_yrs","demo_age_birth_yrs",TRUE
"h4l15","demo_age_yrs_t2","T2 Age in years","numeric","Demographics","Age and Sex",21,"ok","high",TRUE,2,"t2","T2","demo_age_yrs",NA,FALSE
"h4l15","demo_age_yrs_t3","T3 Age in years","numeric","Demographics","Age and Sex",22,"ok","high",TRUE,3,"t3","T3","demo_age_yrs",NA,FALSE
"h4l15","demo_gender_oth_t3","T3 Different identity","character","Demographics","Age and Sex",23,"ok","high",TRUE,3,"t3","T3","demo_gender_oth",NA,FALSE
"h4l15","demo_height_know_t3","T3 Do you know your height?","haven_labelled","Demographics","Age and Sex",24,"ok","high",TRUE,3,"t3","T3","demo_height_know","demo_height_know",TRUE
"h4l15","demo_weight_know_t3","T3 Do you know your weight?","haven_labelled","Demographics","Age and Sex",25,"ok","high",TRUE,3,"t3","T3","demo_weight_know","demo_weight_know",TRUE
"h4l15","demo_height_cm_t3","T3 What is your current height in cm?","numeric","Demographics","Age and Sex",26,"ok","high",TRUE,3,"t3","T3","demo_height_cm",NA,FALSE
"h4l15","demo_weight_kg_t3","T3 What is your current weight in kg? ","numeric","Demographics","Age and Sex",27,"ok","high",TRUE,3,"t3","T3","demo_weight_kg",NA,FALSE
"h4l15","demo_gender_t3","T3 What is your gender?","haven_labelled","Demographics","Age and Sex",28,"ok","high",TRUE,3,"t3","T3","demo_gender","demo_gender",TRUE
"h4l15","demo_age_yrs_t4","T4 Age in years","numeric","Demographics","Age and Sex",29,"ok","high",TRUE,4,"t4","T4","demo_age_yrs",NA,FALSE
"h4l15","demo_gender_oth_t4","T4 Different identity","character","Demographics","Age and Sex",30,"ok","high",TRUE,4,"t4","T4","demo_gender_oth",NA,FALSE
"h4l15","demo_height_know_t4","T4 Do you know your height?","haven_labelled","Demographics","Age and Sex",31,"ok","high",TRUE,4,"t4","T4","demo_height_know","demo_height_know",TRUE
"h4l15","demo_weight_know_t4","T4 Do you know your weight?","haven_labelled","Demographics","Age and Sex",32,"ok","high",TRUE,4,"t4","T4","demo_weight_know","demo_weight_know",TRUE
"h4l15","demo_gender_t4","T4 What is your current gender identity?","haven_labelled","Demographics","Age and Sex",33,"ok","high",TRUE,4,"t4","T4","demo_gender","demo_gender",TRUE
"h4l15","demo_height_cm_t4","T4 What is your current height in cm?","numeric","Demographics","Age and Sex",34,"ok","high",TRUE,4,"t4","T4","demo_height_cm",NA,FALSE
"h4l15","demo_weight_kg_t4","T4 What is your current weight in kg?","numeric","Demographics","Age and Sex",35,"ok","high",TRUE,4,"t4","T4","demo_weight_kg",NA,FALSE
"h4l15","demo_age_yrs_t5","T5 Age in years","numeric","Demographics","Age and Sex",36,"ok","high",TRUE,5,"t5","T5","demo_age_yrs",NA,FALSE
"cap17","demo_age_rec_t1","Time 1 Age recoded","numeric","Demographics","Age and Sex",37,"ok","high",TRUE,1,"t1","T1","demo_age_rec",NA,FALSE
"cap17","demo_age_num_t1","Time 1-Age","character","Demographics","Age and Sex",38,"ok","high",TRUE,1,"t1","T1","demo_age_num",NA,FALSE
"cap17","demo_age_mths_t1","Time 1-Age in months","numeric","Demographics","Age and Sex",39,"ok","high",TRUE,1,"t1","T1","demo_age_mths",NA,FALSE
"cap17","demo_age_yrs_t1","Time 1-Age in years","numeric","Demographics","Age and Sex",40,"ok","high",TRUE,1,"t1","T1","demo_age_yrs",NA,FALSE
"cap17","demo_sex_t1","Time 1-Sex","haven_labelled","Demographics","Age and Sex",41,"ok","high",TRUE,1,"t1","T1","demo_sex","demo_sex",TRUE
"cap17","demo_age_num_t2","Time 2 Age","character","Demographics","Age and Sex",42,"ok","high",TRUE,2,"t2","T2","demo_age_num",NA,FALSE
"cap17","demo_age_mths_t2","Time 2 Age in months","numeric","Demographics","Age and Sex",43,"ok","high",TRUE,2,"t2","T2","demo_age_mths",NA,FALSE
"cap17","demo_age_yrs_t2","Time 2 Age in years","numeric","Demographics","Age and Sex",44,"ok","high",TRUE,2,"t2","T2","demo_age_yrs",NA,FALSE
"cap17","demo_age_rec_t2","Time 2 Age recoded","numeric","Demographics","Age and Sex",45,"ok","high",TRUE,2,"t2","T2","demo_age_rec",NA,FALSE
"cap17","demo_sex_t2","Time 2 Sex","haven_labelled","Demographics","Age and Sex",46,"ok","high",TRUE,2,"t2","T2","demo_sex","demo_sex",TRUE
"cap17","demo_age_num_t3","Time 3 Age","character","Demographics","Age and Sex",47,"ok","high",TRUE,3,"t3","T3","demo_age_num",NA,FALSE
"cap17","demo_age_mths_t3","Time 3 Age in months","numeric","Demographics","Age and Sex",48,"ok","high",TRUE,3,"t3","T3","demo_age_mths",NA,FALSE
"cap17","demo_age_yrs_t3","Time 3 Age in years","numeric","Demographics","Age and Sex",49,"ok","high",TRUE,3,"t3","T3","demo_age_yrs",NA,FALSE
"cap17","demo_age_rec_t3","Time 3 Age recoded","numeric","Demographics","Age and Sex",50,"ok","high",TRUE,3,"t3","T3","demo_age_rec",NA,FALSE
"cap17","demo_sex_t3","Time 3 Sex","haven_labelled","Demographics","Age and Sex",51,"ok","high",TRUE,3,"t3","T3","demo_sex","demo_sex",TRUE
"cap17","demo_age_mths_t4","Time 4 Age in months","numeric","Demographics","Age and Sex",52,"ok","high",TRUE,4,"t4","T4","demo_age_mths",NA,FALSE
"cap17","demo_age_yrs_t4","Time 4 Age in years","numeric","Demographics","Age and Sex",53,"ok","high",TRUE,4,"t4","T4","demo_age_yrs",NA,FALSE
"cap17","demo_age_rec_t4","Time 4 Age recoded","numeric","Demographics","Age and Sex",54,"ok","high",TRUE,4,"t4","T4","demo_age_rec",NA,FALSE
"cap17","demo_sex_t4","Time 4 Sex","haven_labelled","Demographics","Age and Sex",55,"ok","high",TRUE,4,"t4","T4","demo_sex","demo_sex",TRUE
"cap17","demo_age_mths_t5","Time 5 Age in months","numeric","Demographics","Age and Sex",56,"ok","high",TRUE,5,"t5","T5","demo_age_mths",NA,FALSE
"cap17","demo_age_yrs_t5","Time 5 Age in years","numeric","Demographics","Age and Sex",57,"ok","high",TRUE,5,"t5","T5","demo_age_yrs",NA,FALSE
"cap17","demo_age_rec_t5","Time 5 Age recoded","numeric","Demographics","Age and Sex",58,"ok","high",TRUE,5,"t5","T5","demo_age_rec",NA,FALSE
"cap17","demo_sex_t5","Time 5 Sex","haven_labelled","Demographics","Age and Sex",59,"ok","high",TRUE,5,"t5","T5","demo_sex","demo_sex",TRUE
"h4l15","demo_height_cm_t5","What is your current height in cm?","numeric","Demographics","Age and Sex",60,"ok","high",TRUE,5,"t5","T5","demo_height_cm",NA,FALSE
"h4l15","demo_weight_kg_t5","What is your current weight in kg?","numeric","Demographics","Age and Sex",61,"ok","high",TRUE,5,"t5","T5","demo_weight_kg",NA,FALSE
"h4l15","demo_sex_t5","What sex were you assigned at birth? (i.e. the one that was originally specified on your birth certificate)","haven_labelled","Demographics","Age and Sex",62,"ok","high",TRUE,5,"t5","T5","demo_sex","demo_sex",TRUE
"h4l15","demo_main_lang_oth_t1","T1 Other text entry for main langauge","character","Demographics","Ethnicity and Language",63,"ok","high",TRUE,1,"t1","T1","demo_main_lang_oth",NA,FALSE
"h4l15","demo_main_lang_t1","T1 What is the main language you speak at home?","haven_labelled","Demographics","Ethnicity and Language",64,"ok","high",TRUE,1,"t1","T1","demo_main_lang","demo_main_lang",TRUE
"h4l15","demo_main_lang_oth_t3","T3 Other","character","Demographics","Ethnicity and Language",65,"ok","high",TRUE,3,"t3","T3","demo_main_lang_oth",NA,FALSE
"h4l15","demo_main_lang_t3","T3 What is the main language you speak at home?","haven_labelled","Demographics","Ethnicity and Language",66,"ok","high",TRUE,3,"t3","T3","demo_main_lang","demo_main_lang",TRUE
"h4l15","demo_main_lang_oth_t4","T4 Other","character","Demographics","Ethnicity and Language",67,"ok","high",TRUE,4,"t4","T4","demo_main_lang_oth",NA,FALSE
"h4l15","demo_main_lang_t4","T4 What is the main language you speak at home?","haven_labelled","Demographics","Ethnicity and Language",68,"ok","high",TRUE,4,"t4","T4","demo_main_lang","demo_main_lang",TRUE
"h4l15","demo_cob_bin_t1","T1 COB Binary version","haven_labelled","Demographics","Geographic Location",69,"ok","high",TRUE,1,"t1","T1","demo_cob_bin","demo_cob_bin",TRUE
"h4l15","demo_cog_3grp_t1","T1 COB Three group version","haven_labelled","Demographics","Geographic Location",70,"ok","high",TRUE,1,"t1","T1","demo_cog_3grp","demo_cog_3grp",TRUE
"h4l15","demo_seifa_cat_t1","T1 SEIFA categories based on school postcodes","haven_labelled","Demographics","Geographic Location",71,"ok","high",TRUE,1,"t1","T1","demo_seifa_cat","demo_seifa_cat",TRUE
"h4l15","demo_seifa_t1","T1 SEIFA deciles based on school postcodes","numeric","Demographics","Geographic Location",72,"ok","high",TRUE,1,"t1","T1","demo_seifa",NA,FALSE
"h4l15","demo_state_num_t1","T1 State numeric version","haven_labelled","Demographics","Geographic Location",73,"ok","high",TRUE,1,"t1","T1","demo_state_num","demo_state_num",TRUE
"h4l15","demo_cob_t1","T1 What country were you born in?","haven_labelled","Demographics","Geographic Location",74,"ok","high",TRUE,1,"t1","T1","demo_cob","demo_cob",TRUE
"h4l15","demo_postcode_t1","T1 What is your postcode?Leave blank if unsure","numeric","Demographics","Geographic Location",75,"ok","high",TRUE,1,"t1","T1","demo_postcode",NA,FALSE
"h4l15","demo_state_num_t2","T2 State numeric version","haven_labelled","Demographics","Geographic Location",76,"ok","high",TRUE,2,"t2","T2","demo_state_num","demo_state_num",TRUE
"h4l15","demo_state_num_t3","T3 State numeric version","haven_labelled","Demographics","Geographic Location",77,"ok","high",TRUE,3,"t3","T3","demo_state_num","demo_state_num",TRUE
"h4l15","demo_postcode_t3","T3 What is your postcode?Leave blank if unsure","numeric","Demographics","Geographic Location",78,"ok","high",TRUE,3,"t3","T3","demo_postcode",NA,FALSE
"h4l15","demo_state_num_t4","T4 State numeric version","haven_labelled","Demographics","Geographic Location",79,"ok","high",TRUE,4,"t4","T4","demo_state_num","demo_state_num",TRUE
"h4l15","demo_postcode_t4","T4 What is your postcode?Leave blank if unsure","numeric","Demographics","Geographic Location",80,"ok","high",TRUE,4,"t4","T4","demo_postcode",NA,FALSE
"h4l15","demo_state_num_t5","T5 State numeric version","numeric","Demographics","Geographic Location",81,"ok","high",TRUE,5,"t5","T5","demo_state_num",NA,FALSE
"cap17","demo_cob_t1","Time 1-Country of birth","character","Demographics","Geographic Location",82,"ok","high",TRUE,1,"t1","T1","demo_cob",NA,FALSE
"cap17","demo_cob_t2","Time 2 Country of birth","character","Demographics","Geographic Location",83,"ok","high",TRUE,2,"t2","T2","demo_cob",NA,FALSE
"cap17","demo_cob_t3","Time 3 Country of birth","character","Demographics","Geographic Location",84,"ok","high",TRUE,3,"t3","T3","demo_cob",NA,FALSE
"cap17","demo_cob_t4","Time 4 Country of birth","character","Demographics","Geographic Location",85,"ok","high",TRUE,4,"t4","T4","demo_cob",NA,FALSE
"cap17","demo_cob_t5","Time 5 Country of birth","character","Demographics","Geographic Location",86,"ok","high",TRUE,5,"t5","T5","demo_cob",NA,FALSE
"h4l15","demo_postcode_t5","What is your postcode?Leave blank if unsure","numeric","Demographics","Geographic Location",87,"ok","high",TRUE,5,"t5","T5","demo_postcode",NA,FALSE
"h4l15","demo_truancy_t5","How many days did you have off school last year without your parents’ permission?","haven_labelled","Demographics","School and Education",88,"ok","high",TRUE,5,"t5","T5","demo_truancy","demo_truancy",TRUE
"h4l15","demo_grades_rec_t1","T1 Grades recoded based on CAP/CSC","numeric","Demographics","School and Education",89,"ok","high",TRUE,1,"t1","T1","demo_grades_rec",NA,FALSE
"h4l15","demo_truancy_t1","T1 How many days did you have off school last year without your parents permission?","haven_labelled","Demographics","School and Education",90,"ok","high",TRUE,1,"t1","T1","demo_truancy","demo_truancy",TRUE
"h4l15","demo_truancy_rec_t1","T1 Truancy recoded based on CAP/CSC","numeric","Demographics","School and Education",91,"ok","high",TRUE,1,"t1","T1","demo_truancy_rec",NA,FALSE
"h4l15","demo_grades_t1","T1 What grades do you usually get in school?","haven_labelled","Demographics","School and Education",92,"ok","high",TRUE,1,"t1","T1","demo_grades","demo_grades",TRUE
"h4l15","demo_school_yrs_t1","T1 What year are you in at school?","haven_labelled","Demographics","School and Education",93,"ok","high",TRUE,1,"t1","T1","demo_school_yrs","demo_school_yrs",TRUE
"h4l15","demo_truancy_t3","T3 How many days did you have off school last year without your parents’ permission?","haven_labelled","Demographics","School and Education",94,"ok","high",TRUE,3,"t3","T3","demo_truancy","demo_truancy",TRUE
"h4l15","demo_grades_t3","T3 What grades do you usually get in school?","haven_labelled","Demographics","School and Education",95,"ok","high",TRUE,3,"t3","T3","demo_grades","demo_grades",TRUE
"h4l15","demo_school_yrs_t3","T3 What year are you in at school?","haven_labelled","Demographics","School and Education",96,"ok","high",TRUE,3,"t3","T3","demo_school_yrs","demo_school_yrs",TRUE
"h4l15","demo_truancy_t4","T4 How many days did you have off school last year without your parents’ permission?","haven_labelled","Demographics","School and Education",97,"ok","high",TRUE,4,"t4","T4","demo_truancy","demo_truancy",TRUE
"h4l15","demo_grades_t4","T4 What grades do you usually get in school?","haven_labelled","Demographics","School and Education",98,"ok","high",TRUE,4,"t4","T4","demo_grades","demo_grades",TRUE
"h4l15","demo_school_yrs_t4","T4 What year are you in at school?","haven_labelled","Demographics","School and Education",99,"ok","high",TRUE,4,"t4","T4","demo_school_yrs","demo_school_yrs",TRUE
"cap17","demo_grades_t1","Time 1- Usual Grades","haven_labelled","Demographics","School and Education",100,"ok","high",TRUE,1,"t1","T1","demo_grades","demo_grades",TRUE
"cap17","demo_truancy_t1","Time 1-No. days off school last year without parents’ permission","haven_labelled","Demographics","School and Education",101,"ok","high",TRUE,1,"t1","T1","demo_truancy","demo_truancy",TRUE
"cap17","demo_truancy_t2","Time 2 No. days off school last year without parents’ permission","haven_labelled","Demographics","School and Education",102,"ok","high",TRUE,2,"t2","T2","demo_truancy","demo_truancy",TRUE
"cap17","demo_grades_t2","Time 2- Usual Grades","haven_labelled","Demographics","School and Education",103,"ok","high",TRUE,2,"t2","T2","demo_grades","demo_grades",TRUE
"cap17","demo_truancy_t3","Time 3 No. days off school last year without parents’ permission","haven_labelled","Demographics","School and Education",104,"ok","high",TRUE,3,"t3","T3","demo_truancy","demo_truancy",TRUE
"cap17","demo_grades_t3","Time 3- Usual Grades","haven_labelled","Demographics","School and Education",105,"ok","high",TRUE,3,"t3","T3","demo_grades","demo_grades",TRUE
"cap17","demo_truancy_t4","Time 4 No. days off school last year without parents’ permission","haven_labelled","Demographics","School and Education",106,"ok","high",TRUE,4,"t4","T4","demo_truancy","demo_truancy",TRUE
"cap17","demo_grades_t4","Time 4- Usual Grades","haven_labelled","Demographics","School and Education",107,"ok","high",TRUE,4,"t4","T4","demo_grades","demo_grades",TRUE
"cap17","demo_truancy_t5","Time 5 No. days off school last year without parents’ permission","haven_labelled","Demographics","School and Education",108,"ok","high",TRUE,5,"t5","T5","demo_truancy","demo_truancy",TRUE
"cap17","demo_grades_t5","Time 5- Usual Grades","haven_labelled","Demographics","School and Education",109,"ok","high",TRUE,5,"t5","T5","demo_grades","demo_grades",TRUE
"h4l15","demo_grades_t5","What grades do you usually get in school?","haven_labelled","Demographics","School and Education",110,"ok","high",TRUE,5,"t5","T5","demo_grades","demo_grades",TRUE
"h4l15","demo_school_yrs_t5","What year are you in at school?","haven_labelled","Demographics","School and Education",111,"ok","high",TRUE,5,"t5","T5","demo_school_yrs","demo_school_yrs",TRUE
"h4l15","hb_diet_energy_big_t5","Big can/bottle (500mls or more)","haven_labelled","Health Behaviour","Diet and Nutrition",1,"ok","high",TRUE,5,"t5","T5","hb_diet_energy_big","hb_diet_energy_big",TRUE
"h4l15","hb_diet_dff_04_t5","Confectionary, such as lollies or chocolate","haven_labelled","Health Behaviour","Diet and Nutrition",2,"ok","high",TRUE,5,"t5","T5","hb_diet_dff_04","hb_diet_dff_04",TRUE
"h4l15","hb_diet_juice_t5","Fruit juice","haven_labelled","Health Behaviour","Diet and Nutrition",3,"ok","high",TRUE,5,"t5","T5","hb_diet_juice","hb_diet_juice",TRUE
"h4l15","hb_diet_dff_01_t5","Hot chips, French fries, wedges or fried potatoes","haven_labelled","Health Behaviour","Diet and Nutrition",4,"ok","high",TRUE,5,"t5","T5","hb_diet_dff_01","hb_diet_dff_01",TRUE
"h4l15","hb_diet_dff_05_t5","Ice cream or ice blocks","haven_labelled","Health Behaviour","Diet and Nutrition",5,"ok","high",TRUE,5,"t5","T5","hb_diet_dff_05","hb_diet_dff_05",TRUE
"h4l15","hb_diet_ssb_int_t5","Intend to swap energy drinks, soft drinks, sports drinks or cordial for water on all or most days of the week?","haven_labelled","Health Behaviour","Diet and Nutrition",6,"ok","high",TRUE,5,"t5","T5","hb_diet_ssb_int","hb_diet_ssb_int",TRUE
"h4l15","hb_diet_fruit_serve_t5","Looking at the above image for a guide on serving sizes, how many serves of fruit do you usually eat each day?","haven_labelled","Health Behaviour","Diet and Nutrition",7,"ok","high",TRUE,5,"t5","T5","hb_diet_fruit_serve","hb_diet_fruit_serve",TRUE
"h4l15","hb_diet_veg_serve_t5","Looking at the above image for a guide on serving sizes, how many serves of vegetables do you usually eat each day?","haven_labelled","Health Behaviour","Diet and Nutrition",8,"ok","high",TRUE,5,"t5","T5","hb_diet_veg_serve","hb_diet_veg_serve",TRUE
"h4l15","hb_diet_breakfast_t5","On school days, where do you usually eat breakfast?","haven_labelled","Health Behaviour","Diet and Nutrition",9,"ok","high",TRUE,5,"t5","T5","hb_diet_breakfast","hb_diet_breakfast",TRUE
"h4l15","hb_diet_breakfast_oth_t5","Other","character","Health Behaviour","Diet and Nutrition",10,"ok","high",TRUE,5,"t5","T5","hb_diet_breakfast_oth",NA,FALSE
"h4l15","hb_diet_water_t5","Plain water (tap or bottled)","haven_labelled","Health Behaviour","Diet and Nutrition",11,"ok","high",TRUE,5,"t5","T5","hb_diet_water","hb_diet_water",TRUE
"h4l15","hb_diet_dff_02_t5","Potato crisps or other salty snacks (such as Twisties or corn chips)","haven_labelled","Health Behaviour","Diet and Nutrition",12,"ok","high",TRUE,5,"t5","T5","hb_diet_dff_02","hb_diet_dff_02",TRUE
"h4l15","hb_diet_energy_small_t5","Small can/bottle (less than 500mls)","haven_labelled","Health Behaviour","Diet and Nutrition",13,"ok","high",TRUE,5,"t5","T5","hb_diet_energy_small","hb_diet_energy_small",TRUE
"h4l15","hb_diet_dff_03_t5","Snack foods, such as sweet and savoury biscuits, cakes, donuts or muesli bars","haven_labelled","Health Behaviour","Diet and Nutrition",14,"ok","high",TRUE,5,"t5","T5","hb_diet_dff_03","hb_diet_dff_03",TRUE
"h4l15","hb_diet_ssb_t5","Soft drink, cordials or sports drinks (such as Coke, lemonade, Ribena or Gatorade). Do not include energy drinks.","haven_labelled","Health Behaviour","Diet and Nutrition",15,"ok","high",TRUE,5,"t5","T5","hb_diet_ssb","hb_diet_ssb",TRUE
"h4l15","hb_diet_yfas_11_t1","T1  avoid places where I cannot eat the food I want.","haven_labelled","Health Behaviour","Diet and Nutrition",16,"ok","high",TRUE,1,"t1","T1","hb_diet_yfas_11","hb_diet_yfas_11",TRUE
"h4l15","hb_diet_energy_big_t1","T1 Big can/bottle (500mls or more)","haven_labelled","Health Behaviour","Diet and Nutrition",17,"ok","high",TRUE,1,"t1","T1","hb_diet_energy_big","hb_diet_energy_big",TRUE
"h4l15","hb_diet_dff_04_t1","T1 Confectionary, such as lollies or chocolate","haven_labelled","Health Behaviour","Diet and Nutrition",18,"ok","high",TRUE,1,"t1","T1","hb_diet_dff_04","hb_diet_dff_04",TRUE
"h4l15","hb_diet_breakfast_oth_t1","T1 Free text response for Breakfast Other","character","Health Behaviour","Diet and Nutrition",19,"ok","high",TRUE,1,"t1","T1","hb_diet_breakfast_oth",NA,FALSE
"h4l15","hb_diet_juice_t1","T1 Fruit juice","haven_labelled","Health Behaviour","Diet and Nutrition",20,"ok","high",TRUE,1,"t1","T1","hb_diet_juice","hb_diet_juice",TRUE
"h4l15","hb_diet_dff_01_t1","T1 Hot chips, French fries, wedges or fried potatoes","haven_labelled","Health Behaviour","Diet and Nutrition",21,"ok","high",TRUE,1,"t1","T1","hb_diet_dff_01","hb_diet_dff_01",TRUE
"h4l15","hb_diet_yfas_18_t1","T1 How often do you try to cut down on certain foods?","haven_labelled","Health Behaviour","Diet and Nutrition",22,"ok","high",TRUE,1,"t1","T1","hb_diet_yfas_18","hb_diet_yfas_18",TRUE
"h4l15","hb_diet_yfas_25_t1","T1 I am able to cut down on certain foods.","haven_labelled","Health Behaviour","Diet and Nutrition",23,"ok","high",TRUE,1,"t1","T1","hb_diet_yfas_25","hb_diet_yfas_25",TRUE
"h4l15","hb_diet_yfas_10_t1","T1 I avoid places that have a lot of food, because I might eat too much.","haven_labelled","Health Behaviour","Diet and Nutrition",24,"ok","high",TRUE,1,"t1","T1","hb_diet_yfas_10","hb_diet_yfas_10",TRUE
"h4l15","hb_diet_yfas_13_t1","T1 I eat certain foods to stop myself from feeling upset or sick.","haven_labelled","Health Behaviour","Diet and Nutrition",25,"ok","high",TRUE,1,"t1","T1","hb_diet_yfas_13","hb_diet_yfas_13",TRUE
"h4l15","hb_diet_yfas_06_t1","T1 I eat food all day long.","haven_labelled","Health Behaviour","Diet and Nutrition",26,"ok","high",TRUE,1,"t1","T1","hb_diet_yfas_06","hb_diet_yfas_06",TRUE
"h4l15","hb_diet_yfas_02_t1","T1 I eat food even when I am not hungry.","haven_labelled","Health Behaviour","Diet and Nutrition",27,"ok","high",TRUE,1,"t1","T1","hb_diet_yfas_02","hb_diet_yfas_02",TRUE
"h4l15","hb_diet_yfas_08_t1","T1 I eat food rather than do other things I like (e.g. play, hang out with friends).","haven_labelled","Health Behaviour","Diet and Nutrition",28,"ok","high",TRUE,1,"t1","T1","hb_diet_yfas_08","hb_diet_yfas_08",TRUE
"h4l15","hb_diet_yfas_21_t1","T1 I eat in the same way even though it is causing problems.","haven_labelled","Health Behaviour","Diet and Nutrition",29,"ok","high",TRUE,1,"t1","T1","hb_diet_yfas_21","hb_diet_yfas_21",TRUE
"h4l15","hb_diet_yfas_09_t1","T1 I eat so much that I feel bad afterwards. I feel so bad that I do not do things I like (e.g. play, hang out with friends).","haven_labelled","Health Behaviour","Diet and Nutrition",30,"ok","high",TRUE,1,"t1","T1","hb_diet_yfas_09","hb_diet_yfas_09",TRUE
"h4l15","hb_diet_yfas_03_t1","T1 I eat until my stomach hurts or I feel sick.","haven_labelled","Health Behaviour","Diet and Nutrition",31,"ok","high",TRUE,1,"t1","T1","hb_diet_yfas_03","hb_diet_yfas_03",TRUE
"h4l15","hb_diet_yfas_05_t1","T1 I feel tired a lot because I eat too much.","haven_labelled","Health Behaviour","Diet and Nutrition",32,"ok","high",TRUE,1,"t1","T1","hb_diet_yfas_05","hb_diet_yfas_05",TRUE
"h4l15","hb_diet_yfas_22_t1","T1 I need to eat more to get the good feelings I want. (e.g. feel happy, calm, relaxed).","haven_labelled","Health Behaviour","Diet and Nutrition",33,"ok","high",TRUE,1,"t1","T1","hb_diet_yfas_22","hb_diet_yfas_22",TRUE
"h4l15","hb_diet_yfas_24_t1","T1 I try to cut down or stop eating certain foods.","haven_labelled","Health Behaviour","Diet and Nutrition",34,"ok","high",TRUE,1,"t1","T1","hb_diet_yfas_24","hb_diet_yfas_24",TRUE
"h4l15","hb_diet_yfas_17_t1","T1 I want to cut down or stop eating certain foods.","haven_labelled","Health Behaviour","Diet and Nutrition",35,"ok","high",TRUE,1,"t1","T1","hb_diet_yfas_17","hb_diet_yfas_17",TRUE
"h4l15","hb_diet_yfas_04_t1","T1 I worry about eating too much food.","haven_labelled","Health Behaviour","Diet and Nutrition",36,"ok","high",TRUE,1,"t1","T1","hb_diet_yfas_04","hb_diet_yfas_04",TRUE
"h4l15","hb_diet_dff_05_t1","T1 Ice cream or ice blocks","haven_labelled","Health Behaviour","Diet and Nutrition",37,"ok","high",TRUE,1,"t1","T1","hb_diet_dff_05","hb_diet_dff_05",TRUE
"h4l15","hb_diet_yfas_07_t1","T1 If I cannot find a food I want, I will try hard to get it (e.g. ask a friend to get it for me, find a vending machine, sneak food when people aren’t looking).","haven_labelled","Health Behaviour","Diet and Nutrition",38,"ok","high",TRUE,1,"t1","T1","hb_diet_yfas_07","hb_diet_yfas_07",TRUE
"h4l15","hb_diet_ssb_int_t1","T1 Intend to swap energy drinks, soft drinks, sports drinks or cordial for water on all or most days of the week?","haven_labelled","Health Behaviour","Diet and Nutrition",39,"ok","high",TRUE,1,"t1","T1","hb_diet_ssb_int","hb_diet_ssb_int",TRUE
"h4l15","hb_diet_fruit_serve_t1","T1 Looking at the above image for a guide on serving sizes, how many serves of fruit do you usually eat each day?","haven_labelled","Health Behaviour","Diet and Nutrition",40,"ok","high",TRUE,1,"t1","T1","hb_diet_fruit_serve","hb_diet_fruit_serve",TRUE
"h4l15","hb_diet_veg_serve_t1","T1 Looking at the above image for a guide on serving sizes, how many serves of vegetables do you usually eat each day?","haven_labelled","Health Behaviour","Diet and Nutrition",41,"ok","high",TRUE,1,"t1","T1","hb_diet_veg_serve","hb_diet_veg_serve",TRUE
"h4l15","hb_diet_breakfast_t1","T1 On school days, where do you usually eat breakfast?","haven_labelled","Health Behaviour","Diet and Nutrition",42,"ok","high",TRUE,1,"t1","T1","hb_diet_breakfast","hb_diet_breakfast",TRUE
"h4l15","hb_diet_water_t1","T1 Plain water (tap or bottled) ","haven_labelled","Health Behaviour","Diet and Nutrition",43,"ok","high",TRUE,1,"t1","T1","hb_diet_water","hb_diet_water",TRUE
"h4l15","hb_diet_dff_02_t1","T1 Potato crisps or other salty snacks (such as Twisties or corn chips)","haven_labelled","Health Behaviour","Diet and Nutrition",44,"ok","high",TRUE,1,"t1","T1","hb_diet_dff_02","hb_diet_dff_02",TRUE
"h4l15","hb_diet_dff_risk","T1 Risk for increased discretionary food consumption","haven_labelled","Health Behaviour","Diet and Nutrition",45,"ok","high",FALSE,NA,NA,NA,"hb_diet_dff_risk","hb_diet_dff_risk",TRUE
"h4l15","hb_diet_energy_small_t1","T1 Small can/bottle (less than 500mls)","haven_labelled","Health Behaviour","Diet and Nutrition",46,"ok","high",TRUE,1,"t1","T1","hb_diet_energy_small","hb_diet_energy_small",TRUE
"h4l15","hb_diet_dff_03_t1","T1 Snack foods, such as sweet and savoury biscuits, cakes, donuts or muesli bars","haven_labelled","Health Behaviour","Diet and Nutrition",47,"ok","high",TRUE,1,"t1","T1","hb_diet_dff_03","hb_diet_dff_03",TRUE
"h4l15","hb_diet_ssb_t1","T1 Soft drink, cordials or sports drinks (such as Coke, lemonade, Ribena or Gatorade). Do not include energy drinks.","haven_labelled","Health Behaviour","Diet and Nutrition",48,"ok","high",TRUE,1,"t1","T1","hb_diet_ssb","hb_diet_ssb",TRUE
"h4l15","hb_diet_dff_06_t1","T1 Takeaway meals or snacks from places like McDonald’s, Hungry Jack’s, Dominos, KFC, Red Rooster, Oporto, Pizza Hut or local takeaway food places","haven_labelled","Health Behaviour","Diet and Nutrition",49,"ok","high",TRUE,1,"t1","T1","hb_diet_dff_06","hb_diet_dff_06",TRUE
"h4l15","hb_diet_yfas_16_t1","T1 The way I eat causes me problems. (e.g. problems at school, with my parents, with my friends).","haven_labelled","Health Behaviour","Diet and Nutrition",50,"ok","high",TRUE,1,"t1","T1","hb_diet_yfas_16","hb_diet_yfas_16",TRUE
"h4l15","hb_diet_yfas_19_t1","T1 The way I eat has made me feel sad, nervous, or guilty.","haven_labelled","Health Behaviour","Diet and Nutrition",51,"ok","high",TRUE,1,"t1","T1","hb_diet_yfas_19","hb_diet_yfas_19",TRUE
"h4l15","hb_diet_yfas_20_t1","T1 The way I eat has made me unhealthy.","haven_labelled","Health Behaviour","Diet and Nutrition",52,"ok","high",TRUE,1,"t1","T1","hb_diet_yfas_20","hb_diet_yfas_20",TRUE
"h4l15","hb_diet_yfas_15_t1","T1 The way I eat makes me really unhappy.","haven_labelled","Health Behaviour","Diet and Nutrition",53,"ok","high",TRUE,1,"t1","T1","hb_diet_yfas_15","hb_diet_yfas_15",TRUE
"h4l15","hb_diet_yfas_14_t1","T1 When I cut down or stop eating certain foods I crave them a lot more.","haven_labelled","Health Behaviour","Diet and Nutrition",54,"ok","high",TRUE,1,"t1","T1","hb_diet_yfas_14","hb_diet_yfas_14",TRUE
"h4l15","hb_diet_yfas_12_t1","T1 When I do not eat certain foods, I feel upset or sick.","haven_labelled","Health Behaviour","Diet and Nutrition",55,"ok","high",TRUE,1,"t1","T1","hb_diet_yfas_12","hb_diet_yfas_12",TRUE
"h4l15","hb_diet_yfas_23_t1","T1 When I eat the same amount of food, I do not feel good the way I used to. (e.g. feel happy, calm, relaxed).","haven_labelled","Health Behaviour","Diet and Nutrition",56,"ok","high",TRUE,1,"t1","T1","hb_diet_yfas_23","hb_diet_yfas_23",TRUE
"h4l15","hb_diet_yfas_01_t1","T1 When I start eating, I find it hard to stop.","haven_labelled","Health Behaviour","Diet and Nutrition",57,"ok","high",TRUE,1,"t1","T1","hb_diet_yfas_01","hb_diet_yfas_01",TRUE
"h4l15","hb_diet_dietssb_t1","T1 ‘Diet’ soft drink or diet cordial, such as Diet Coke or Sprite or Coke Zero. Do not include energy drinks.","haven_labelled","Health Behaviour","Diet and Nutrition",58,"ok","high",TRUE,1,"t1","T1","hb_diet_dietssb","hb_diet_dietssb",TRUE
"h4l15","hb_diet_energy_big_t2","T2 Big can/bottle (500mls or more)","haven_labelled","Health Behaviour","Diet and Nutrition",59,"ok","high",TRUE,2,"t2","T2","hb_diet_energy_big","hb_diet_energy_big",TRUE
"h4l15","hb_diet_dff_04_t2","T2 Confectionary, such as lollies or chocolate","haven_labelled","Health Behaviour","Diet and Nutrition",60,"ok","high",TRUE,2,"t2","T2","hb_diet_dff_04","hb_diet_dff_04",TRUE
"h4l15","hb_diet_breakfast_oth_t2","T2 Free text response for Breakfast Other","character","Health Behaviour","Diet and Nutrition",61,"ok","high",TRUE,2,"t2","T2","hb_diet_breakfast_oth",NA,FALSE
"h4l15","hb_diet_juice_t2","T2 Fruit juice","haven_labelled","Health Behaviour","Diet and Nutrition",62,"ok","high",TRUE,2,"t2","T2","hb_diet_juice","hb_diet_juice",TRUE
"h4l15","hb_diet_dff_01_t2","T2 Hot chips, French fries, wedges or fried potatoes","haven_labelled","Health Behaviour","Diet and Nutrition",63,"ok","high",TRUE,2,"t2","T2","hb_diet_dff_01","hb_diet_dff_01",TRUE
"h4l15","hb_diet_dff_05_t2","T2 Ice cream or ice blocks","haven_labelled","Health Behaviour","Diet and Nutrition",64,"ok","high",TRUE,2,"t2","T2","hb_diet_dff_05","hb_diet_dff_05",TRUE
"h4l15","hb_diet_ssb_int_t2","T2 Intend to swap energy drinks, soft drinks, sports drinks or cordial for water on all or most days of the week?","haven_labelled","Health Behaviour","Diet and Nutrition",65,"ok","high",TRUE,2,"t2","T2","hb_diet_ssb_int","hb_diet_ssb_int",TRUE
"h4l15","hb_diet_fruit_serve_t2","T2 Looking at the above image for a guide on serving sizes, how many serves of fruit do you usually eat each day?","haven_labelled","Health Behaviour","Diet and Nutrition",66,"ok","high",TRUE,2,"t2","T2","hb_diet_fruit_serve","hb_diet_fruit_serve",TRUE
"h4l15","hb_diet_veg_serve_t2","T2 Looking at the above image for a guide on serving sizes, how many serves of vegetables do you usually eat each day?","haven_labelled","Health Behaviour","Diet and Nutrition",67,"ok","high",TRUE,2,"t2","T2","hb_diet_veg_serve","hb_diet_veg_serve",TRUE
"h4l15","hb_diet_breakfast_t2","T2 On school days, where do you usually eat breakfast?","haven_labelled","Health Behaviour","Diet and Nutrition",68,"ok","high",TRUE,2,"t2","T2","hb_diet_breakfast","hb_diet_breakfast",TRUE
"h4l15","hb_diet_water_t2","T2 Plain water (tap or bottled) ","haven_labelled","Health Behaviour","Diet and Nutrition",69,"ok","high",TRUE,2,"t2","T2","hb_diet_water","hb_diet_water",TRUE
"h4l15","hb_diet_dff_02_t2","T2 Potato crisps or other salty snacks (such as Twisties or corn chips)","haven_labelled","Health Behaviour","Diet and Nutrition",70,"ok","high",TRUE,2,"t2","T2","hb_diet_dff_02","hb_diet_dff_02",TRUE
"h4l15","hb_diet_dff_risk_t2","T2 Risk for increased discretionary food consumption","haven_labelled","Health Behaviour","Diet and Nutrition",71,"ok","high",TRUE,2,"t2","T2","hb_diet_dff_risk","hb_diet_dff_risk",TRUE
"h4l15","hb_diet_energy_small_t2","T2 Small can/bottle (less than 500mls)","haven_labelled","Health Behaviour","Diet and Nutrition",72,"ok","high",TRUE,2,"t2","T2","hb_diet_energy_small","hb_diet_energy_small",TRUE
"h4l15","hb_diet_dff_03_t2","T2 Snack foods, such as sweet and savoury biscuits, cakes, donuts or muesli bars","haven_labelled","Health Behaviour","Diet and Nutrition",73,"ok","high",TRUE,2,"t2","T2","hb_diet_dff_03","hb_diet_dff_03",TRUE
"h4l15","hb_diet_ssb_t2","T2 Soft drink, cordials or sports drinks (such as Coke, lemonade, Ribena or Gatorade). Do not include energy drinks.","haven_labelled","Health Behaviour","Diet and Nutrition",74,"ok","high",TRUE,2,"t2","T2","hb_diet_ssb","hb_diet_ssb",TRUE
"h4l15","hb_diet_dff_06_t2","T2 Takeaway meals or snacks from places like McDonald’s, Hungry Jack’s, Dominos, KFC, Red Rooster, Oporto, Pizza Hut or local takeaway food places","haven_labelled","Health Behaviour","Diet and Nutrition",75,"ok","high",TRUE,2,"t2","T2","hb_diet_dff_06","hb_diet_dff_06",TRUE
"h4l15","hb_diet_dietssb_t2","T2 ‘Diet’ soft drink or diet cordial, such as Diet Coke or Sprite or Coke Zero. Do not include energy drinks.","haven_labelled","Health Behaviour","Diet and Nutrition",76,"ok","high",TRUE,2,"t2","T2","hb_diet_dietssb","hb_diet_dietssb",TRUE
"h4l15","hb_diet_dff_risk_t3","T3 At risk for increased discretionary food consumption","haven_labelled","Health Behaviour","Diet and Nutrition",77,"ok","high",TRUE,3,"t3","T3","hb_diet_dff_risk","hb_diet_dff_risk",TRUE
"h4l15","hb_diet_energy_big_t3","T3 Big can/bottle (500mls or more)","haven_labelled","Health Behaviour","Diet and Nutrition",78,"ok","high",TRUE,3,"t3","T3","hb_diet_energy_big","hb_diet_energy_big",TRUE
"h4l15","hb_diet_dff_04_t3","T3 Confectionary, such as lollies or chocolate","haven_labelled","Health Behaviour","Diet and Nutrition",79,"ok","high",TRUE,3,"t3","T3","hb_diet_dff_04","hb_diet_dff_04",TRUE
"h4l15","hb_diet_breakfast_oth_t3","T3 Free text entry for Other Breakfast","character","Health Behaviour","Diet and Nutrition",80,"ok","high",TRUE,3,"t3","T3","hb_diet_breakfast_oth",NA,FALSE
"h4l15","hb_diet_juice_t3","T3 Fruit juice","haven_labelled","Health Behaviour","Diet and Nutrition",81,"ok","high",TRUE,3,"t3","T3","hb_diet_juice","hb_diet_juice",TRUE
"h4l15","hb_diet_dff_01_t3","T3 Hot chips, French fries, wedges or fried potatoes","haven_labelled","Health Behaviour","Diet and Nutrition",82,"ok","high",TRUE,3,"t3","T3","hb_diet_dff_01","hb_diet_dff_01",TRUE
"h4l15","hb_diet_dff_05_t3","T3 Ice cream or ice blocks","haven_labelled","Health Behaviour","Diet and Nutrition",83,"ok","high",TRUE,3,"t3","T3","hb_diet_dff_05","hb_diet_dff_05",TRUE
"h4l15","hb_diet_ssb_int_t3","T3 Intend to swap energy drinks, soft drinks, sports drinks or cordial for water on all or most days of the week?","haven_labelled","Health Behaviour","Diet and Nutrition",84,"ok","high",TRUE,3,"t3","T3","hb_diet_ssb_int","hb_diet_ssb_int",TRUE
"h4l15","hb_diet_fruit_serve_t3","T3 Looking at the above image for a guide on serving sizes, how many serves of fruit do you usually eat each day?","haven_labelled","Health Behaviour","Diet and Nutrition",85,"ok","high",TRUE,3,"t3","T3","hb_diet_fruit_serve","hb_diet_fruit_serve",TRUE
"h4l15","hb_diet_veg_serve_t3","T3 Looking at the above image for a guide on serving sizes, how many serves of vegetables do you usually eat each day?","haven_labelled","Health Behaviour","Diet and Nutrition",86,"ok","high",TRUE,3,"t3","T3","hb_diet_veg_serve","hb_diet_veg_serve",TRUE
"h4l15","hb_diet_breakfast_t3","T3 On school days, where do you usually eat breakfast?","haven_labelled","Health Behaviour","Diet and Nutrition",87,"ok","high",TRUE,3,"t3","T3","hb_diet_breakfast","hb_diet_breakfast",TRUE
"h4l15","hb_diet_water_t3","T3 Plain water (tap or bottled) ","haven_labelled","Health Behaviour","Diet and Nutrition",88,"ok","high",TRUE,3,"t3","T3","hb_diet_water","hb_diet_water",TRUE
"h4l15","hb_diet_dff_02_t3","T3 Potato crisps or other salty snacks (such as Twisties or corn chips)","haven_labelled","Health Behaviour","Diet and Nutrition",89,"ok","high",TRUE,3,"t3","T3","hb_diet_dff_02","hb_diet_dff_02",TRUE
"h4l15","hb_diet_energy_small_t3","T3 Small can/bottle (less than 500mls)","haven_labelled","Health Behaviour","Diet and Nutrition",90,"ok","high",TRUE,3,"t3","T3","hb_diet_energy_small","hb_diet_energy_small",TRUE
"h4l15","hb_diet_dff_03_t3","T3 Snack foods, such as sweet and savoury biscuits, cakes, donuts or muesli bars","haven_labelled","Health Behaviour","Diet and Nutrition",91,"ok","high",TRUE,3,"t3","T3","hb_diet_dff_03","hb_diet_dff_03",TRUE
"h4l15","hb_diet_ssb_t3","T3 Soft drink, cordials or sports drinks (such as Coke, lemonade, Ribena or Gatorade). Do not include energy drinks.","haven_labelled","Health Behaviour","Diet and Nutrition",92,"ok","high",TRUE,3,"t3","T3","hb_diet_ssb","hb_diet_ssb",TRUE
"h4l15","hb_diet_dff_06_t3","T3 Takeaway meals or snacks from places like McDonald’s, Hungry Jack’s, Dominos, KFC, Red Rooster, Oporto, Pizza Hut or local takeaway food places","haven_labelled","Health Behaviour","Diet and Nutrition",93,"ok","high",TRUE,3,"t3","T3","hb_diet_dff_06","hb_diet_dff_06",TRUE
"h4l15","hb_diet_dietssb_t3","T3 ‘Diet’ soft drink or diet cordial, such as Diet Coke or Sprite or Coke Zero. Do not include energy drinks.","haven_labelled","Health Behaviour","Diet and Nutrition",94,"ok","high",TRUE,3,"t3","T3","hb_diet_dietssb","hb_diet_dietssb",TRUE
"h4l15","hb_diet_dff_risk_t4","T4 At risk for increased discretionary food consumption","haven_labelled","Health Behaviour","Diet and Nutrition",95,"ok","high",TRUE,4,"t4","T4","hb_diet_dff_risk","hb_diet_dff_risk",TRUE
"h4l15","hb_diet_energy_big_t4","T4 Big can/bottle (500mls or more)","haven_labelled","Health Behaviour","Diet and Nutrition",96,"ok","high",TRUE,4,"t4","T4","hb_diet_energy_big","hb_diet_energy_big",TRUE
"h4l15","hb_diet_dff_04_t4","T4 Confectionary, such as lollies or chocolate","haven_labelled","Health Behaviour","Diet and Nutrition",97,"ok","high",TRUE,4,"t4","T4","hb_diet_dff_04","hb_diet_dff_04",TRUE
"h4l15","hb_diet_juice_t4","T4 Fruit juice","haven_labelled","Health Behaviour","Diet and Nutrition",98,"ok","high",TRUE,4,"t4","T4","hb_diet_juice","hb_diet_juice",TRUE
"h4l15","hb_diet_dff_01_t4","T4 Hot chips, French fries, wedges or fried potatoes","haven_labelled","Health Behaviour","Diet and Nutrition",99,"ok","high",TRUE,4,"t4","T4","hb_diet_dff_01","hb_diet_dff_01",TRUE
"h4l15","hb_diet_dff_05_t4","T4 Ice cream or ice blocks","haven_labelled","Health Behaviour","Diet and Nutrition",100,"ok","high",TRUE,4,"t4","T4","hb_diet_dff_05","hb_diet_dff_05",TRUE
"h4l15","hb_diet_ssb_int_t4","T4 Intend to swap energy drinks, soft drinks, sports drinks or cordial for water on all or most days of the week?","haven_labelled","Health Behaviour","Diet and Nutrition",101,"ok","high",TRUE,4,"t4","T4","hb_diet_ssb_int","hb_diet_ssb_int",TRUE
"h4l15","hb_diet_fruit_serve_t4","T4 Looking at the above image for a guide on serving sizes, how many serves of fruit do you usually eat each day?","haven_labelled","Health Behaviour","Diet and Nutrition",102,"ok","high",TRUE,4,"t4","T4","hb_diet_fruit_serve","hb_diet_fruit_serve",TRUE
"h4l15","hb_diet_veg_serve_t4","T4 Looking at the above image for a guide on serving sizes, how many serves of vegetables do you usually eat each day?","haven_labelled","Health Behaviour","Diet and Nutrition",103,"ok","high",TRUE,4,"t4","T4","hb_diet_veg_serve","hb_diet_veg_serve",TRUE
"h4l15","hb_diet_breakfast_t4","T4 On school days, where do you usually eat breakfast?","haven_labelled","Health Behaviour","Diet and Nutrition",104,"ok","high",TRUE,4,"t4","T4","hb_diet_breakfast","hb_diet_breakfast",TRUE
"h4l15","hb_diet_breakfast_oth_t4","T4 Other","character","Health Behaviour","Diet and Nutrition",105,"ok","high",TRUE,4,"t4","T4","hb_diet_breakfast_oth",NA,FALSE
"h4l15","hb_diet_water_t4","T4 Plain water (tap or bottled)","haven_labelled","Health Behaviour","Diet and Nutrition",106,"ok","high",TRUE,4,"t4","T4","hb_diet_water","hb_diet_water",TRUE
"h4l15","hb_diet_dff_02_t4","T4 Potato crisps or other salty snacks (such as Twisties or corn chips)","haven_labelled","Health Behaviour","Diet and Nutrition",107,"ok","high",TRUE,4,"t4","T4","hb_diet_dff_02","hb_diet_dff_02",TRUE
"h4l15","hb_diet_energy_small_t4","T4 Small can/bottle (less than 500mls)","haven_labelled","Health Behaviour","Diet and Nutrition",108,"ok","high",TRUE,4,"t4","T4","hb_diet_energy_small","hb_diet_energy_small",TRUE
"h4l15","hb_diet_dff_03_t4","T4 Snack foods, such as sweet and savoury biscuits, cakes, donuts or muesli bars","haven_labelled","Health Behaviour","Diet and Nutrition",109,"ok","high",TRUE,4,"t4","T4","hb_diet_dff_03","hb_diet_dff_03",TRUE
"h4l15","hb_diet_ssb_t4","T4 Soft drink, cordials or sports drinks (such as Coke, lemonade, Ribena or Gatorade). Do not include energy drinks.","haven_labelled","Health Behaviour","Diet and Nutrition",110,"ok","high",TRUE,4,"t4","T4","hb_diet_ssb","hb_diet_ssb",TRUE
"h4l15","hb_diet_dff_06_t4","T4 Takeaway meals or snacks from places like McDonald’s, Hungry Jack’s, Dominos, KFC, Red Rooster, Oporto, Pizza Hut or local takeaway food places","haven_labelled","Health Behaviour","Diet and Nutrition",111,"ok","high",TRUE,4,"t4","T4","hb_diet_dff_06","hb_diet_dff_06",TRUE
"h4l15","hb_diet_dietssb_t4","T4 ‘Diet’ soft drink or diet cordial, such as Diet Coke or Sprite or Coke Zero. Do not include energy drinks.","haven_labelled","Health Behaviour","Diet and Nutrition",112,"ok","high",TRUE,4,"t4","T4","hb_diet_dietssb","hb_diet_dietssb",TRUE
"h4l15","hb_diet_dff_risk_t5","T5 At risk for increased discretionary food consumption","haven_labelled","Health Behaviour","Diet and Nutrition",113,"ok","high",TRUE,5,"t5","T5","hb_diet_dff_risk","hb_diet_dff_risk",TRUE
"h4l15","hb_diet_dff_06_t5","Takeaway meals or snacks from places like McDonald’s, Hungry Jack’s, Dominos, KFC, Red Rooster, Oporto, Pizza Hut or local takeaway food places","haven_labelled","Health Behaviour","Diet and Nutrition",114,"ok","high",TRUE,5,"t5","T5","hb_diet_dff_06","hb_diet_dff_06",TRUE
"h4l15","hb_diet_dietssb_t5","‘Diet’ soft drink or diet cordial, such as Diet Coke or Sprite or Coke Zero. Do not include energy drinks.","haven_labelled","Health Behaviour","Diet and Nutrition",115,"ok","high",TRUE,5,"t5","T5","hb_diet_dietssb","hb_diet_dietssb",TRUE
"h4l15","hb_pa_indsport_t5","Have you participated in organised individual sports and/or physical activity (e.g. little athletics, martial arts, dance) on a regular basis (at least once a week for at least 1 school term or an entire sporting season) outside of school hours over th","haven_labelled","Health Behaviour","Physical Activity",116,"ok","high",TRUE,5,"t5","T5","hb_pa_indsport","hb_pa_indsport",TRUE
"h4l15","hb_pa_orgsport_t5","Have you participated in organised team sports and/or physical activity (e.g. basketball, football, netball) on a regular basis (at least once a week for at least 1 school term or an entire sporting season) outside of school hours over the past year?","haven_labelled","Health Behaviour","Physical Activity",117,"ok","high",TRUE,5,"t5","T5","hb_pa_orgsport","hb_pa_orgsport",TRUE
"h4l15","hb_pa_activetrans_mins_t5","How long in minutes was the active part of each trip (on average)? (mins)","numeric","Health Behaviour","Physical Activity",118,"ok","high",TRUE,5,"t5","T5","hb_pa_activetrans_mins",NA,FALSE
"h4l15","hb_pa_activetrans_freq_t5","How often, during the past 7 days, did you travel from place to place (not including to/from school) all or part of the way by walking, cycling or some other form of active transport?","haven_labelled","Health Behaviour","Physical Activity",119,"ok","high",TRUE,5,"t5","T5","hb_pa_activetrans_freq","hb_pa_activetrans_freq",TRUE
"h4l15","hb_pa_light_t5","In the last week, how many times have you walked continuously, for at least 10 minutes, for recreation, exercise or to get to or from places? (times)","numeric","Health Behaviour","Physical Activity",120,"ok","high",TRUE,5,"t5","T5","hb_pa_light",NA,FALSE
"h4l15","hb_pa_int_t5","Intend to be physically active on all or most days of the week?","haven_labelled","Health Behaviour","Physical Activity",121,"ok","high",TRUE,5,"t5","T5","hb_pa_int","hb_pa_int",TRUE
"h4l15","hb_pa_activetrans_t5","On how many of the past 5 school days did you travel to (or part of the way to) school by walking, cycling or some other form of active transport?","haven_labelled","Health Behaviour","Physical Activity",122,"ok","high",TRUE,5,"t5","T5","hb_pa_activetrans","hb_pa_activetrans",TRUE
"h4l15","hb_pa_mvpa_typ_t5","Over a typical or usual week, on how many days are you engaged in moderate to vigorous physical activity for a total of at least 60 mins per day?Physical activity can be accumulated over the entire day (e.g., in multiple different blocks of 10 minutes)","haven_labelled","Health Behaviour","Physical Activity",123,"ok","high",TRUE,5,"t5","T5","hb_pa_mvpa_typ","hb_pa_mvpa_typ",TRUE
"h4l15","hb_pa_mvpa_7_t5","Over the past 7 days, on how many days were you engaged in moderate to vigorous physical activity (activity that increases heart rate and gets you out of breath some of the time) for at least 60 minutes? Physical activity can be accumulated over the en","haven_labelled","Health Behaviour","Physical Activity",124,"ok","high",TRUE,5,"t5","T5","hb_pa_mvpa_7","hb_pa_mvpa_7",TRUE
"h4l15","hb_pa_indsport_t1","T1 Have you participated in organised individual sports and/or physical activity (e.g. little athletics, martial arts, dance) on a regular basis (at least once a week for at least 1 school term or an entire sporting season) outside of school hours over th","haven_labelled","Health Behaviour","Physical Activity",125,"ok","high",TRUE,1,"t1","T1","hb_pa_indsport","hb_pa_indsport",TRUE
"h4l15","hb_pa_orgsport_t1","T1 Have you participated in organised team sports and/or physical activity (e.g. basketball, football, netball) on a regular basis (at least once a week for at least 1 school term or an entire sporting season) outside of school hours over the past year?","haven_labelled","Health Behaviour","Physical Activity",126,"ok","high",TRUE,1,"t1","T1","hb_pa_orgsport","hb_pa_orgsport",TRUE
"h4l15","hb_pa_activetrans_mins_t1","T1 How long in minutes was the active part of each trip (on average)? (mins)","numeric","Health Behaviour","Physical Activity",127,"ok","high",TRUE,1,"t1","T1","hb_pa_activetrans_mins",NA,FALSE
"h4l15","hb_pa_activetrans_freq_t1","T1 How often, during the past 7 days, did you travel from place to place (not including to/from school) all or part of the way by walking, cycling or some other form of active transport?","haven_labelled","Health Behaviour","Physical Activity",128,"ok","high",TRUE,1,"t1","T1","hb_pa_activetrans_freq","hb_pa_activetrans_freq",TRUE
"h4l15","hb_pa_selfeff_02_t1","T1 I can still be physically active even when I’ve had a busy day.","haven_labelled","Health Behaviour","Physical Activity",129,"ok","high",TRUE,1,"t1","T1","hb_pa_selfeff_02","hb_pa_selfeff_02",TRUE
"h4l15","hb_pa_selfeff_05_t1","T1 I do not feel comfortable using local facilities to be physically active (e.g. the gym, beach, skate parks, bike paths).","haven_labelled","Health Behaviour","Physical Activity",130,"ok","high",TRUE,1,"t1","T1","hb_pa_selfeff_05","hb_pa_selfeff_05",TRUE
"h4l15","hb_pa_selfeff_04_t1","T1 I find it difficult to be physically active when I have no one to be active with.","haven_labelled","Health Behaviour","Physical Activity",131,"ok","high",TRUE,1,"t1","T1","hb_pa_selfeff_04","hb_pa_selfeff_04",TRUE
"h4l15","hb_pa_selfeff_03_t1","T1 I find it difficult to be physically active when the weather is bad, (e.g. too hot, too cold or raining).","haven_labelled","Health Behaviour","Physical Activity",132,"ok","high",TRUE,1,"t1","T1","hb_pa_selfeff_03","hb_pa_selfeff_03",TRUE
"h4l15","hb_pa_light_t1","T1 In the last week, how many times have you walked continuously, for at least 10 minutes, for recreation, exercise or to get to or from places? (times)","numeric","Health Behaviour","Physical Activity",133,"ok","high",TRUE,1,"t1","T1","hb_pa_light",NA,FALSE
"h4l15","hb_pa_int_t1","T1 Intend to be physically active on all or most days of the week?","haven_labelled","Health Behaviour","Physical Activity",134,"ok","high",TRUE,1,"t1","T1","hb_pa_int","hb_pa_int",TRUE
"h4l15","hb_pa_activetrans_t1","T1 On how many of the past 5 school days did you travel to (or part of the way to) school by walking, cycling or some other form of active transport?","haven_labelled","Health Behaviour","Physical Activity",135,"ok","high",TRUE,1,"t1","T1","hb_pa_activetrans","hb_pa_activetrans",TRUE
"h4l15","hb_pa_mvpa_typ_t1","T1 Over a typical or usual week, on how many days are you engaged in moderate to vigorous physical activity for a total of at least 60 mins per day?Physical activity can be accumulated over the entire day (e.g., in multiple different blocks of 10 minutes)","haven_labelled","Health Behaviour","Physical Activity",136,"ok","high",TRUE,1,"t1","T1","hb_pa_mvpa_typ","hb_pa_mvpa_typ",TRUE
"h4l15","hb_pa_mvpa_7_t1","T1 Over the past 7 days, on how many days were you engaged in moderate to vigorous physical activity (activity that increases heart rate and gets you out of breath some of the time) for at least 60 minutes? Physical activity can be accumulated over the en","haven_labelled","Health Behaviour","Physical Activity",137,"ok","high",TRUE,1,"t1","T1","hb_pa_mvpa_7","hb_pa_mvpa_7",TRUE
"h4l15","hb_pa_selfeff_01_t1","T1 When I’m physically active (e.g. during PE or school sport) I get embarrassed about my fitness or skill level.","haven_labelled","Health Behaviour","Physical Activity",138,"ok","high",TRUE,1,"t1","T1","hb_pa_selfeff_01","hb_pa_selfeff_01",TRUE
"h4l15","hb_pa_indsport_t2","T2 Have you participated in organised individual sports and/or physical activity (e.g. little athletics, martial arts, dance) on a regular basis (at least once a week for at least 1 school term or an entire sporting season) outside of school hours over th","haven_labelled","Health Behaviour","Physical Activity",139,"ok","high",TRUE,2,"t2","T2","hb_pa_indsport","hb_pa_indsport",TRUE
"h4l15","hb_pa_orgsport_t2","T2 Have you participated in organised team sports and/or physical activity (e.g. basketball, football, netball) on a regular basis (at least once a week for at least 1 school term or an entire sporting season) outside of school hours over the past year?","haven_labelled","Health Behaviour","Physical Activity",140,"ok","high",TRUE,2,"t2","T2","hb_pa_orgsport","hb_pa_orgsport",TRUE
"h4l15","hb_pa_activetrans_mins_t2","T2 How long in minutes was the active part of each trip (on average)? (mins)","numeric","Health Behaviour","Physical Activity",141,"ok","high",TRUE,2,"t2","T2","hb_pa_activetrans_mins",NA,FALSE
"h4l15","hb_pa_activetrans_freq_t2","T2 How often, during the past 7 days, did you travel from place to place (not including to/from school) all or part of the way by walking, cycling or some other form of active transport?","haven_labelled","Health Behaviour","Physical Activity",142,"ok","high",TRUE,2,"t2","T2","hb_pa_activetrans_freq","hb_pa_activetrans_freq",TRUE
"h4l15","hb_pa_selfeff_02_t2","T2 I can still be physically active even when I’ve had a busy day.","haven_labelled","Health Behaviour","Physical Activity",143,"ok","high",TRUE,2,"t2","T2","hb_pa_selfeff_02","hb_pa_selfeff_02",TRUE
"h4l15","hb_pa_selfeff_05_t2","T2 I do not feel comfortable using local facilities to be physically active (e.g. the gym, beach, skate parks, bike paths).","haven_labelled","Health Behaviour","Physical Activity",144,"ok","high",TRUE,2,"t2","T2","hb_pa_selfeff_05","hb_pa_selfeff_05",TRUE
"h4l15","hb_pa_selfeff_04_t2","T2 I find it difficult to be physically active when I have no one to be active with.","haven_labelled","Health Behaviour","Physical Activity",145,"ok","high",TRUE,2,"t2","T2","hb_pa_selfeff_04","hb_pa_selfeff_04",TRUE
"h4l15","hb_pa_selfeff_03_t2","T2 I find it difficult to be physically active when the weather is bad, (e.g. too hot, too cold or raining).","haven_labelled","Health Behaviour","Physical Activity",146,"ok","high",TRUE,2,"t2","T2","hb_pa_selfeff_03","hb_pa_selfeff_03",TRUE
"h4l15","hb_pa_light_t2","T2 In the last week, how many times have you walked continuously, for at least 10 minutes, for recreation, exercise or to get to or from places? (times)","numeric","Health Behaviour","Physical Activity",147,"ok","high",TRUE,2,"t2","T2","hb_pa_light",NA,FALSE
"h4l15","hb_pa_int_t2","T2 Intend to be physically active on all or most days of the week?","haven_labelled","Health Behaviour","Physical Activity",148,"ok","high",TRUE,2,"t2","T2","hb_pa_int","hb_pa_int",TRUE
"h4l15","hb_pa_activetrans_t2","T2 On how many of the past 5 school days did you travel to (or part of the way to) school by walking, cycling or some other form of active transport?","haven_labelled","Health Behaviour","Physical Activity",149,"ok","high",TRUE,2,"t2","T2","hb_pa_activetrans","hb_pa_activetrans",TRUE
"h4l15","hb_pa_mvpa_typ_t2","T2 Over a typical or usual week, on how many days are you engaged in moderate to vigorous physical activity for a total of at least 60 mins per day?Physical activity can be accumulated over the entire day (e.g., in multiple different blocks of 10 minutes)","haven_labelled","Health Behaviour","Physical Activity",150,"ok","high",TRUE,2,"t2","T2","hb_pa_mvpa_typ","hb_pa_mvpa_typ",TRUE
"h4l15","hb_pa_mvpa_7_t2","T2 Over the past 7 days, on how many days were you engaged in moderate to vigorous physical activity (activity that increases heart rate and gets you out of breath some of the time) for at least 60 minutes? Physical activity can be accumulated over the en","haven_labelled","Health Behaviour","Physical Activity",151,"ok","high",TRUE,2,"t2","T2","hb_pa_mvpa_7","hb_pa_mvpa_7",TRUE
"h4l15","hb_pa_selfeff_01_t2","T2 When I’m physically active (e.g. during PE or school sport) I get embarrassed about my fitness or skill level.","haven_labelled","Health Behaviour","Physical Activity",152,"ok","high",TRUE,2,"t2","T2","hb_pa_selfeff_01","hb_pa_selfeff_01",TRUE
"h4l15","hb_pa_indsport_t3","T3 Have you participated in organised individual sports and/or physical activity (e.g. little athletics, martial arts, dance) on a regular basis (at least once a week for at least 1 school term or an entire sporting season) outside of school hours over th","haven_labelled","Health Behaviour","Physical Activity",153,"ok","high",TRUE,3,"t3","T3","hb_pa_indsport","hb_pa_indsport",TRUE
"h4l15","hb_pa_orgsport_t3","T3 Have you participated in organised team sports and/or physical activity (e.g. basketball, football, netball) on a regular basis (at least once a week for at least 1 school term or an entire sporting season) outside of school hours over the past year?","haven_labelled","Health Behaviour","Physical Activity",154,"ok","high",TRUE,3,"t3","T3","hb_pa_orgsport","hb_pa_orgsport",TRUE
"h4l15","hb_pa_light_t3","T3 In the last week, how many times have you walked continuously, for at least 10 minutes, for recreation, exercise or to get to or from places? (times)","numeric","Health Behaviour","Physical Activity",155,"ok","high",TRUE,3,"t3","T3","hb_pa_light",NA,FALSE
"h4l15","hb_pa_int_t3","T3 Intend to be physically active on all or most days of the week?","haven_labelled","Health Behaviour","Physical Activity",156,"ok","high",TRUE,3,"t3","T3","hb_pa_int","hb_pa_int",TRUE
"h4l15","hb_pa_mvpa_typ_t3","T3 Over a typical or usual week, on how many days are you engaged in moderate to vigorous physical activity for a total of at least 60 mins per day?Physical activity can be accumulated over the entire day (e.g., in multiple different blocks of 10 minutes)","haven_labelled","Health Behaviour","Physical Activity",157,"ok","high",TRUE,3,"t3","T3","hb_pa_mvpa_typ","hb_pa_mvpa_typ",TRUE
"h4l15","hb_pa_mvpa_7_t3","T3 Over the past 7 days, on how many days were you engaged in moderate to vigorous physical activity (activity that increases heart rate and gets you out of breath some of the time) for at least 60 minutes? Physical activity can be accumulated over the en","haven_labelled","Health Behaviour","Physical Activity",158,"ok","high",TRUE,3,"t3","T3","hb_pa_mvpa_7","hb_pa_mvpa_7",TRUE
"h4l15","hb_pa_indsport_t4","T4 Have you participated in organised individual sports and/or physical activity (e.g. little athletics, martial arts, dance) on a regular basis (at least once a week for at least 1 school term or an entire sporting season) outside of school hours over th","haven_labelled","Health Behaviour","Physical Activity",159,"ok","high",TRUE,4,"t4","T4","hb_pa_indsport","hb_pa_indsport",TRUE
"h4l15","hb_pa_orgsport_t4","T4 Have you participated in organised team sports and/or physical activity (e.g. basketball, football, netball) on a regular basis (at least once a week for at least 1 school term or an entire sporting season) outside of school hours over the past year?","haven_labelled","Health Behaviour","Physical Activity",160,"ok","high",TRUE,4,"t4","T4","hb_pa_orgsport","hb_pa_orgsport",TRUE
"h4l15","hb_pa_light_t4","T4 In the last week, how many times have you walked continuously, for at least 10 minutes, for recreation, exercise or to get to or from places? (times)","numeric","Health Behaviour","Physical Activity",161,"ok","high",TRUE,4,"t4","T4","hb_pa_light",NA,FALSE
"h4l15","hb_pa_int_t4","T4 Intend to be physically active on all or most days of the week?","haven_labelled","Health Behaviour","Physical Activity",162,"ok","high",TRUE,4,"t4","T4","hb_pa_int","hb_pa_int",TRUE
"h4l15","hb_pa_mvpa_typ_t4","T4 Over a typical or usual week, on how many days are you engaged in moderate to vigorous physical activity for a total of at least 60 mins per day?Physical activity can be accumulated over the entire day (e.g., in multiple different blocks of 10 minutes)","haven_labelled","Health Behaviour","Physical Activity",163,"ok","high",TRUE,4,"t4","T4","hb_pa_mvpa_typ","hb_pa_mvpa_typ",TRUE
"h4l15","hb_pa_mvpa_7_t4","T4 Over the past 7 days, on how many days were you engaged in moderate to vigorous physical activity (activity that increases heart rate and gets you out of breath some of the time) for at least 60 minutes? Physical activity can be accumulated over the en","haven_labelled","Health Behaviour","Physical Activity",164,"ok","high",TRUE,4,"t4","T4","hb_pa_mvpa_7","hb_pa_mvpa_7",TRUE
"h4l15","hb_app_hlt_t5","Do you use any smartphone apps or websites that help you track or manage your health?","haven_labelled","Health Behaviour","Screen Time",165,"ok","high",TRUE,5,"t5","T5","hb_app_hlt","hb_app_hlt",TRUE
"h4l15","hb_app_hlt_freq_t5","How frequently do you use these apps or websites to help you track or manage your health?","haven_labelled","Health Behaviour","Screen Time",166,"ok","high",TRUE,5,"t5","T5","hb_app_hlt_freq","hb_app_hlt_freq",TRUE
"h4l15","hb_app_hlt_useful_t5","How useful do you find these apps or websites?","haven_labelled","Health Behaviour","Screen Time",167,"ok","high",TRUE,5,"t5","T5","hb_app_hlt_useful","hb_app_hlt_useful",TRUE
"h4l15","hb_sb_int_t5","Intend to reduce my screen time on all or most days of the week?","haven_labelled","Health Behaviour","Screen Time",168,"ok","high",TRUE,5,"t5","T5","hb_sb_int","hb_sb_int",TRUE
"h4l15","hb_isaq_02_weekday_t5","On a typical weekday","character","Health Behaviour","Screen Time",169,"ok","high",TRUE,5,"t5","T5","hb_isaq_02_weekday",NA,FALSE
"h4l15","hb_isaq_03_weekday_t5","On a typical weekday","character","Health Behaviour","Screen Time",170,"ok","high",TRUE,5,"t5","T5","hb_isaq_03_weekday",NA,FALSE
"h4l15","hb_isaq_04_weekday_t5","On a typical weekday","character","Health Behaviour","Screen Time",171,"ok","high",TRUE,5,"t5","T5","hb_isaq_04_weekday",NA,FALSE
"h4l15","hb_isaq_05_weekday_t5","On a typical weekday","character","Health Behaviour","Screen Time",172,"ok","high",TRUE,5,"t5","T5","hb_isaq_05_weekday",NA,FALSE
"h4l15","hb_isaq_01_weekend_t5","On a typical weekend day","character","Health Behaviour","Screen Time",173,"ok","high",TRUE,5,"t5","T5","hb_isaq_01_weekend",NA,FALSE
"h4l15","hb_isaq_02_weekend_t5","On a typical weekend day","character","Health Behaviour","Screen Time",174,"ok","high",TRUE,5,"t5","T5","hb_isaq_02_weekend",NA,FALSE
"h4l15","hb_isaq_03_weekend_t5","On a typical weekend day","character","Health Behaviour","Screen Time",175,"ok","high",TRUE,5,"t5","T5","hb_isaq_03_weekend",NA,FALSE
"h4l15","hb_isaq_04_weekend_t5","On a typical weekend day","character","Health Behaviour","Screen Time",176,"ok","high",TRUE,5,"t5","T5","hb_isaq_04_weekend",NA,FALSE
"h4l15","hb_isaq_05_weekend_t5","On a typical weekend day","character","Health Behaviour","Screen Time",177,"ok","high",TRUE,5,"t5","T5","hb_isaq_05_weekend",NA,FALSE
"h4l15","hb_isaq_01_weekday_t5","Sitting, reclining or lying down while watching television or videos during your free time? (Count time spent watching television, DVDs, Netflix, and online videos)","character","Health Behaviour","Screen Time",178,"ok","high",TRUE,5,"t5","T5","hb_isaq_01_weekday",NA,FALSE
"h4l15","hb_sb_ed_min_avg_t1","T1 Average number of minutes spent on electronic devices each day over a typical week","numeric","Health Behaviour","Screen Time",179,"ok","high",TRUE,1,"t1","T1","hb_sb_ed_min_avg",NA,FALSE
"h4l15","hb_sb_tv_min_avg_t1","T1 Average number of minutes spent watching TV each day over a typical week","numeric","Health Behaviour","Screen Time",180,"ok","high",TRUE,1,"t1","T1","hb_sb_tv_min_avg",NA,FALSE
"h4l15","hb_sb_total_min_t1","T1 Combined average number of minutes spent on TV and electronic devices each day over a typical week","numeric","Health Behaviour","Screen Time",181,"ok","high",TRUE,1,"t1","T1","hb_sb_total_min",NA,FALSE
"h4l15","hb_phone_own_t1","T1 Do you own a smartphone?","haven_labelled","Health Behaviour","Screen Time",182,"ok","high",TRUE,1,"t1","T1","hb_phone_own","hb_phone_own",TRUE
"h4l15","hb_app_hlt_t1","T1 Do you use any smartphone apps or websites that help you track or manage your health?","haven_labelled","Health Behaviour","Screen Time",183,"ok","high",TRUE,1,"t1","T1","hb_app_hlt","hb_app_hlt",TRUE
"h4l15","hb_app_hlt_freq_t1","T1 How frequently do you use these apps or websites to help you track or manage your health?","haven_labelled","Health Behaviour","Screen Time",184,"ok","high",TRUE,1,"t1","T1","hb_app_hlt_freq","hb_app_hlt_freq",TRUE
"h4l15","hb_app_hlt_useful_t1","T1 How useful do you find these apps or websites?","haven_labelled","Health Behaviour","Screen Time",185,"ok","high",TRUE,1,"t1","T1","hb_app_hlt_useful","hb_app_hlt_useful",TRUE
"h4l15","hb_sb_int_t1","T1 Intend to reduce my screen time on all or most days of the week?","haven_labelled","Health Behaviour","Screen Time",186,"ok","high",TRUE,1,"t1","T1","hb_sb_int","hb_sb_int",TRUE
"h4l15","hb_isaq_02_weekday_t1","T1 On a typical weekday","character","Health Behaviour","Screen Time",187,"ok","high",TRUE,1,"t1","T1","hb_isaq_02_weekday",NA,FALSE
"h4l15","hb_isaq_03_weekday_t1","T1 On a typical weekday","character","Health Behaviour","Screen Time",188,"ok","high",TRUE,1,"t1","T1","hb_isaq_03_weekday",NA,FALSE
"h4l15","hb_isaq_04_weekday_t1","T1 On a typical weekday","character","Health Behaviour","Screen Time",189,"ok","high",TRUE,1,"t1","T1","hb_isaq_04_weekday",NA,FALSE
"h4l15","hb_isaq_05_weekday_t1","T1 On a typical weekday","character","Health Behaviour","Screen Time",190,"ok","high",TRUE,1,"t1","T1","hb_isaq_05_weekday",NA,FALSE
"h4l15","hb_isaq_01_weekend_t1","T1 On a typical weekend day","character","Health Behaviour","Screen Time",191,"ok","high",TRUE,1,"t1","T1","hb_isaq_01_weekend",NA,FALSE
"h4l15","hb_isaq_02_weekend_t1","T1 On a typical weekend day","character","Health Behaviour","Screen Time",192,"ok","high",TRUE,1,"t1","T1","hb_isaq_02_weekend",NA,FALSE
"h4l15","hb_isaq_03_weekend_t1","T1 On a typical weekend day","character","Health Behaviour","Screen Time",193,"ok","high",TRUE,1,"t1","T1","hb_isaq_03_weekend",NA,FALSE
"h4l15","hb_isaq_04_weekend_t1","T1 On a typical weekend day","character","Health Behaviour","Screen Time",194,"ok","high",TRUE,1,"t1","T1","hb_isaq_04_weekend",NA,FALSE
"h4l15","hb_isaq_05_weekend_t1","T1 On a typical weekend day","character","Health Behaviour","Screen Time",195,"ok","high",TRUE,1,"t1","T1","hb_isaq_05_weekend",NA,FALSE
"h4l15","hb_isaq_01_weekday_t1","T1 Sitting, reclining or lying down while watching television or videos during your free time? (Count time spent watching television, DVDs, Netflix, and online videos)","character","Health Behaviour","Screen Time",196,"ok","high",TRUE,1,"t1","T1","hb_isaq_01_weekday",NA,FALSE
"h4l15","hb_phone_beforebed_school_clean_t1","T1 Time last used the phone on the weekday evening with plausible values","numeric","Health Behaviour","Screen Time",197,"ok","high",TRUE,1,"t1","T1","hb_phone_beforebed_school_clean",NA,FALSE
"h4l15","hb_phone_beforebed_we_clean_t1","T1 Time last used the phone on the weekend evening with plausible values","numeric","Health Behaviour","Screen Time",198,"ok","high",TRUE,1,"t1","T1","hb_phone_beforebed_we_clean",NA,FALSE
"h4l15","hb_apps_stoptime_school_t1","T1 Time stop using apps School nights (Sun-Thurs)","character","Health Behaviour","Screen Time",199,"ok","high",TRUE,1,"t1","T1","hb_apps_stoptime_school",NA,FALSE
"h4l15","hb_apps_stoptime_we_t1","T1 Time stop using apps Weekend nights (Fri-Sat)","character","Health Behaviour","Screen Time",200,"ok","high",TRUE,1,"t1","T1","hb_apps_stoptime_we",NA,FALSE
"h4l15","hb_phone_beforebed_school_t1","T1 Time stop using phone before bed School nights (Sun-Thurs)?","character","Health Behaviour","Screen Time",201,"ok","high",TRUE,1,"t1","T1","hb_phone_beforebed_school",NA,FALSE
"h4l15","hb_phone_beforebed_we_t1","T1 Time stop using phone before bed Weekend nights (Fri-Sat)?","character","Health Behaviour","Screen Time",202,"ok","high",TRUE,1,"t1","T1","hb_phone_beforebed_we",NA,FALSE
"h4l15","hb_sb_ed_min_we_t1","T1 Total number of minutes spent on electronic devices on a typical weekend day","numeric","Health Behaviour","Screen Time",203,"ok","high",TRUE,1,"t1","T1","hb_sb_ed_min_we",NA,FALSE
"h4l15","hb_sb_ed_min_t1","T1 Total number of minutes spent on eletronic devices on a typical weekday","numeric","Health Behaviour","Screen Time",204,"ok","high",TRUE,1,"t1","T1","hb_sb_ed_min",NA,FALSE
"h4l15","hb_sb_tv_min_t1","T1 Total number of minutes spent watching TV on typical weekday","numeric","Health Behaviour","Screen Time",205,"ok","high",TRUE,1,"t1","T1","hb_sb_tv_min",NA,FALSE
"h4l15","hb_sb_tv_min_we_t1","T1 Total number of minutes spent watching TV on typical weekend day","numeric","Health Behaviour","Screen Time",206,"ok","high",TRUE,1,"t1","T1","hb_sb_tv_min_we",NA,FALSE
"h4l15","hb_sb_ed_min_avg_t2","T2 Average number of minutes spent on electronic devices each day over a typical week","numeric","Health Behaviour","Screen Time",207,"ok","high",TRUE,2,"t2","T2","hb_sb_ed_min_avg",NA,FALSE
"h4l15","hb_sb_tv_min_avg_t2","T2 Average number of minutes spent watching TV each day over a typical week","numeric","Health Behaviour","Screen Time",208,"ok","high",TRUE,2,"t2","T2","hb_sb_tv_min_avg",NA,FALSE
"h4l15","hb_sb_total_min_t2","T2 Combined average number of minutes spent on TV and electronic devices each day over a typical week","numeric","Health Behaviour","Screen Time",209,"ok","high",TRUE,2,"t2","T2","hb_sb_total_min",NA,FALSE
"h4l15","hb_phone_own_t2","T2 Do you own a smartphone?","haven_labelled","Health Behaviour","Screen Time",210,"ok","high",TRUE,2,"t2","T2","hb_phone_own","hb_phone_own",TRUE
"h4l15","hb_app_hlt_t2","T2 Do you use any smartphone apps or websites that help you track or manage your health?","haven_labelled","Health Behaviour","Screen Time",211,"ok","high",TRUE,2,"t2","T2","hb_app_hlt","hb_app_hlt",TRUE
"h4l15","hb_app_hlt_freq_t2","T2 How frequently do you use these apps or websites to help you track or manage your health?","haven_labelled","Health Behaviour","Screen Time",212,"ok","high",TRUE,2,"t2","T2","hb_app_hlt_freq","hb_app_hlt_freq",TRUE
"h4l15","hb_app_hlt_useful_t2","T2 How useful do you find these apps or websites?","haven_labelled","Health Behaviour","Screen Time",213,"ok","high",TRUE,2,"t2","T2","hb_app_hlt_useful","hb_app_hlt_useful",TRUE
"h4l15","hb_sb_int_t2","T2 Intend to reduce my screen time on all or most days of the week?","haven_labelled","Health Behaviour","Screen Time",214,"ok","high",TRUE,2,"t2","T2","hb_sb_int","hb_sb_int",TRUE
"h4l15","hb_isaq_02_weekday_t2","T2 On a typical weekday","character","Health Behaviour","Screen Time",215,"ok","high",TRUE,2,"t2","T2","hb_isaq_02_weekday",NA,FALSE
"h4l15","hb_isaq_03_weekday_t2","T2 On a typical weekday","character","Health Behaviour","Screen Time",216,"ok","high",TRUE,2,"t2","T2","hb_isaq_03_weekday",NA,FALSE
"h4l15","hb_isaq_04_weekday_t2","T2 On a typical weekday","character","Health Behaviour","Screen Time",217,"ok","high",TRUE,2,"t2","T2","hb_isaq_04_weekday",NA,FALSE
"h4l15","hb_isaq_05_weekday_t2","T2 On a typical weekday","character","Health Behaviour","Screen Time",218,"ok","high",TRUE,2,"t2","T2","hb_isaq_05_weekday",NA,FALSE
"h4l15","hb_isaq_01_weekend_t2","T2 On a typical weekend day","character","Health Behaviour","Screen Time",219,"ok","high",TRUE,2,"t2","T2","hb_isaq_01_weekend",NA,FALSE
"h4l15","hb_isaq_02_weekend_t2","T2 On a typical weekend day","character","Health Behaviour","Screen Time",220,"ok","high",TRUE,2,"t2","T2","hb_isaq_02_weekend",NA,FALSE
"h4l15","hb_isaq_03_weekend_t2","T2 On a typical weekend day","character","Health Behaviour","Screen Time",221,"ok","high",TRUE,2,"t2","T2","hb_isaq_03_weekend",NA,FALSE
"h4l15","hb_isaq_04_weekend_t2","T2 On a typical weekend day","character","Health Behaviour","Screen Time",222,"ok","high",TRUE,2,"t2","T2","hb_isaq_04_weekend",NA,FALSE
"h4l15","hb_isaq_05_weekend_t2","T2 On a typical weekend day","character","Health Behaviour","Screen Time",223,"ok","high",TRUE,2,"t2","T2","hb_isaq_05_weekend",NA,FALSE
"h4l15","hb_isaq_01_weekday_t2","T2 Sitting, reclining or lying down while watching television or videos during your free time? (Count time spent watching television, DVDs, Netflix, and online videos)","character","Health Behaviour","Screen Time",224,"ok","high",TRUE,2,"t2","T2","hb_isaq_01_weekday",NA,FALSE
"h4l15","hb_phone_beforebed_school_clean_t2","T2 Time last used the phone on the weekday evening with plausible values","numeric","Health Behaviour","Screen Time",225,"ok","high",TRUE,2,"t2","T2","hb_phone_beforebed_school_clean",NA,FALSE
"h4l15","hb_phone_beforebed_we_clean_t2","T2 Time lat used the phone on the weekend evening with plausible values","numeric","Health Behaviour","Screen Time",226,"ok","high",TRUE,2,"t2","T2","hb_phone_beforebed_we_clean",NA,FALSE
"h4l15","hb_apps_stoptime_school_t2","T2 Time stop using apps School nights (Sun-Thurs)","character","Health Behaviour","Screen Time",227,"ok","high",TRUE,2,"t2","T2","hb_apps_stoptime_school",NA,FALSE
"h4l15","hb_apps_stoptime_we_t2","T2 Time stop using apps Weekend nights (Fri-Sat)","character","Health Behaviour","Screen Time",228,"ok","high",TRUE,2,"t2","T2","hb_apps_stoptime_we",NA,FALSE
"h4l15","hb_phone_beforebed_school_t2","T2 Time stop using phone before bed School nights (Sun-Thurs)?","character","Health Behaviour","Screen Time",229,"ok","high",TRUE,2,"t2","T2","hb_phone_beforebed_school",NA,FALSE
"h4l15","hb_phone_beforebed_we_t2","T2 Time stop using phone before bed Weekend nights (Fri-Sat)?","character","Health Behaviour","Screen Time",230,"ok","high",TRUE,2,"t2","T2","hb_phone_beforebed_we",NA,FALSE
"h4l15","hb_sb_ed_min_we_t2","T2 Total number of minutes spent on electronic devices on a typical weekend day","numeric","Health Behaviour","Screen Time",231,"ok","high",TRUE,2,"t2","T2","hb_sb_ed_min_we",NA,FALSE
"h4l15","hb_sb_ed_min_t2","T2 Total number of minutes spent on eletronic devices on a typical weekday","numeric","Health Behaviour","Screen Time",232,"ok","high",TRUE,2,"t2","T2","hb_sb_ed_min",NA,FALSE
"h4l15","hb_sb_tv_min_t2","T2 Total number of minutes spent watching TV on typical weekday","numeric","Health Behaviour","Screen Time",233,"ok","high",TRUE,2,"t2","T2","hb_sb_tv_min",NA,FALSE
"h4l15","hb_sb_tv_min_we_t2","T2 Total number of minutes spent watching TV on typical weekend day","numeric","Health Behaviour","Screen Time",234,"ok","high",TRUE,2,"t2","T2","hb_sb_tv_min_we",NA,FALSE
"h4l15","hb_sb_ed_min_avg_t3","T3 Average number of minutes spent on electronic devices each day over a typical week","numeric","Health Behaviour","Screen Time",235,"ok","high",TRUE,3,"t3","T3","hb_sb_ed_min_avg",NA,FALSE
"h4l15","hb_sb_tv_min_avg_t3","T3 Average number of minutes spent watching TV each day over a typical week","numeric","Health Behaviour","Screen Time",236,"ok","high",TRUE,3,"t3","T3","hb_sb_tv_min_avg",NA,FALSE
"h4l15","hb_sb_total_min_t3","T3 Combined average number of minutes spent on TV and electronic devices each day over a typical week","numeric","Health Behaviour","Screen Time",237,"ok","high",TRUE,3,"t3","T3","hb_sb_total_min",NA,FALSE
"h4l15","hb_phone_own_t3","T3 Do you own a smartphone?","haven_labelled","Health Behaviour","Screen Time",238,"ok","high",TRUE,3,"t3","T3","hb_phone_own","hb_phone_own",TRUE
"h4l15","hb_sb_int_t3","T3 Intend to reduce my screen time on all or most days of the week?","haven_labelled","Health Behaviour","Screen Time",239,"ok","high",TRUE,3,"t3","T3","hb_sb_int","hb_sb_int",TRUE
"h4l15","hb_isaq_02_weekday_t3","T3 On a typical weekday","character","Health Behaviour","Screen Time",240,"ok","high",TRUE,3,"t3","T3","hb_isaq_02_weekday",NA,FALSE
"h4l15","hb_isaq_03_weekday_t3","T3 On a typical weekday","character","Health Behaviour","Screen Time",241,"ok","high",TRUE,3,"t3","T3","hb_isaq_03_weekday",NA,FALSE
"h4l15","hb_isaq_04_weekday_t3","T3 On a typical weekday","character","Health Behaviour","Screen Time",242,"ok","high",TRUE,3,"t3","T3","hb_isaq_04_weekday",NA,FALSE
"h4l15","hb_isaq_05_weekday_t3","T3 On a typical weekday","character","Health Behaviour","Screen Time",243,"ok","high",TRUE,3,"t3","T3","hb_isaq_05_weekday",NA,FALSE
"h4l15","hb_isaq_01_weekend_t3","T3 On a typical weekend day","character","Health Behaviour","Screen Time",244,"ok","high",TRUE,3,"t3","T3","hb_isaq_01_weekend",NA,FALSE
"h4l15","hb_isaq_02_weekend_t3","T3 On a typical weekend day","character","Health Behaviour","Screen Time",245,"ok","high",TRUE,3,"t3","T3","hb_isaq_02_weekend",NA,FALSE
"h4l15","hb_isaq_03_weekend_t3","T3 On a typical weekend day","character","Health Behaviour","Screen Time",246,"ok","high",TRUE,3,"t3","T3","hb_isaq_03_weekend",NA,FALSE
"h4l15","hb_isaq_04_weekend_t3","T3 On a typical weekend day","character","Health Behaviour","Screen Time",247,"ok","high",TRUE,3,"t3","T3","hb_isaq_04_weekend",NA,FALSE
"h4l15","hb_isaq_05_weekend_t3","T3 On a typical weekend day","character","Health Behaviour","Screen Time",248,"ok","high",TRUE,3,"t3","T3","hb_isaq_05_weekend",NA,FALSE
"h4l15","hb_isaq_01_weekday_t3","T3 Sitting, reclining or lying down while watching television or videos during your free time? (Count time spent watching television, DVDs, Netflix, and online videos)","character","Health Behaviour","Screen Time",249,"ok","high",TRUE,3,"t3","T3","hb_isaq_01_weekday",NA,FALSE
"h4l15","hb_phone_beforebed_school_clean_t3","T3 Time last used the phone on the weekday evening with plausible values","numeric","Health Behaviour","Screen Time",250,"ok","high",TRUE,3,"t3","T3","hb_phone_beforebed_school_clean",NA,FALSE
"h4l15","hb_phone_beforebed_we_clean_t3","T3 Time lat used the phone on the weekend evening with plausible values","numeric","Health Behaviour","Screen Time",251,"ok","high",TRUE,3,"t3","T3","hb_phone_beforebed_we_clean",NA,FALSE
"h4l15","hb_phone_beforebed_school_t3","T3 Time stop using phone before bed School nights (Sun-Thurs)?","character","Health Behaviour","Screen Time",252,"ok","high",TRUE,3,"t3","T3","hb_phone_beforebed_school",NA,FALSE
"h4l15","hb_phone_beforebed_we_t3","T3 Time stop using phone before bed Weekend nights (Fri-Sat)?","character","Health Behaviour","Screen Time",253,"ok","high",TRUE,3,"t3","T3","hb_phone_beforebed_we",NA,FALSE
"h4l15","hb_sb_ed_min_we_t3","T3 Total number of minutes spent on electronic devices on a typical weekend day","numeric","Health Behaviour","Screen Time",254,"ok","high",TRUE,3,"t3","T3","hb_sb_ed_min_we",NA,FALSE
"h4l15","hb_sb_ed_min_t3","T3 Total number of minutes spent on eletronic devices on a typical weekday","numeric","Health Behaviour","Screen Time",255,"ok","high",TRUE,3,"t3","T3","hb_sb_ed_min",NA,FALSE
"h4l15","hb_sb_tv_min_t3","T3 Total number of minutes spent watching TV on typical weekday","numeric","Health Behaviour","Screen Time",256,"ok","high",TRUE,3,"t3","T3","hb_sb_tv_min",NA,FALSE
"h4l15","hb_sb_tv_min_we_t3","T3 Total number of minutes spent watching TV on typical weekend day","numeric","Health Behaviour","Screen Time",257,"ok","high",TRUE,3,"t3","T3","hb_sb_tv_min_we",NA,FALSE
"h4l15","hb_sb_ed_min_avg_t4","T4 Average number of minutes spent on electronic devices each day over a typical week","numeric","Health Behaviour","Screen Time",258,"ok","high",TRUE,4,"t4","T4","hb_sb_ed_min_avg",NA,FALSE
"h4l15","hb_sb_tv_min_avg_t4","T4 Average number of minutes spent watching TV each day over a typical week","numeric","Health Behaviour","Screen Time",259,"ok","high",TRUE,4,"t4","T4","hb_sb_tv_min_avg",NA,FALSE
"h4l15","hb_sb_total_min_t4","T4 Combined average number of minutes spent on TV and electronic devices each day over a typical week","numeric","Health Behaviour","Screen Time",260,"ok","high",TRUE,4,"t4","T4","hb_sb_total_min",NA,FALSE
"h4l15","hb_sb_int_t4","T4 Intend to reduce my screen time on all or most days of the week?","haven_labelled","Health Behaviour","Screen Time",261,"ok","high",TRUE,4,"t4","T4","hb_sb_int","hb_sb_int",TRUE
"h4l15","hb_isaq_02_weekday_t4","T4 On a typical weekday","character","Health Behaviour","Screen Time",262,"ok","high",TRUE,4,"t4","T4","hb_isaq_02_weekday",NA,FALSE
"h4l15","hb_isaq_03_weekday_t4","T4 On a typical weekday","character","Health Behaviour","Screen Time",263,"ok","high",TRUE,4,"t4","T4","hb_isaq_03_weekday",NA,FALSE
"h4l15","hb_isaq_04_weekday_t4","T4 On a typical weekday","character","Health Behaviour","Screen Time",264,"ok","high",TRUE,4,"t4","T4","hb_isaq_04_weekday",NA,FALSE
"h4l15","hb_isaq_05_weekday_t4","T4 On a typical weekday","character","Health Behaviour","Screen Time",265,"ok","high",TRUE,4,"t4","T4","hb_isaq_05_weekday",NA,FALSE
"h4l15","hb_isaq_01_weekend_t4","T4 On a typical weekend day","character","Health Behaviour","Screen Time",266,"ok","high",TRUE,4,"t4","T4","hb_isaq_01_weekend",NA,FALSE
"h4l15","hb_isaq_02_weekend_t4","T4 On a typical weekend day","character","Health Behaviour","Screen Time",267,"ok","high",TRUE,4,"t4","T4","hb_isaq_02_weekend",NA,FALSE
"h4l15","hb_isaq_03_weekend_t4","T4 On a typical weekend day","character","Health Behaviour","Screen Time",268,"ok","high",TRUE,4,"t4","T4","hb_isaq_03_weekend",NA,FALSE
"h4l15","hb_isaq_04_weekend_t4","T4 On a typical weekend day","character","Health Behaviour","Screen Time",269,"ok","high",TRUE,4,"t4","T4","hb_isaq_04_weekend",NA,FALSE
"h4l15","hb_isaq_05_weekend_t4","T4 On a typical weekend day","character","Health Behaviour","Screen Time",270,"ok","high",TRUE,4,"t4","T4","hb_isaq_05_weekend",NA,FALSE
"h4l15","hb_isaq_01_weekday_t4","T4 Sitting, reclining or lying down while watching television or videos during your free time? (Count time spent watching television, DVDs, Netflix, and online videos)","character","Health Behaviour","Screen Time",271,"ok","high",TRUE,4,"t4","T4","hb_isaq_01_weekday",NA,FALSE
"h4l15","hb_sb_ed_min_we_t4","T4 Total number of minutes spent on electronic devices on a typical weekend day","numeric","Health Behaviour","Screen Time",272,"ok","high",TRUE,4,"t4","T4","hb_sb_ed_min_we",NA,FALSE
"h4l15","hb_sb_ed_min_t4","T4 Total number of minutes spent on eletronic devices on a typical weekday","numeric","Health Behaviour","Screen Time",273,"ok","high",TRUE,4,"t4","T4","hb_sb_ed_min",NA,FALSE
"h4l15","hb_sb_tv_min_t4","T4 Total number of minutes spent watching TV on typical weekday","numeric","Health Behaviour","Screen Time",274,"ok","high",TRUE,4,"t4","T4","hb_sb_tv_min",NA,FALSE
"h4l15","hb_sb_tv_min_we_t4","T4 Total number of minutes spent watching TV on typical weekend day","numeric","Health Behaviour","Screen Time",275,"ok","high",TRUE,4,"t4","T4","hb_sb_tv_min_we",NA,FALSE
"h4l15","hb_sb_ed_min_avg_t5","T5 Average number of minutes spent on electronic devices each day over a typical week","numeric","Health Behaviour","Screen Time",276,"ok","high",TRUE,5,"t5","T5","hb_sb_ed_min_avg",NA,FALSE
"h4l15","hb_sb_tv_min_avg_t5","T5 Average number of minutes spent watching TV each day over a typical week","numeric","Health Behaviour","Screen Time",277,"ok","high",TRUE,5,"t5","T5","hb_sb_tv_min_avg",NA,FALSE
"h4l15","hb_sb_total_min_t5","T5 Combined average number of minutes spent on TV and electronic devices each day over a typical week","numeric","Health Behaviour","Screen Time",278,"ok","high",TRUE,5,"t5","T5","hb_sb_total_min",NA,FALSE
"h4l15","hb_sb_ed_min_we_t5","T5 Total number of minutes spent on electronic devices on a typical weekend day","numeric","Health Behaviour","Screen Time",279,"ok","high",TRUE,5,"t5","T5","hb_sb_ed_min_we",NA,FALSE
"h4l15","hb_sb_ed_min_t5","T5 Total number of minutes spent on eletronic devices on a typical weekday","numeric","Health Behaviour","Screen Time",280,"ok","high",TRUE,5,"t5","T5","hb_sb_ed_min",NA,FALSE
"h4l15","hb_sb_tv_min_t5","T5 Total number of minutes spent watching TV on typical weekday","numeric","Health Behaviour","Screen Time",281,"ok","high",TRUE,5,"t5","T5","hb_sb_tv_min",NA,FALSE
"h4l15","hb_sb_tv_min_we_t5","T5 Total number of minutes spent watching TV on typical weekend day","numeric","Health Behaviour","Screen Time",282,"ok","high",TRUE,5,"t5","T5","hb_sb_tv_min_we",NA,FALSE
"h4l15","hb_sleep_difficult_t5","Do you have difficulty falling asleep?","haven_labelled","Health Behaviour","Sleep Behaviour",283,"ok","high",TRUE,5,"t5","T5","hb_sleep_difficult","hb_sleep_difficult",TRUE
"h4l15","hb_sleep_parentset_t5","Do your parents set your bedtime on school nights?","haven_labelled","Health Behaviour","Sleep Behaviour",284,"ok","high",TRUE,5,"t5","T5","hb_sleep_parentset","hb_sleep_parentset",TRUE
"h4l15","hb_sleep_difficult_severity_t5","If yes, how severe is this difficulty?","haven_labelled","Health Behaviour","Sleep Behaviour",285,"ok","high",TRUE,5,"t5","T5","hb_sleep_difficult_severity","hb_sleep_difficult_severity",TRUE
"h4l15","hb_sleep_int_t5","Intend to sleep for 8-10 hours per night, on all or most days of the week?","haven_labelled","Health Behaviour","Sleep Behaviour",286,"ok","high",TRUE,5,"t5","T5","hb_sleep_int","hb_sleep_int",TRUE
"h4l15","hb_sleep_bed_time_school_t5","School nights (Sun-Thurs)","character","Health Behaviour","Sleep Behaviour",287,"ok","high",TRUE,5,"t5","T5","hb_sleep_bed_time_school",NA,FALSE
"h4l15","hb_sleep_wakeup_time_school_t5","School nights (Sun-Thurs)","character","Health Behaviour","Sleep Behaviour",288,"ok","high",TRUE,5,"t5","T5","hb_sleep_wakeup_time_school",NA,FALSE
"h4l15","hb_sleep_attempt_time_school_t5","School nights(Sun-Thurs)","character","Health Behaviour","Sleep Behaviour",289,"ok","high",TRUE,5,"t5","T5","hb_sleep_attempt_time_school",NA,FALSE
"h4l15","hb_sleep_asleep_time_school_t5","School nights(Sun-Thurs)","character","Health Behaviour","Sleep Behaviour",290,"ok","high",TRUE,5,"t5","T5","hb_sleep_asleep_time_school",NA,FALSE
"h4l15","hb_sleep_awake_time_school_t5","School nights(Sun-Thurs)","character","Health Behaviour","Sleep Behaviour",291,"ok","high",TRUE,5,"t5","T5","hb_sleep_awake_time_school",NA,FALSE
"h4l15","hb_sleep_outbed_time_school_t5","School nights(Sun-Thurs)","character","Health Behaviour","Sleep Behaviour",292,"ok","high",TRUE,5,"t5","T5","hb_sleep_outbed_time_school",NA,FALSE
"h4l15","hb_sleep_awake_time_school_t1","T1 Amount of time awake at night School nights(Sun-Thurs)","character","Health Behaviour","Sleep Behaviour",293,"ok","high",TRUE,1,"t1","T1","hb_sleep_awake_time_school",NA,FALSE
"h4l15","hb_sleep_awake_time_we_t1","T1 Amout of time awake at night Weekend nights (Fri-Sat)","character","Health Behaviour","Sleep Behaviour",294,"ok","high",TRUE,1,"t1","T1","hb_sleep_awake_time_we",NA,FALSE
"h4l15","hb_sleep_duration_cat_avg_t1","T1 Complex sleep score categorical guidelines average","haven_labelled","Health Behaviour","Sleep Behaviour",295,"ok","high",TRUE,1,"t1","T1","hb_sleep_duration_cat_avg","hb_sleep_duration_cat_avg",TRUE
"h4l15","hb_sleep_duration_cat_t1","T1 Complex sleep score categorical guidelines weekday","haven_labelled","Health Behaviour","Sleep Behaviour",296,"ok","high",TRUE,1,"t1","T1","hb_sleep_duration_cat","hb_sleep_duration_cat",TRUE
"h4l15","hb_sleep_duration_cat_we_t1","T1 Complex sleep score categorical guidelines weekend","haven_labelled","Health Behaviour","Sleep Behaviour",297,"ok","high",TRUE,1,"t1","T1","hb_sleep_duration_cat_we","hb_sleep_duration_cat_we",TRUE
"h4l15","hb_sleep_difficult_rec_t1","T1 Difficulty getting to sleep recoded","haven_labelled","Health Behaviour","Sleep Behaviour",298,"ok","high",TRUE,1,"t1","T1","hb_sleep_difficult_rec","hb_sleep_difficult_rec",TRUE
"h4l15","hb_sleep_difficult_t1","T1 Do you have difficulty falling asleep?  ","haven_labelled","Health Behaviour","Sleep Behaviour",299,"ok","high",TRUE,1,"t1","T1","hb_sleep_difficult","hb_sleep_difficult",TRUE
"h4l15","hb_sleep_parentset_t1","T1 Do your parents set your bedtime on school nights?","haven_labelled","Health Behaviour","Sleep Behaviour",300,"ok","high",TRUE,1,"t1","T1","hb_sleep_parentset","hb_sleep_parentset",TRUE
"h4l15","hb_sleep_difficult_severity_t1","T1 If yes, how severe is this difficulty?","haven_labelled","Health Behaviour","Sleep Behaviour",301,"ok","high",TRUE,1,"t1","T1","hb_sleep_difficult_severity","hb_sleep_difficult_severity",TRUE
"h4l15","hb_sleep_int_t1","T1 Intend to sleep for 9-11 hours per night on all or most days of the week?","haven_labelled","Health Behaviour","Sleep Behaviour",302,"ok","high",TRUE,1,"t1","T1","hb_sleep_int","hb_sleep_int",TRUE
"h4l15","hb_sleep_simpleduration_cat_avg_t1","T1 Simple sleep score categorical guidelines average","haven_labelled","Health Behaviour","Sleep Behaviour",303,"ok","high",TRUE,1,"t1","T1","hb_sleep_simpleduration_cat_avg","hb_sleep_simpleduration_cat_avg",TRUE
"h4l15","hb_sleep_simpleduration_cat_t1","T1 Simple sleep score categorical guidelines weekday","haven_labelled","Health Behaviour","Sleep Behaviour",304,"ok","high",TRUE,1,"t1","T1","hb_sleep_simpleduration_cat","hb_sleep_simpleduration_cat",TRUE
"h4l15","hb_sleep_simpleduration_cat_we_t1","T1 Simple sleep score categorical guidelines weekend","haven_labelled","Health Behaviour","Sleep Behaviour",305,"ok","high",TRUE,1,"t1","T1","hb_sleep_simpleduration_cat_we","hb_sleep_simpleduration_cat_we",TRUE
"h4l15","hb_sleep_duration_3cat_avg_t1","T1 Three category sleep score complex average","haven_labelled","Health Behaviour","Sleep Behaviour",306,"ok","high",TRUE,1,"t1","T1","hb_sleep_duration_3cat_avg","hb_sleep_duration_3cat_avg",TRUE
"h4l15","hb_sleep_duration_3cat_t1","T1 Three category sleep score complex weekday","haven_labelled","Health Behaviour","Sleep Behaviour",307,"ok","high",TRUE,1,"t1","T1","hb_sleep_duration_3cat","hb_sleep_duration_3cat",TRUE
"h4l15","hb_sleep_duration_3cat_we_t1","T1 Three category sleep score complex weekend","haven_labelled","Health Behaviour","Sleep Behaviour",308,"ok","high",TRUE,1,"t1","T1","hb_sleep_duration_3cat_we","hb_sleep_duration_3cat_we",TRUE
"h4l15","hb_sleep_simpleduration_3cat_avg_t1","T1 Three category sleep score simple average","haven_labelled","Health Behaviour","Sleep Behaviour",309,"ok","high",TRUE,1,"t1","T1","hb_sleep_simpleduration_3cat_avg","hb_sleep_simpleduration_3cat_avg",TRUE
"h4l15","hb_sleep_simpleduration_3cat_t1","T1 Three category sleep score simple weekday","haven_labelled","Health Behaviour","Sleep Behaviour",310,"ok","high",TRUE,1,"t1","T1","hb_sleep_simpleduration_3cat","hb_sleep_simpleduration_3cat",TRUE
"h4l15","hb_sleep_simpleduration_3cat_we_t1","T1 Three category sleep score simple weekend","haven_labelled","Health Behaviour","Sleep Behaviour",311,"ok","high",TRUE,1,"t1","T1","hb_sleep_simpleduration_3cat_we","hb_sleep_simpleduration_3cat_we",TRUE
"h4l15","hb_sleep_asleep_time_school_t1","T1 Time finally fall asleep School nights(Sun-Thurs)","character","Health Behaviour","Sleep Behaviour",312,"ok","high",TRUE,1,"t1","T1","hb_sleep_asleep_time_school",NA,FALSE
"h4l15","hb_sleep_asleep_time_we_t1","T1 Time finally fall asleep Weekend nights (Fri-Sat)","character","Health Behaviour","Sleep Behaviour",313,"ok","high",TRUE,1,"t1","T1","hb_sleep_asleep_time_we",NA,FALSE
"h4l15","hb_sleep_attempt_time_school_t1","T1 Time first attempt sleep School nights(Sun-Thurs)","character","Health Behaviour","Sleep Behaviour",314,"ok","high",TRUE,1,"t1","T1","hb_sleep_attempt_time_school",NA,FALSE
"h4l15","hb_sleep_attempt_time_we_t1","T1 Time first attempt sleep Weekend nights (Fri-Sat)","character","Health Behaviour","Sleep Behaviour",315,"ok","high",TRUE,1,"t1","T1","hb_sleep_attempt_time_we",NA,FALSE
"h4l15","hb_sleep_wakeup_time_school_t1","T1 Time first wake up School nights (Sun-Thurs)","character","Health Behaviour","Sleep Behaviour",316,"ok","high",TRUE,1,"t1","T1","hb_sleep_wakeup_time_school",NA,FALSE
"h4l15","hb_sleep_wakeup_time_we_t1","T1 Time first wake up Weekend nights (Fri-Sat)","character","Health Behaviour","Sleep Behaviour",317,"ok","high",TRUE,1,"t1","T1","hb_sleep_wakeup_time_we",NA,FALSE
"h4l15","hb_sleep_outbed_time_school_t1","T1 Time get out of bed School nights(Sun-Thurs)","character","Health Behaviour","Sleep Behaviour",318,"ok","high",TRUE,1,"t1","T1","hb_sleep_outbed_time_school",NA,FALSE
"h4l15","hb_sleep_outbed_time_we_t1","T1 Time get out of bed Weekend nights (Fri-Sat)","character","Health Behaviour","Sleep Behaviour",319,"ok","high",TRUE,1,"t1","T1","hb_sleep_outbed_time_we",NA,FALSE
"h4l15","hb_sleep_bed_time_school_t1","T1 Time go to bed School nights (Sun-Thurs)","character","Health Behaviour","Sleep Behaviour",320,"ok","high",TRUE,1,"t1","T1","hb_sleep_bed_time_school",NA,FALSE
"h4l15","hb_sleep_bed_time_we_t1","T1 Time go to bed Weekend nights (Fri-Sat)","character","Health Behaviour","Sleep Behaviour",321,"ok","high",TRUE,1,"t1","T1","hb_sleep_bed_time_we",NA,FALSE
"h4l15","hb_sleep_duration_mins_clean_t1","T1 Total number of minutes sleep duration weekday night, plausible values","numeric","Health Behaviour","Sleep Behaviour",322,"ok","high",TRUE,1,"t1","T1","hb_sleep_duration_mins_clean",NA,FALSE
"h4l15","hb_sleep_duration_mins_we_clean_t1","T1 Total number of minutes sleep duration weekend night, plausible values","numeric","Health Behaviour","Sleep Behaviour",323,"ok","high",TRUE,1,"t1","T1","hb_sleep_duration_mins_we_clean",NA,FALSE
"h4l15","hb_sleep_simpleduration_mins_clean_t1","T1 Total number of minutes sleep opportunity weekday night using simple formula, plausible values","numeric","Health Behaviour","Sleep Behaviour",324,"ok","high",TRUE,1,"t1","T1","hb_sleep_simpleduration_mins_clean",NA,FALSE
"h4l15","hb_sleep_simpleduration_mins_we_clean_t1","T1 Total number of minutes sleep opportunity weekend night using simple formula, plausible values","numeric","Health Behaviour","Sleep Behaviour",325,"ok","high",TRUE,1,"t1","T1","hb_sleep_simpleduration_mins_we_clean",NA,FALSE
"h4l15","hb_sleep_total_min_clean_t1","T1 Total number of minutes sleep weekday night, using complex formula, plausible values","numeric","Health Behaviour","Sleep Behaviour",326,"ok","high",TRUE,1,"t1","T1","hb_sleep_total_min_clean",NA,FALSE
"h4l15","hb_sleep_total_min_we_clean_t1","T1 Total number of minutes sleep weekend night, using complex formula, plausible values","numeric","Health Behaviour","Sleep Behaviour",327,"ok","high",TRUE,1,"t1","T1","hb_sleep_total_min_we_clean",NA,FALSE
"h4l15","hb_sleep_awake_time_school_t2","T2 Amount of time awake at night School nights(Sun-Thurs)","character","Health Behaviour","Sleep Behaviour",328,"ok","high",TRUE,2,"t2","T2","hb_sleep_awake_time_school",NA,FALSE
"h4l15","hb_sleep_awake_time_we_t2","T2 Amout of time awake at night Weekend nights (Fri-Sat)","character","Health Behaviour","Sleep Behaviour",329,"ok","high",TRUE,2,"t2","T2","hb_sleep_awake_time_we",NA,FALSE
"h4l15","hb_sleep_duration_cat_avg_t2","T2 Complex sleep score categorical guidelines average","haven_labelled","Health Behaviour","Sleep Behaviour",330,"ok","high",TRUE,2,"t2","T2","hb_sleep_duration_cat_avg","hb_sleep_duration_cat_avg",TRUE
"h4l15","hb_sleep_duration_cat_t2","T2 Complex sleep score categorical guidelines weekday","haven_labelled","Health Behaviour","Sleep Behaviour",331,"ok","high",TRUE,2,"t2","T2","hb_sleep_duration_cat","hb_sleep_duration_cat",TRUE
"h4l15","hb_sleep_duration_cat_we_t2","T2 Complex sleep score categorical guidelines weekend","haven_labelled","Health Behaviour","Sleep Behaviour",332,"ok","high",TRUE,2,"t2","T2","hb_sleep_duration_cat_we","hb_sleep_duration_cat_we",TRUE
"h4l15","hb_sleep_difficult_rec_t2","T2 Difficulty getting to sleep recoded","haven_labelled","Health Behaviour","Sleep Behaviour",333,"ok","high",TRUE,2,"t2","T2","hb_sleep_difficult_rec","hb_sleep_difficult_rec",TRUE
"h4l15","hb_sleep_difficult_t2","T2 Do you have difficulty falling asleep?  ","haven_labelled","Health Behaviour","Sleep Behaviour",334,"ok","high",TRUE,2,"t2","T2","hb_sleep_difficult","hb_sleep_difficult",TRUE
"h4l15","hb_sleep_parentset_t2","T2 Do your parents set your bedtime on school nights?","haven_labelled","Health Behaviour","Sleep Behaviour",335,"ok","high",TRUE,2,"t2","T2","hb_sleep_parentset","hb_sleep_parentset",TRUE
"h4l15","hb_sleep_difficult_severity_t2","T2 If yes, how severe is this difficulty?","haven_labelled","Health Behaviour","Sleep Behaviour",336,"ok","high",TRUE,2,"t2","T2","hb_sleep_difficult_severity","hb_sleep_difficult_severity",TRUE
"h4l15","hb_sleep_int_t2","T2 Intend to sleep for 9-11 hours per night on all or most days of the week?","haven_labelled","Health Behaviour","Sleep Behaviour",337,"ok","high",TRUE,2,"t2","T2","hb_sleep_int","hb_sleep_int",TRUE
"h4l15","hb_sleep_simpleduration_cat_avg_t2","T2 Simple sleep score categorical guidelines average","haven_labelled","Health Behaviour","Sleep Behaviour",338,"ok","high",TRUE,2,"t2","T2","hb_sleep_simpleduration_cat_avg","hb_sleep_simpleduration_cat_avg",TRUE
"h4l15","hb_sleep_simpleduration_cat_t2","T2 Simple sleep score categorical guidelines weekday","haven_labelled","Health Behaviour","Sleep Behaviour",339,"ok","high",TRUE,2,"t2","T2","hb_sleep_simpleduration_cat","hb_sleep_simpleduration_cat",TRUE
"h4l15","hb_sleep_simpleduration_cat_we_t2","T2 Simple sleep score categorical guidelines weekend","haven_labelled","Health Behaviour","Sleep Behaviour",340,"ok","high",TRUE,2,"t2","T2","hb_sleep_simpleduration_cat_we","hb_sleep_simpleduration_cat_we",TRUE
"h4l15","hb_sleep_duration_3cat_avg_t2","T2 Three category sleep score complex average","haven_labelled","Health Behaviour","Sleep Behaviour",341,"ok","high",TRUE,2,"t2","T2","hb_sleep_duration_3cat_avg","hb_sleep_duration_3cat_avg",TRUE
"h4l15","hb_sleep_duration_3cat_t2","T2 Three category sleep score complex weekday","haven_labelled","Health Behaviour","Sleep Behaviour",342,"ok","high",TRUE,2,"t2","T2","hb_sleep_duration_3cat","hb_sleep_duration_3cat",TRUE
"h4l15","hb_sleep_duration_3cat_we_t2","T2 Three category sleep score complex weekend","haven_labelled","Health Behaviour","Sleep Behaviour",343,"ok","high",TRUE,2,"t2","T2","hb_sleep_duration_3cat_we","hb_sleep_duration_3cat_we",TRUE
"h4l15","hb_sleep_simpleduration_3cat_avg_t2","T2 Three category sleep score simple average","haven_labelled","Health Behaviour","Sleep Behaviour",344,"ok","high",TRUE,2,"t2","T2","hb_sleep_simpleduration_3cat_avg","hb_sleep_simpleduration_3cat_avg",TRUE
"h4l15","hb_sleep_simpleduration_3cat_t2","T2 Three category sleep score simple weekday","haven_labelled","Health Behaviour","Sleep Behaviour",345,"ok","high",TRUE,2,"t2","T2","hb_sleep_simpleduration_3cat","hb_sleep_simpleduration_3cat",TRUE
"h4l15","hb_sleep_simpleduration_3cat_we_t2","T2 Three category sleep score simple weekend","haven_labelled","Health Behaviour","Sleep Behaviour",346,"ok","high",TRUE,2,"t2","T2","hb_sleep_simpleduration_3cat_we","hb_sleep_simpleduration_3cat_we",TRUE
"h4l15","hb_sleep_asleep_time_school_t2","T2 Time finally fall asleep School nights(Sun-Thurs)","character","Health Behaviour","Sleep Behaviour",347,"ok","high",TRUE,2,"t2","T2","hb_sleep_asleep_time_school",NA,FALSE
"h4l15","hb_sleep_asleep_time_we_t2","T2 Time finally fall asleep Weekend nights (Fri-Sat)","character","Health Behaviour","Sleep Behaviour",348,"ok","high",TRUE,2,"t2","T2","hb_sleep_asleep_time_we",NA,FALSE
"h4l15","hb_sleep_attempt_time_school_t2","T2 Time first attempt sleep School nights(Sun-Thurs)","character","Health Behaviour","Sleep Behaviour",349,"ok","high",TRUE,2,"t2","T2","hb_sleep_attempt_time_school",NA,FALSE
"h4l15","hb_sleep_attempt_time_we_t2","T2 Time first attempt sleep Weekend nights (Fri-Sat)","character","Health Behaviour","Sleep Behaviour",350,"ok","high",TRUE,2,"t2","T2","hb_sleep_attempt_time_we",NA,FALSE
"h4l15","hb_sleep_wakeup_time_school_t2","T2 Time first wake up School nights (Sun-Thurs)","character","Health Behaviour","Sleep Behaviour",351,"ok","high",TRUE,2,"t2","T2","hb_sleep_wakeup_time_school",NA,FALSE
"h4l15","hb_sleep_wakeup_time_we_t2","T2 Time first wake up Weekend nights (Fri-Sat)","character","Health Behaviour","Sleep Behaviour",352,"ok","high",TRUE,2,"t2","T2","hb_sleep_wakeup_time_we",NA,FALSE
"h4l15","hb_sleep_outbed_time_school_t2","T2 Time get out of bed School nights(Sun-Thurs)","character","Health Behaviour","Sleep Behaviour",353,"ok","high",TRUE,2,"t2","T2","hb_sleep_outbed_time_school",NA,FALSE
"h4l15","hb_sleep_outbed_time_we_t2","T2 Time get out of bed Weekend nights (Fri-Sat)","character","Health Behaviour","Sleep Behaviour",354,"ok","high",TRUE,2,"t2","T2","hb_sleep_outbed_time_we",NA,FALSE
"h4l15","hb_sleep_bed_time_school_t2","T2 Time go to bed School nights (Sun-Thurs)","character","Health Behaviour","Sleep Behaviour",355,"ok","high",TRUE,2,"t2","T2","hb_sleep_bed_time_school",NA,FALSE
"h4l15","hb_sleep_bed_time_we_t2","T2 Time go to bed Weekend nights (Fri-Sat)","character","Health Behaviour","Sleep Behaviour",356,"ok","high",TRUE,2,"t2","T2","hb_sleep_bed_time_we",NA,FALSE
"h4l15","hb_sleep_duration_mins_clean_t2","T2 Total number of minutes sleep duration weekday night, plausible values","numeric","Health Behaviour","Sleep Behaviour",357,"ok","high",TRUE,2,"t2","T2","hb_sleep_duration_mins_clean",NA,FALSE
"h4l15","hb_sleep_duration_mins_we_clean_t2","T2 Total number of minutes sleep duration weekend night, plausible values","numeric","Health Behaviour","Sleep Behaviour",358,"ok","high",TRUE,2,"t2","T2","hb_sleep_duration_mins_we_clean",NA,FALSE
"h4l15","hb_sleep_simpleduration_mins_clean_t2","T2 Total number of minutes sleep opportunity weekday night using simple formula, plausible values","numeric","Health Behaviour","Sleep Behaviour",359,"ok","high",TRUE,2,"t2","T2","hb_sleep_simpleduration_mins_clean",NA,FALSE
"h4l15","hb_sleep_simpleduration_mins_we_clean_t2","T2 Total number of minutes sleep opportunity weekend night using simple formula, plausible values","numeric","Health Behaviour","Sleep Behaviour",360,"ok","high",TRUE,2,"t2","T2","hb_sleep_simpleduration_mins_we_clean",NA,FALSE
"h4l15","hb_sleep_total_min_clean_t2","T2 Total number of minutes sleep weekday night, using complex formula, plausible values","numeric","Health Behaviour","Sleep Behaviour",361,"ok","high",TRUE,2,"t2","T2","hb_sleep_total_min_clean",NA,FALSE
"h4l15","hb_sleep_total_min_we_clean_t2","T2 Total number of minutes sleep weekend night, using complex formula, plausible values","numeric","Health Behaviour","Sleep Behaviour",362,"ok","high",TRUE,2,"t2","T2","hb_sleep_total_min_we_clean",NA,FALSE
"h4l15","hb_sleep_simpleduration_mins_t2","T2_simplesleepmins","numeric","Health Behaviour","Sleep Behaviour",363,"ok","high",TRUE,2,"t2","T2","hb_sleep_simpleduration_mins",NA,FALSE
"h4l15","hb_sleep_simpleduration_mins_we_t2","T2_simplesleepwemins","numeric","Health Behaviour","Sleep Behaviour",364,"ok","high",TRUE,2,"t2","T2","hb_sleep_simpleduration_mins_we",NA,FALSE
"h4l15","hb_sleep_duration_mins_t2","T2_sleepdiffmin","numeric","Health Behaviour","Sleep Behaviour",365,"ok","high",TRUE,2,"t2","T2","hb_sleep_duration_mins",NA,FALSE
"h4l15","hb_sleep_duration_mins_we_t2","T2_sleepdiffwemin","numeric","Health Behaviour","Sleep Behaviour",366,"ok","high",TRUE,2,"t2","T2","hb_sleep_duration_mins_we",NA,FALSE
"h4l15","hb_sleep_total_min_t2","T2_totalsleepmins","numeric","Health Behaviour","Sleep Behaviour",367,"ok","high",TRUE,2,"t2","T2","hb_sleep_total_min",NA,FALSE
"h4l15","hb_sleep_total_min_we_t2","T2_totalsleepwemins","numeric","Health Behaviour","Sleep Behaviour",368,"ok","high",TRUE,2,"t2","T2","hb_sleep_total_min_we",NA,FALSE
"h4l15","hb_sleep_awake_time_school_t3","T3 Amount of time awake at night School nights(Sun-Thurs)","character","Health Behaviour","Sleep Behaviour",369,"ok","high",TRUE,3,"t3","T3","hb_sleep_awake_time_school",NA,FALSE
"h4l15","hb_sleep_awake_time_we_t3","T3 Amout of time awake at night Weekend nights (Fri-Sat)","character","Health Behaviour","Sleep Behaviour",370,"ok","high",TRUE,3,"t3","T3","hb_sleep_awake_time_we",NA,FALSE
"h4l15","hb_sleep_duration_cat_avg_t3","T3 Complex sleep score categorical guidelines average","numeric","Health Behaviour","Sleep Behaviour",371,"ok","high",TRUE,3,"t3","T3","hb_sleep_duration_cat_avg",NA,FALSE
"h4l15","hb_sleep_duration_cat_t3","T3 Complex sleep score categorical guidelines weekday","numeric","Health Behaviour","Sleep Behaviour",372,"ok","high",TRUE,3,"t3","T3","hb_sleep_duration_cat",NA,FALSE
"h4l15","hb_sleep_duration_cat_we_t3","T3 Complex sleep score categorical guidelines weekend","numeric","Health Behaviour","Sleep Behaviour",373,"ok","high",TRUE,3,"t3","T3","hb_sleep_duration_cat_we",NA,FALSE
"h4l15","hb_sleep_difficult_rec_t3","T3 Difficulty getting to sleep recoded","haven_labelled","Health Behaviour","Sleep Behaviour",374,"ok","high",TRUE,3,"t3","T3","hb_sleep_difficult_rec","hb_sleep_difficult_rec",TRUE
"h4l15","hb_sleep_difficult_t3","T3 Do you have difficulty falling asleep?  ","haven_labelled","Health Behaviour","Sleep Behaviour",375,"ok","high",TRUE,3,"t3","T3","hb_sleep_difficult","hb_sleep_difficult",TRUE
"h4l15","hb_sleep_parentset_t3","T3 Do your parents set your bedtime on school nights?","haven_labelled","Health Behaviour","Sleep Behaviour",376,"ok","high",TRUE,3,"t3","T3","hb_sleep_parentset","hb_sleep_parentset",TRUE
"h4l15","hb_sleep_difficult_severity_t3","T3 If yes, how severe is this difficulty?","haven_labelled","Health Behaviour","Sleep Behaviour",377,"ok","high",TRUE,3,"t3","T3","hb_sleep_difficult_severity","hb_sleep_difficult_severity",TRUE
"h4l15","hb_sleep_int_t3","T3 Intend to sleep for 9-11 hours per night on all or most days of the week?","haven_labelled","Health Behaviour","Sleep Behaviour",378,"ok","high",TRUE,3,"t3","T3","hb_sleep_int","hb_sleep_int",TRUE
"h4l15","hb_sleep_simpleduration_cat_avg_t3","T3 Simple sleep score categorical guidelines average","numeric","Health Behaviour","Sleep Behaviour",379,"ok","high",TRUE,3,"t3","T3","hb_sleep_simpleduration_cat_avg",NA,FALSE
"h4l15","hb_sleep_simpleduration_cat_t3","T3 Simple sleep score categorical guidelines weekday","numeric","Health Behaviour","Sleep Behaviour",380,"ok","high",TRUE,3,"t3","T3","hb_sleep_simpleduration_cat",NA,FALSE
"h4l15","hb_sleep_simpleduration_cat_we_t3","T3 Simple sleep score categorical guidelines weekend","numeric","Health Behaviour","Sleep Behaviour",381,"ok","high",TRUE,3,"t3","T3","hb_sleep_simpleduration_cat_we",NA,FALSE
"h4l15","hb_sleep_duration_3cat_avg_t3","T3 Three category sleep score complex average","numeric","Health Behaviour","Sleep Behaviour",382,"ok","high",TRUE,3,"t3","T3","hb_sleep_duration_3cat_avg",NA,FALSE
"h4l15","hb_sleep_duration_3cat_t3","T3 Three category sleep score complex weekday","numeric","Health Behaviour","Sleep Behaviour",383,"ok","high",TRUE,3,"t3","T3","hb_sleep_duration_3cat",NA,FALSE
"h4l15","hb_sleep_duration_3cat_we_t3","T3 Three category sleep score complex weekend","numeric","Health Behaviour","Sleep Behaviour",384,"ok","high",TRUE,3,"t3","T3","hb_sleep_duration_3cat_we",NA,FALSE
"h4l15","hb_sleep_simpleduration_3cat_avg_t3","T3 Three category sleep score simple average","numeric","Health Behaviour","Sleep Behaviour",385,"ok","high",TRUE,3,"t3","T3","hb_sleep_simpleduration_3cat_avg",NA,FALSE
"h4l15","hb_sleep_simpleduration_3cat_t3","T3 Three category sleep score simple weekday","numeric","Health Behaviour","Sleep Behaviour",386,"ok","high",TRUE,3,"t3","T3","hb_sleep_simpleduration_3cat",NA,FALSE
"h4l15","hb_sleep_simpleduration_3cat_we_t3","T3 Three category sleep score simple weekend","numeric","Health Behaviour","Sleep Behaviour",387,"ok","high",TRUE,3,"t3","T3","hb_sleep_simpleduration_3cat_we",NA,FALSE
"h4l15","hb_sleep_asleep_time_school_t3","T3 Time finally fall asleep School nights(Sun-Thurs)","character","Health Behaviour","Sleep Behaviour",388,"ok","high",TRUE,3,"t3","T3","hb_sleep_asleep_time_school",NA,FALSE
"h4l15","hb_sleep_asleep_time_we_t3","T3 Time finally fall asleep Weekend nights (Fri-Sat)","character","Health Behaviour","Sleep Behaviour",389,"ok","high",TRUE,3,"t3","T3","hb_sleep_asleep_time_we",NA,FALSE
"h4l15","hb_sleep_attempt_time_school_t3","T3 Time first attempt sleep School nights(Sun-Thurs)","character","Health Behaviour","Sleep Behaviour",390,"ok","high",TRUE,3,"t3","T3","hb_sleep_attempt_time_school",NA,FALSE
"h4l15","hb_sleep_attempt_time_we_t3","T3 Time first attempt sleep Weekend nights (Fri-Sat)","character","Health Behaviour","Sleep Behaviour",391,"ok","high",TRUE,3,"t3","T3","hb_sleep_attempt_time_we",NA,FALSE
"h4l15","hb_sleep_wakeup_time_school_t3","T3 Time first wake up School nights (Sun-Thurs)","character","Health Behaviour","Sleep Behaviour",392,"ok","high",TRUE,3,"t3","T3","hb_sleep_wakeup_time_school",NA,FALSE
"h4l15","hb_sleep_wakeup_time_we_t3","T3 Time first wake up Weekend nights (Fri-Sat)","character","Health Behaviour","Sleep Behaviour",393,"ok","high",TRUE,3,"t3","T3","hb_sleep_wakeup_time_we",NA,FALSE
"h4l15","hb_sleep_outbed_time_school_t3","T3 Time get out of bed School nights(Sun-Thurs)","character","Health Behaviour","Sleep Behaviour",394,"ok","high",TRUE,3,"t3","T3","hb_sleep_outbed_time_school",NA,FALSE
"h4l15","hb_sleep_outbed_time_we_t3","T3 Time get out of bed Weekend nights (Fri-Sat)","character","Health Behaviour","Sleep Behaviour",395,"ok","high",TRUE,3,"t3","T3","hb_sleep_outbed_time_we",NA,FALSE
"h4l15","hb_sleep_bed_time_school_t3","T3 Time go to bed School nights (Sun-Thurs)","character","Health Behaviour","Sleep Behaviour",396,"ok","high",TRUE,3,"t3","T3","hb_sleep_bed_time_school",NA,FALSE
"h4l15","hb_sleep_bed_time_we_t3","T3 Time go to bed Weekend nights (Fri-Sat)","character","Health Behaviour","Sleep Behaviour",397,"ok","high",TRUE,3,"t3","T3","hb_sleep_bed_time_we",NA,FALSE
"h4l15","hb_sleep_duration_mins_clean_t3","T3 Total number of minutes sleep duration weekday night, plausible values","numeric","Health Behaviour","Sleep Behaviour",398,"ok","high",TRUE,3,"t3","T3","hb_sleep_duration_mins_clean",NA,FALSE
"h4l15","hb_sleep_duration_mins_we_clean_t3","T3 Total number of minutes sleep duration weekend night, plausible values","numeric","Health Behaviour","Sleep Behaviour",399,"ok","high",TRUE,3,"t3","T3","hb_sleep_duration_mins_we_clean",NA,FALSE
"h4l15","hb_sleep_simpleduration_mins_clean_t3","T3 Total number of minutes sleep opportunity weekday night using simple formula, plausible values","numeric","Health Behaviour","Sleep Behaviour",400,"ok","high",TRUE,3,"t3","T3","hb_sleep_simpleduration_mins_clean",NA,FALSE
"h4l15","hb_sleep_simpleduration_mins_we_clean_t3","T3 Total number of minutes sleep opportunity weekend night using simple formula, plausible values","numeric","Health Behaviour","Sleep Behaviour",401,"ok","high",TRUE,3,"t3","T3","hb_sleep_simpleduration_mins_we_clean",NA,FALSE
"h4l15","hb_sleep_total_min_clean_t3","T3 Total number of minutes sleep weekday night, using complex formula, plausible values","numeric","Health Behaviour","Sleep Behaviour",402,"ok","high",TRUE,3,"t3","T3","hb_sleep_total_min_clean",NA,FALSE
"h4l15","hb_sleep_total_min_we_clean_t3","T3 Total number of minutes sleep weekend night, using complex formula, plausible values","numeric","Health Behaviour","Sleep Behaviour",403,"ok","high",TRUE,3,"t3","T3","hb_sleep_total_min_we_clean",NA,FALSE
"h4l15","hb_sleep_simpleduration_mins_t3","T3_simplesleepmins","numeric","Health Behaviour","Sleep Behaviour",404,"ok","high",TRUE,3,"t3","T3","hb_sleep_simpleduration_mins",NA,FALSE
"h4l15","hb_sleep_simpleduration_mins_we_t3","T3_simplesleepwemins","numeric","Health Behaviour","Sleep Behaviour",405,"ok","high",TRUE,3,"t3","T3","hb_sleep_simpleduration_mins_we",NA,FALSE
"h4l15","hb_sleep_duration_mins_t3","T3_sleepdiffmin","numeric","Health Behaviour","Sleep Behaviour",406,"ok","high",TRUE,3,"t3","T3","hb_sleep_duration_mins",NA,FALSE
"h4l15","hb_sleep_duration_mins_we_t3","T3_sleepdiffwemin","numeric","Health Behaviour","Sleep Behaviour",407,"ok","high",TRUE,3,"t3","T3","hb_sleep_duration_mins_we",NA,FALSE
"h4l15","hb_sleep_total_min_t3","T3_totalsleepmins","numeric","Health Behaviour","Sleep Behaviour",408,"ok","high",TRUE,3,"t3","T3","hb_sleep_total_min",NA,FALSE
"h4l15","hb_sleep_total_min_we_t3","T3_totalsleepwemins","numeric","Health Behaviour","Sleep Behaviour",409,"ok","high",TRUE,3,"t3","T3","hb_sleep_total_min_we",NA,FALSE
"h4l15","hb_sleep_duration_cat_avg_t4","T4 Complex sleep score categorical guidelines average","numeric","Health Behaviour","Sleep Behaviour",410,"ok","high",TRUE,4,"t4","T4","hb_sleep_duration_cat_avg",NA,FALSE
"h4l15","hb_sleep_duration_cat_t4","T4 Complex sleep score categorical guidelines weekday","numeric","Health Behaviour","Sleep Behaviour",411,"ok","high",TRUE,4,"t4","T4","hb_sleep_duration_cat",NA,FALSE
"h4l15","hb_sleep_duration_cat_we_t4","T4 Complex sleep score categorical guidelines weekend","numeric","Health Behaviour","Sleep Behaviour",412,"ok","high",TRUE,4,"t4","T4","hb_sleep_duration_cat_we",NA,FALSE
"h4l15","hb_sleep_difficult_rec_t4","T4 Difficulty getting to sleep recoded","haven_labelled","Health Behaviour","Sleep Behaviour",413,"ok","high",TRUE,4,"t4","T4","hb_sleep_difficult_rec","hb_sleep_difficult_rec",TRUE
"h4l15","hb_sleep_difficult_t4","T4 Do you have difficulty falling asleep?","haven_labelled","Health Behaviour","Sleep Behaviour",414,"ok","high",TRUE,4,"t4","T4","hb_sleep_difficult","hb_sleep_difficult",TRUE
"h4l15","hb_sleep_parentset_t4","T4 Do your parents set your bedtime on school nights?","haven_labelled","Health Behaviour","Sleep Behaviour",415,"ok","high",TRUE,4,"t4","T4","hb_sleep_parentset","hb_sleep_parentset",TRUE
"h4l15","hb_sleep_difficult_severity_t4","T4 If yes, how severe is this difficulty?","haven_labelled","Health Behaviour","Sleep Behaviour",416,"ok","high",TRUE,4,"t4","T4","hb_sleep_difficult_severity","hb_sleep_difficult_severity",TRUE
"h4l15","hb_sleep_int_t4","T4 Intend to sleep for 8-10 hours per night, on all or most days of the week?","haven_labelled","Health Behaviour","Sleep Behaviour",417,"ok","high",TRUE,4,"t4","T4","hb_sleep_int","hb_sleep_int",TRUE
"h4l15","hb_sleep_bed_time_school_t4","T4 School nights (Sun-Thurs)","character","Health Behaviour","Sleep Behaviour",418,"ok","high",TRUE,4,"t4","T4","hb_sleep_bed_time_school",NA,FALSE
"h4l15","hb_sleep_wakeup_time_school_t4","T4 School nights (Sun-Thurs)","character","Health Behaviour","Sleep Behaviour",419,"ok","high",TRUE,4,"t4","T4","hb_sleep_wakeup_time_school",NA,FALSE
"h4l15","hb_sleep_attempt_time_school_t4","T4 School nights(Sun-Thurs)","character","Health Behaviour","Sleep Behaviour",420,"ok","high",TRUE,4,"t4","T4","hb_sleep_attempt_time_school",NA,FALSE
"h4l15","hb_sleep_asleep_time_school_t4","T4 School nights(Sun-Thurs)","character","Health Behaviour","Sleep Behaviour",421,"ok","high",TRUE,4,"t4","T4","hb_sleep_asleep_time_school",NA,FALSE
"h4l15","hb_sleep_awake_time_school_t4","T4 School nights(Sun-Thurs)","character","Health Behaviour","Sleep Behaviour",422,"ok","high",TRUE,4,"t4","T4","hb_sleep_awake_time_school",NA,FALSE
"h4l15","hb_sleep_outbed_time_school_t4","T4 School nights(Sun-Thurs)","character","Health Behaviour","Sleep Behaviour",423,"ok","high",TRUE,4,"t4","T4","hb_sleep_outbed_time_school",NA,FALSE
"h4l15","hb_sleep_simpleduration_cat_avg_t4","T4 Simple sleep score categorical guidelines average","numeric","Health Behaviour","Sleep Behaviour",424,"ok","high",TRUE,4,"t4","T4","hb_sleep_simpleduration_cat_avg",NA,FALSE
"h4l15","hb_sleep_simpleduration_cat_t4","T4 Simple sleep score categorical guidelines weekday","numeric","Health Behaviour","Sleep Behaviour",425,"ok","high",TRUE,4,"t4","T4","hb_sleep_simpleduration_cat",NA,FALSE
"h4l15","hb_sleep_simpleduration_cat_we_t4","T4 Simple sleep score categorical guidelines weekend","numeric","Health Behaviour","Sleep Behaviour",426,"ok","high",TRUE,4,"t4","T4","hb_sleep_simpleduration_cat_we",NA,FALSE
"h4l15","hb_sleep_duration_3cat_avg_t4","T4 Three category sleep score complex average","numeric","Health Behaviour","Sleep Behaviour",427,"ok","high",TRUE,4,"t4","T4","hb_sleep_duration_3cat_avg",NA,FALSE
"h4l15","hb_sleep_duration_3cat_t4","T4 Three category sleep score complex weekday","numeric","Health Behaviour","Sleep Behaviour",428,"ok","high",TRUE,4,"t4","T4","hb_sleep_duration_3cat",NA,FALSE
"h4l15","hb_sleep_duration_3cat_we_t4","T4 Three category sleep score complex weekend","numeric","Health Behaviour","Sleep Behaviour",429,"ok","high",TRUE,4,"t4","T4","hb_sleep_duration_3cat_we",NA,FALSE
"h4l15","hb_sleep_simpleduration_3cat_avg_t4","T4 Three category sleep score simple average","numeric","Health Behaviour","Sleep Behaviour",430,"ok","high",TRUE,4,"t4","T4","hb_sleep_simpleduration_3cat_avg",NA,FALSE
"h4l15","hb_sleep_simpleduration_3cat_t4","T4 Three category sleep score simple weekday","numeric","Health Behaviour","Sleep Behaviour",431,"ok","high",TRUE,4,"t4","T4","hb_sleep_simpleduration_3cat",NA,FALSE
"h4l15","hb_sleep_simpleduration_3cat_we_t4","T4 Three category sleep score simple weekend","numeric","Health Behaviour","Sleep Behaviour",432,"ok","high",TRUE,4,"t4","T4","hb_sleep_simpleduration_3cat_we",NA,FALSE
"h4l15","hb_sleep_duration_mins_clean_t4","T4 Total number of minutes sleep duration weekday night, plausible values","numeric","Health Behaviour","Sleep Behaviour",433,"ok","high",TRUE,4,"t4","T4","hb_sleep_duration_mins_clean",NA,FALSE
"h4l15","hb_sleep_duration_mins_we_clean_t4","T4 Total number of minutes sleep duration weekend night, plausible values","numeric","Health Behaviour","Sleep Behaviour",434,"ok","high",TRUE,4,"t4","T4","hb_sleep_duration_mins_we_clean",NA,FALSE
"h4l15","hb_sleep_simpleduration_mins_clean_t4","T4 Total number of minutes sleep opportunity weekday night using simple formula, plausible values","numeric","Health Behaviour","Sleep Behaviour",435,"ok","high",TRUE,4,"t4","T4","hb_sleep_simpleduration_mins_clean",NA,FALSE
"h4l15","hb_sleep_simpleduration_mins_we_clean_t4","T4 Total number of minutes sleep opportunity weekend night using simple formula, plausible values","numeric","Health Behaviour","Sleep Behaviour",436,"ok","high",TRUE,4,"t4","T4","hb_sleep_simpleduration_mins_we_clean",NA,FALSE
"h4l15","hb_sleep_total_min_clean_t4","T4 Total number of minutes sleep weekday night, using complex formula, plausible values","numeric","Health Behaviour","Sleep Behaviour",437,"ok","high",TRUE,4,"t4","T4","hb_sleep_total_min_clean",NA,FALSE
"h4l15","hb_sleep_total_min_we_clean_t4","T4 Total number of minutes sleep weekend night, using complex formula, plausible values","numeric","Health Behaviour","Sleep Behaviour",438,"ok","high",TRUE,4,"t4","T4","hb_sleep_total_min_we_clean",NA,FALSE
"h4l15","hb_sleep_bed_time_we_t4","T4 Weekend nights (Fri-Sat)","character","Health Behaviour","Sleep Behaviour",439,"ok","high",TRUE,4,"t4","T4","hb_sleep_bed_time_we",NA,FALSE
"h4l15","hb_sleep_attempt_time_we_t4","T4 Weekend nights (Fri-Sat)","character","Health Behaviour","Sleep Behaviour",440,"ok","high",TRUE,4,"t4","T4","hb_sleep_attempt_time_we",NA,FALSE
"h4l15","hb_sleep_asleep_time_we_t4","T4 Weekend nights (Fri-Sat)","character","Health Behaviour","Sleep Behaviour",441,"ok","high",TRUE,4,"t4","T4","hb_sleep_asleep_time_we",NA,FALSE
"h4l15","hb_sleep_awake_time_we_t4","T4 Weekend nights (Fri-Sat)","character","Health Behaviour","Sleep Behaviour",442,"ok","high",TRUE,4,"t4","T4","hb_sleep_awake_time_we",NA,FALSE
"h4l15","hb_sleep_wakeup_time_we_t4","T4 Weekend nights (Fri-Sat)","character","Health Behaviour","Sleep Behaviour",443,"ok","high",TRUE,4,"t4","T4","hb_sleep_wakeup_time_we",NA,FALSE
"h4l15","hb_sleep_outbed_time_we_t4","T4 Weekend nights (Fri-Sat)","character","Health Behaviour","Sleep Behaviour",444,"ok","high",TRUE,4,"t4","T4","hb_sleep_outbed_time_we",NA,FALSE
"h4l15","hb_sleep_simpleduration_mins_t4","T4_simplesleepmins","numeric","Health Behaviour","Sleep Behaviour",445,"ok","high",TRUE,4,"t4","T4","hb_sleep_simpleduration_mins",NA,FALSE
"h4l15","hb_sleep_simpleduration_mins_we_t4","T4_simplesleepwemins","numeric","Health Behaviour","Sleep Behaviour",446,"ok","high",TRUE,4,"t4","T4","hb_sleep_simpleduration_mins_we",NA,FALSE
"h4l15","hb_sleep_duration_mins_t4","T4_sleepdiffmin","numeric","Health Behaviour","Sleep Behaviour",447,"ok","high",TRUE,4,"t4","T4","hb_sleep_duration_mins",NA,FALSE
"h4l15","hb_sleep_duration_mins_we_t4","T4_sleepdiffwemin","numeric","Health Behaviour","Sleep Behaviour",448,"ok","high",TRUE,4,"t4","T4","hb_sleep_duration_mins_we",NA,FALSE
"h4l15","hb_sleep_total_min_t4","T4_totalsleepmins","numeric","Health Behaviour","Sleep Behaviour",449,"ok","high",TRUE,4,"t4","T4","hb_sleep_total_min",NA,FALSE
"h4l15","hb_sleep_total_min_we_t4","T4_totalsleepwemins","numeric","Health Behaviour","Sleep Behaviour",450,"ok","high",TRUE,4,"t4","T4","hb_sleep_total_min_we",NA,FALSE
"h4l15","hb_sleep_duration_cat_avg_t5","T5 Complex sleep score categorical guidelines average","numeric","Health Behaviour","Sleep Behaviour",451,"ok","high",TRUE,5,"t5","T5","hb_sleep_duration_cat_avg",NA,FALSE
"h4l15","hb_sleep_duration_cat_t5","T5 Complex sleep score categorical guidelines weekday","numeric","Health Behaviour","Sleep Behaviour",452,"ok","high",TRUE,5,"t5","T5","hb_sleep_duration_cat",NA,FALSE
"h4l15","hb_sleep_duration_cat_we_t5","T5 Complex sleep score categorical guidelines weekend","numeric","Health Behaviour","Sleep Behaviour",453,"ok","high",TRUE,5,"t5","T5","hb_sleep_duration_cat_we",NA,FALSE
"h4l15","hb_sleep_difficult_rec_t5","T5 Difficulty getting to sleep recoded","haven_labelled","Health Behaviour","Sleep Behaviour",454,"ok","high",TRUE,5,"t5","T5","hb_sleep_difficult_rec","hb_sleep_difficult_rec",TRUE
"h4l15","hb_sleep_simpleduration_cat_avg_t5","T5 Simple sleep score categorical guidelines average","numeric","Health Behaviour","Sleep Behaviour",455,"ok","high",TRUE,5,"t5","T5","hb_sleep_simpleduration_cat_avg",NA,FALSE
"h4l15","hb_sleep_simpleduration_cat_t5","T5 Simple sleep score categorical guidelines weekday","numeric","Health Behaviour","Sleep Behaviour",456,"ok","high",TRUE,5,"t5","T5","hb_sleep_simpleduration_cat",NA,FALSE
"h4l15","hb_sleep_simpleduration_cat_we_t5","T5 Simple sleep score categorical guidelines weekend","numeric","Health Behaviour","Sleep Behaviour",457,"ok","high",TRUE,5,"t5","T5","hb_sleep_simpleduration_cat_we",NA,FALSE
"h4l15","hb_sleep_duration_3cat_avg_t5","T5 Three category sleep score complex average","numeric","Health Behaviour","Sleep Behaviour",458,"ok","high",TRUE,5,"t5","T5","hb_sleep_duration_3cat_avg",NA,FALSE
"h4l15","hb_sleep_duration_3cat_t5","T5 Three category sleep score complex weekday","numeric","Health Behaviour","Sleep Behaviour",459,"ok","high",TRUE,5,"t5","T5","hb_sleep_duration_3cat",NA,FALSE
"h4l15","hb_sleep_duration_3cat_we_t5","T5 Three category sleep score complex weekend","numeric","Health Behaviour","Sleep Behaviour",460,"ok","high",TRUE,5,"t5","T5","hb_sleep_duration_3cat_we",NA,FALSE
"h4l15","hb_sleep_simpleduration_3cat_avg_t5","T5 Three category sleep score simple average","numeric","Health Behaviour","Sleep Behaviour",461,"ok","high",TRUE,5,"t5","T5","hb_sleep_simpleduration_3cat_avg",NA,FALSE
"h4l15","hb_sleep_simpleduration_3cat_t5","T5 Three category sleep score simple weekday","numeric","Health Behaviour","Sleep Behaviour",462,"ok","high",TRUE,5,"t5","T5","hb_sleep_simpleduration_3cat",NA,FALSE
"h4l15","hb_sleep_simpleduration_3cat_we_t5","T5 Three category sleep score simple weekend","numeric","Health Behaviour","Sleep Behaviour",463,"ok","high",TRUE,5,"t5","T5","hb_sleep_simpleduration_3cat_we",NA,FALSE
"h4l15","hb_sleep_duration_mins_t5","T5 Total number of minutes sleep duration weekday night, plausible values","numeric","Health Behaviour","Sleep Behaviour",464,"ok","high",TRUE,5,"t5","T5","hb_sleep_duration_mins",NA,FALSE
"h4l15","hb_sleep_duration_mins_clean_t5","T5 Total number of minutes sleep duration weekday night, plausible values","numeric","Health Behaviour","Sleep Behaviour",465,"ok","high",TRUE,5,"t5","T5","hb_sleep_duration_mins_clean",NA,FALSE
"h4l15","hb_sleep_duration_mins_we_t5","T5 Total number of minutes sleep duration weekend night","numeric","Health Behaviour","Sleep Behaviour",466,"ok","high",TRUE,5,"t5","T5","hb_sleep_duration_mins_we",NA,FALSE
"h4l15","hb_sleep_duration_mins_we_clean_t5","T5 Total number of minutes sleep duration weekend night, plausible values","numeric","Health Behaviour","Sleep Behaviour",467,"ok","high",TRUE,5,"t5","T5","hb_sleep_duration_mins_we_clean",NA,FALSE
"h4l15","hb_sleep_simpleduration_mins_t5","T5 Total number of minutes sleep opportunity weekday night using simple formula","numeric","Health Behaviour","Sleep Behaviour",468,"ok","high",TRUE,5,"t5","T5","hb_sleep_simpleduration_mins",NA,FALSE
"h4l15","hb_sleep_simpleduration_mins_clean_t5","T5 Total number of minutes sleep opportunity weekday night using simple formula, plausible values","numeric","Health Behaviour","Sleep Behaviour",469,"ok","high",TRUE,5,"t5","T5","hb_sleep_simpleduration_mins_clean",NA,FALSE
"h4l15","hb_sleep_simpleduration_mins_we_t5","T5 Total number of minutes sleep opportunity weekend night using simple formula","numeric","Health Behaviour","Sleep Behaviour",470,"ok","high",TRUE,5,"t5","T5","hb_sleep_simpleduration_mins_we",NA,FALSE
"h4l15","hb_sleep_simpleduration_mins_we_clean_t5","T5 Total number of minutes sleep opportunity weekend night using simple formula, plausible values","numeric","Health Behaviour","Sleep Behaviour",471,"ok","high",TRUE,5,"t5","T5","hb_sleep_simpleduration_mins_we_clean",NA,FALSE
"h4l15","hb_sleep_total_min_t5","T5 Total number of minutes sleep weekday night, using complex formula","numeric","Health Behaviour","Sleep Behaviour",472,"ok","high",TRUE,5,"t5","T5","hb_sleep_total_min",NA,FALSE
"h4l15","hb_sleep_total_min_clean_t5","T5 Total number of minutes sleep weekday night, using complex formula, plausible values","numeric","Health Behaviour","Sleep Behaviour",473,"ok","high",TRUE,5,"t5","T5","hb_sleep_total_min_clean",NA,FALSE
"h4l15","hb_sleep_total_min_we_t5","T5 Total number of minutes sleep weekend night, using complex formula","numeric","Health Behaviour","Sleep Behaviour",474,"ok","high",TRUE,5,"t5","T5","hb_sleep_total_min_we",NA,FALSE
"h4l15","hb_sleep_total_min_we_clean_t5","T5 Total number of minutes sleep weekend night, using complex formula, plausible values","numeric","Health Behaviour","Sleep Behaviour",475,"ok","high",TRUE,5,"t5","T5","hb_sleep_total_min_we_clean",NA,FALSE
"h4l15","hb_sleep_bed_time_we_t5","Weekend nights
(Fri-Sat)","character","Health Behaviour","Sleep Behaviour",476,"ok","high",TRUE,5,"t5","T5","hb_sleep_bed_time_we",NA,FALSE
"h4l15","hb_sleep_attempt_time_we_t5","Weekend nights (Fri-Sat)","character","Health Behaviour","Sleep Behaviour",477,"ok","high",TRUE,5,"t5","T5","hb_sleep_attempt_time_we",NA,FALSE
"h4l15","hb_sleep_asleep_time_we_t5","Weekend nights (Fri-Sat)","character","Health Behaviour","Sleep Behaviour",478,"ok","high",TRUE,5,"t5","T5","hb_sleep_asleep_time_we",NA,FALSE
"h4l15","hb_sleep_awake_time_we_t5","Weekend nights (Fri-Sat)","character","Health Behaviour","Sleep Behaviour",479,"ok","high",TRUE,5,"t5","T5","hb_sleep_awake_time_we",NA,FALSE
"h4l15","hb_sleep_wakeup_time_we_t5","Weekend nights (Fri-Sat)","character","Health Behaviour","Sleep Behaviour",480,"ok","high",TRUE,5,"t5","T5","hb_sleep_wakeup_time_we",NA,FALSE
"h4l15","hb_sleep_outbed_time_we_t5","Weekend nights (Fri-Sat)","character","Health Behaviour","Sleep Behaviour",481,"ok","high",TRUE,5,"t5","T5","hb_sleep_outbed_time_we",NA,FALSE
"h4l15","hb_sleep_simpleduration_mins_t1","t1_simplesleepmins","numeric","Health Behaviour","Sleep Behaviour",482,"ok","high",TRUE,1,"t1","T1","hb_sleep_simpleduration_mins",NA,FALSE
"h4l15","hb_sleep_simpleduration_mins_we_t1","t1_simplesleepwemins","numeric","Health Behaviour","Sleep Behaviour",483,"ok","high",TRUE,1,"t1","T1","hb_sleep_simpleduration_mins_we",NA,FALSE
"h4l15","hb_sleep_duration_mins_t1","t1_sleepdiffmin","numeric","Health Behaviour","Sleep Behaviour",484,"ok","high",TRUE,1,"t1","T1","hb_sleep_duration_mins",NA,FALSE
"h4l15","hb_sleep_duration_mins_we_t1","t1_sleepdiffwemin","numeric","Health Behaviour","Sleep Behaviour",485,"ok","high",TRUE,1,"t1","T1","hb_sleep_duration_mins_we",NA,FALSE
"h4l15","hb_sleep_total_min_t1","t1_totalsleepmins","numeric","Health Behaviour","Sleep Behaviour",486,"ok","high",TRUE,1,"t1","T1","hb_sleep_total_min",NA,FALSE
"h4l15","hb_sleep_total_min_we_t1","t1_totalsleepwemins","numeric","Health Behaviour","Sleep Behaviour",487,"ok","high",TRUE,1,"t1","T1","hb_sleep_total_min_we",NA,FALSE
"h4l15","hb_sb_guide_cat_t1","T1 Average daily screen time categorical guidelines","haven_labelled","Health Behaviour",NA,488,"ok","high",TRUE,1,"t1","T1","hb_sb_guide_cat","hb_sb_guide_cat",TRUE
"h4l15","hb_sb_trav_min_avg_t1","T1 Average number of minutes spend sitting while traveling each day over a typical week","numeric","Health Behaviour",NA,489,"ok","high",TRUE,1,"t1","T1","hb_sb_trav_min_avg",NA,FALSE
"h4l15","hb_sb_read_min_avg_t1","T1 Average number of minutes spent reading each day over a typical week","numeric","Health Behaviour",NA,490,"ok","high",TRUE,1,"t1","T1","hb_sb_read_min_avg",NA,FALSE
"h4l15","hb_sb_sit_min_avg_t1","T1 Average number of minutes spent sitting doing anything each day over a typical week","numeric","Health Behaviour",NA,491,"ok","high",TRUE,1,"t1","T1","hb_sb_sit_min_avg",NA,FALSE
"h4l15","hb_sb_total_hrs_t1","T1 Combined average number of hours spent on TV and electronic devices each day over a typical week","numeric","Health Behaviour",NA,492,"ok","high",TRUE,1,"t1","T1","hb_sb_total_hrs",NA,FALSE
"h4l15","hb_diet_risk_t1","T1 Diet Risk variable","haven_labelled","Health Behaviour",NA,493,"ok","high",TRUE,1,"t1","T1","hb_diet_risk","hb_diet_risk",TRUE
"h4l15","hb_sd_edrisk_t1","T1 Electronic devices time risk variable","haven_labelled","Health Behaviour",NA,494,"ok","high",TRUE,1,"t1","T1","hb_sd_edrisk","hb_sd_edrisk",TRUE
"h4l15","hb_diet_fruit_rec_t1","T1 Fruit consumption recoded","haven_labelled","Health Behaviour",NA,495,"ok","high",TRUE,1,"t1","T1","hb_diet_fruit_rec","hb_diet_fruit_rec",TRUE
"h4l15","hb_diet_fruitrisk_t1","T1 Fruit consumption risk variable","haven_labelled","Health Behaviour",NA,496,"ok","high",TRUE,1,"t1","T1","hb_diet_fruitrisk","hb_diet_fruitrisk",TRUE
"h4l15","hb_diet_junk_tot_t1","T1 Junk food intake measure total score","numeric","Health Behaviour",NA,497,"ok","high",TRUE,1,"t1","T1","hb_diet_junk_tot",NA,FALSE
"h4l15","hb_diet_junk_tot_pror_t1","T1 Junk food intake measure total score prorated","numeric","Health Behaviour",NA,498,"ok","high",TRUE,1,"t1","T1","hb_diet_junk_tot_pror",NA,FALSE
"h4l15","hb_pa_mvpa7risk_t1","T1 MVPA in past seven days risk variable","haven_labelled","Health Behaviour",NA,499,"ok","high",TRUE,1,"t1","T1","hb_pa_mvpa7risk","hb_pa_mvpa7risk",TRUE
"h4l15","hb_pa_mvparisk_t1","T1 MVPA risk variable","haven_labelled","Health Behaviour",NA,500,"ok","high",TRUE,1,"t1","T1","hb_pa_mvparisk","hb_pa_mvparisk",TRUE
"h4l15","hb_risk_count_t1","T1 Number of risk variables","numeric","Health Behaviour",NA,501,"ok","high",TRUE,1,"t1","T1","hb_risk_count",NA,FALSE
"h4l15","hb_pa_selfeff_avg_t1","T1 Physical activity self-efficacy average score","numeric","Health Behaviour",NA,502,"ok","high",TRUE,1,"t1","T1","hb_pa_selfeff_avg",NA,FALSE
"h4l15","hb_pa_selfeff_avg_pror_t1","T1 Physical activity self-efficacy average score prorated","numeric","Health Behaviour",NA,503,"ok","high",TRUE,1,"t1","T1","hb_pa_selfeff_avg_pror",NA,FALSE
"h4l15","hb_pa_selfeff_tot_t1","T1 Physical activity self-efficacy scale total sum score","numeric","Health Behaviour",NA,504,"ok","high",TRUE,1,"t1","T1","hb_pa_selfeff_tot",NA,FALSE
"h4l15","hb_pa_selfeff_tot_pror_t1","T1 Physical activity self-efficacy scale total sum score prorated","numeric","Health Behaviour",NA,505,"ok","high",TRUE,1,"t1","T1","hb_pa_selfeff_tot_pror",NA,FALSE
"h4l15","hb_diet_ssb_ml_t1","T1 SSB converted to ML","numeric","Health Behaviour",NA,506,"ok","high",TRUE,1,"t1","T1","hb_diet_ssb_ml",NA,FALSE
"h4l15","hb_diet_ssb_gm_t1","T1 SSB converted to grams","numeric","Health Behaviour",NA,507,"ok","high",TRUE,1,"t1","T1","hb_diet_ssb_gm",NA,FALSE
"h4l15","hb_sd_screrisk_t1","T1 Screen time risk variable","haven_labelled","Health Behaviour",NA,508,"ok","high",TRUE,1,"t1","T1","hb_sd_screrisk","hb_sd_screrisk",TRUE
"h4l15","hb_diet_ssb_risk_t1","T1 Sugar sweetened beverages risk category","haven_labelled","Health Behaviour",NA,509,"ok","high",TRUE,1,"t1","T1","hb_diet_ssb_risk","hb_diet_ssb_risk",TRUE
"h4l15","hb_diet_ssbrisk_t1","T1 Sugar sweetened beverages risk variable","haven_labelled","Health Behaviour",NA,510,"ok","high",TRUE,1,"t1","T1","hb_diet_ssbrisk","hb_diet_ssbrisk",TRUE
"h4l15","hb_sd_tvrisk_t1","T1 TV screen time risk variable","haven_labelled","Health Behaviour",NA,511,"ok","high",TRUE,1,"t1","T1","hb_sd_tvrisk","hb_sd_tvrisk",TRUE
"h4l15","hb_sb_read_min_t1","T1 Total number of minutes spent reading on a typical weekday","numeric","Health Behaviour",NA,512,"ok","high",TRUE,1,"t1","T1","hb_sb_read_min",NA,FALSE
"h4l15","hb_sb_read_min_we_t1","T1 Total number of minutes spent reading on a typical weekend day","numeric","Health Behaviour",NA,513,"ok","high",TRUE,1,"t1","T1","hb_sb_read_min_we",NA,FALSE
"h4l15","hb_sb_sit_min_t1","T1 Total number of minutes spent sitting doing anything on a typical weekday","numeric","Health Behaviour",NA,514,"ok","high",TRUE,1,"t1","T1","hb_sb_sit_min",NA,FALSE
"h4l15","hb_sb_sit_min_we_t1","T1 Total number of minutes spent sitting doing anything on a typical weekend day","numeric","Health Behaviour",NA,515,"ok","high",TRUE,1,"t1","T1","hb_sb_sit_min_we",NA,FALSE
"h4l15","hb_sb_trav_min_t1","T1 Total number of minutes spent sitting while traveling on a typical weekday","numeric","Health Behaviour",NA,516,"ok","high",TRUE,1,"t1","T1","hb_sb_trav_min",NA,FALSE
"h4l15","hb_sb_trav_min_we_t1","T1 Total number of minutes spent sitting while traveling on a typical weekend day","numeric","Health Behaviour",NA,517,"ok","high",TRUE,1,"t1","T1","hb_sb_trav_min_we",NA,FALSE
"h4l15","hb_diet_veg_rec_t1","T1 Vegetable consumption recoded","haven_labelled","Health Behaviour",NA,518,"ok","high",TRUE,1,"t1","T1","hb_diet_veg_rec","hb_diet_veg_rec",TRUE
"h4l15","hb_diet_vegrisk_t1","T1 Vegetable consumption risk variable","haven_labelled","Health Behaviour",NA,519,"ok","high",TRUE,1,"t1","T1","hb_diet_vegrisk","hb_diet_vegrisk",TRUE
"h4l15","hb_diet_yfas_bin_t1","T1 Yale food addiction scale diagnostic status","haven_labelled","Health Behaviour",NA,520,"ok","high",TRUE,1,"t1","T1","hb_diet_yfas_bin","hb_diet_yfas_bin",TRUE
"h4l15","hb_diet_yfas_tot_t1","T1 Yale food addiction scale symptom count","numeric","Health Behaviour",NA,521,"ok","high",TRUE,1,"t1","T1","hb_diet_yfas_tot",NA,FALSE
"h4l15","hb_diet_yfas_tot_miss_t1","T1 Yale food addiction scale symptom count with listwise deletion","numeric","Health Behaviour",NA,522,"ok","high",TRUE,1,"t1","T1","hb_diet_yfas_tot_miss",NA,FALSE
"h4l15","hb_sb_guide_cat_t2","T2 Average daily screen time categorical guidelines","haven_labelled","Health Behaviour",NA,523,"ok","high",TRUE,2,"t2","T2","hb_sb_guide_cat","hb_sb_guide_cat",TRUE
"h4l15","hb_sb_trav_min_avg_t2","T2 Average number of minutes spend sitting while traveling each day over a typical week","numeric","Health Behaviour",NA,524,"ok","high",TRUE,2,"t2","T2","hb_sb_trav_min_avg",NA,FALSE
"h4l15","hb_sb_read_min_avg_t2","T2 Average number of minutes spent reading each day over a typical week","numeric","Health Behaviour",NA,525,"ok","high",TRUE,2,"t2","T2","hb_sb_read_min_avg",NA,FALSE
"h4l15","hb_sb_sit_min_avg_t2","T2 Average number of minutes spent sitting doing anything each day over a typical week","numeric","Health Behaviour",NA,526,"ok","high",TRUE,2,"t2","T2","hb_sb_sit_min_avg",NA,FALSE
"h4l15","hb_sb_total_hrs_t2","T2 Combined average number of hours spent on TV and electronic devices each day over a typical week","numeric","Health Behaviour",NA,527,"ok","high",TRUE,2,"t2","T2","hb_sb_total_hrs",NA,FALSE
"h4l15","hb_diet_risk_t2","T2 Diet Risk variable","haven_labelled","Health Behaviour",NA,528,"ok","high",TRUE,2,"t2","T2","hb_diet_risk","hb_diet_risk",TRUE
"h4l15","hb_sd_edrisk_t2","T2 Electronic devices time risk variable","haven_labelled","Health Behaviour",NA,529,"ok","high",TRUE,2,"t2","T2","hb_sd_edrisk","hb_sd_edrisk",TRUE
"h4l15","hb_diet_fruit_rec_t2","T2 Fruit consumption recoded","haven_labelled","Health Behaviour",NA,530,"ok","high",TRUE,2,"t2","T2","hb_diet_fruit_rec","hb_diet_fruit_rec",TRUE
"h4l15","hb_diet_fruitrisk_t2","T2 Fruit consumption risk variable","haven_labelled","Health Behaviour",NA,531,"ok","high",TRUE,2,"t2","T2","hb_diet_fruitrisk","hb_diet_fruitrisk",TRUE
"h4l15","hb_diet_junk_tot_t2","T2 Junk food intake measure total score","numeric","Health Behaviour",NA,532,"ok","high",TRUE,2,"t2","T2","hb_diet_junk_tot",NA,FALSE
"h4l15","hb_diet_junk_tot_pror_t2","T2 Junk food intake measure total score prorated","numeric","Health Behaviour",NA,533,"ok","high",TRUE,2,"t2","T2","hb_diet_junk_tot_pror",NA,FALSE
"h4l15","hb_pa_mvpa7risk_t2","T2 MVPA in past seven days risk variable","haven_labelled","Health Behaviour",NA,534,"ok","high",TRUE,2,"t2","T2","hb_pa_mvpa7risk","hb_pa_mvpa7risk",TRUE
"h4l15","hb_pa_mvparisk_t2","T2 MVPA risk variable","haven_labelled","Health Behaviour",NA,535,"ok","high",TRUE,2,"t2","T2","hb_pa_mvparisk","hb_pa_mvparisk",TRUE
"h4l15","hb_risk_count_t2","T2 Number of risk variables","numeric","Health Behaviour",NA,536,"ok","high",TRUE,2,"t2","T2","hb_risk_count",NA,FALSE
"h4l15","hb_pa_selfeff_avg_t2","T2 Physical activity self-efficacy average score","numeric","Health Behaviour",NA,537,"ok","high",TRUE,2,"t2","T2","hb_pa_selfeff_avg",NA,FALSE
"h4l15","hb_pa_selfeff_avg_pror_t2","T2 Physical activity self-efficacy average score prorated","numeric","Health Behaviour",NA,538,"ok","high",TRUE,2,"t2","T2","hb_pa_selfeff_avg_pror",NA,FALSE
"h4l15","hb_pa_selfeff_tot_t2","T2 Physical activity self-efficacy scale total sum score","numeric","Health Behaviour",NA,539,"ok","high",TRUE,2,"t2","T2","hb_pa_selfeff_tot",NA,FALSE
"h4l15","hb_pa_selfeff_tot_pror_t2","T2 Physical activity self-efficacy scale total sum score prorated","numeric","Health Behaviour",NA,540,"ok","high",TRUE,2,"t2","T2","hb_pa_selfeff_tot_pror",NA,FALSE
"h4l15","hb_sd_screrisk_t2","T2 Screen time risk variable","haven_labelled","Health Behaviour",NA,541,"ok","high",TRUE,2,"t2","T2","hb_sd_screrisk","hb_sd_screrisk",TRUE
"h4l15","hb_diet_ssb_risk_t2","T2 Sugar sweetened beverages risk category","haven_labelled","Health Behaviour",NA,542,"ok","high",TRUE,2,"t2","T2","hb_diet_ssb_risk","hb_diet_ssb_risk",TRUE
"h4l15","hb_diet_ssbrisk_t2","T2 Sugar sweetened beverages risk variable","haven_labelled","Health Behaviour",NA,543,"ok","high",TRUE,2,"t2","T2","hb_diet_ssbrisk","hb_diet_ssbrisk",TRUE
"h4l15","hb_sd_tvrisk_t2","T2 TV screen time risk variable","haven_labelled","Health Behaviour",NA,544,"ok","high",TRUE,2,"t2","T2","hb_sd_tvrisk","hb_sd_tvrisk",TRUE
"h4l15","hb_sb_read_min_t2","T2 Total number of minutes spent reading on a typical weekday","numeric","Health Behaviour",NA,545,"ok","high",TRUE,2,"t2","T2","hb_sb_read_min",NA,FALSE
"h4l15","hb_sb_read_min_we_t2","T2 Total number of minutes spent reading on a typical weekend day","numeric","Health Behaviour",NA,546,"ok","high",TRUE,2,"t2","T2","hb_sb_read_min_we",NA,FALSE
"h4l15","hb_sb_sit_min_t2","T2 Total number of minutes spent sitting doing anything on a typical weekday","numeric","Health Behaviour",NA,547,"ok","high",TRUE,2,"t2","T2","hb_sb_sit_min",NA,FALSE
"h4l15","hb_sb_sit_min_we_t2","T2 Total number of minutes spent sitting doing anything on a typical weekend day","numeric","Health Behaviour",NA,548,"ok","high",TRUE,2,"t2","T2","hb_sb_sit_min_we",NA,FALSE
"h4l15","hb_sb_trav_min_t2","T2 Total number of minutes spent sitting while traveling on a typical weekday","numeric","Health Behaviour",NA,549,"ok","high",TRUE,2,"t2","T2","hb_sb_trav_min",NA,FALSE
"h4l15","hb_sb_trav_min_we_t2","T2 Total number of minutes spent sitting while traveling on a typical weekend day","numeric","Health Behaviour",NA,550,"ok","high",TRUE,2,"t2","T2","hb_sb_trav_min_we",NA,FALSE
"h4l15","hb_diet_veg_rec_t2","T2 Vegetable consumption recoded","haven_labelled","Health Behaviour",NA,551,"ok","high",TRUE,2,"t2","T2","hb_diet_veg_rec","hb_diet_veg_rec",TRUE
"h4l15","hb_diet_vegrisk_t2","T2 Vegetable consumption risk variable","haven_labelled","Health Behaviour",NA,552,"ok","high",TRUE,2,"t2","T2","hb_diet_vegrisk","hb_diet_vegrisk",TRUE
"h4l15","hb_sb_guide_cat_t3","T3 Average daily screen time categorical guidelines","haven_labelled","Health Behaviour",NA,553,"ok","high",TRUE,3,"t3","T3","hb_sb_guide_cat","hb_sb_guide_cat",TRUE
"h4l15","hb_sb_trav_min_avg_t3","T3 Average number of minutes spend sitting while traveling each day over a typical week","numeric","Health Behaviour",NA,554,"ok","high",TRUE,3,"t3","T3","hb_sb_trav_min_avg",NA,FALSE
"h4l15","hb_sb_read_min_avg_t3","T3 Average number of minutes spent reading each day over a typical week","numeric","Health Behaviour",NA,555,"ok","high",TRUE,3,"t3","T3","hb_sb_read_min_avg",NA,FALSE
"h4l15","hb_sb_sit_min_avg_t3","T3 Average number of minutes spent sitting doing anything each day over a typical week","numeric","Health Behaviour",NA,556,"ok","high",TRUE,3,"t3","T3","hb_sb_sit_min_avg",NA,FALSE
"h4l15","hb_sb_total_hrs_t3","T3 Combined average number of hours spent on TV and electronic devices each day over a typical week","numeric","Health Behaviour",NA,557,"ok","high",TRUE,3,"t3","T3","hb_sb_total_hrs",NA,FALSE
"h4l15","hb_diet_risk_t3","T3 Diet Risk variable","haven_labelled","Health Behaviour",NA,558,"ok","high",TRUE,3,"t3","T3","hb_diet_risk","hb_diet_risk",TRUE
"h4l15","hb_sd_edrisk_t3","T3 Electronic devices time risk variable","haven_labelled","Health Behaviour",NA,559,"ok","high",TRUE,3,"t3","T3","hb_sd_edrisk","hb_sd_edrisk",TRUE
"h4l15","hb_diet_fruit_rec_t3","T3 Fruit consumption recoded","haven_labelled","Health Behaviour",NA,560,"ok","high",TRUE,3,"t3","T3","hb_diet_fruit_rec","hb_diet_fruit_rec",TRUE
"h4l15","hb_diet_fruitrisk_t3","T3 Fruit consumption risk variable","haven_labelled","Health Behaviour",NA,561,"ok","high",TRUE,3,"t3","T3","hb_diet_fruitrisk","hb_diet_fruitrisk",TRUE
"h4l15","hb_diet_junk_tot_t3","T3 Junk food intake measure total score","numeric","Health Behaviour",NA,562,"ok","high",TRUE,3,"t3","T3","hb_diet_junk_tot",NA,FALSE
"h4l15","hb_diet_junk_tot_pror_t3","T3 Junk food intake measure total score prorated","numeric","Health Behaviour",NA,563,"ok","high",TRUE,3,"t3","T3","hb_diet_junk_tot_pror",NA,FALSE
"h4l15","hb_pa_mvpa7risk_t3","T3 MVPA in past seven days risk variable","haven_labelled","Health Behaviour",NA,564,"ok","high",TRUE,3,"t3","T3","hb_pa_mvpa7risk","hb_pa_mvpa7risk",TRUE
"h4l15","hb_pa_mvparisk_t3","T3 MVPA risk variable","haven_labelled","Health Behaviour",NA,565,"ok","high",TRUE,3,"t3","T3","hb_pa_mvparisk","hb_pa_mvparisk",TRUE
"h4l15","hb_risk_count_t3","T3 Number of risk variables","numeric","Health Behaviour",NA,566,"ok","high",TRUE,3,"t3","T3","hb_risk_count",NA,FALSE
"h4l15","hb_sd_screrisk_t3","T3 Screen time risk variable","haven_labelled","Health Behaviour",NA,567,"ok","high",TRUE,3,"t3","T3","hb_sd_screrisk","hb_sd_screrisk",TRUE
"h4l15","hb_diet_ssb_risk_t3","T3 Sugar sweetened beverages risk category","haven_labelled","Health Behaviour",NA,568,"ok","high",TRUE,3,"t3","T3","hb_diet_ssb_risk","hb_diet_ssb_risk",TRUE
"h4l15","hb_diet_ssbrisk_t3","T3 Sugar sweetened beverages risk variable","haven_labelled","Health Behaviour",NA,569,"ok","high",TRUE,3,"t3","T3","hb_diet_ssbrisk","hb_diet_ssbrisk",TRUE
"h4l15","hb_sd_tvrisk_t3","T3 TV screen time risk variable","haven_labelled","Health Behaviour",NA,570,"ok","high",TRUE,3,"t3","T3","hb_sd_tvrisk","hb_sd_tvrisk",TRUE
"h4l15","hb_sb_read_min_t3","T3 Total number of minutes spent reading on a typical weekday","numeric","Health Behaviour",NA,571,"ok","high",TRUE,3,"t3","T3","hb_sb_read_min",NA,FALSE
"h4l15","hb_sb_read_min_we_t3","T3 Total number of minutes spent reading on a typical weekend day","numeric","Health Behaviour",NA,572,"ok","high",TRUE,3,"t3","T3","hb_sb_read_min_we",NA,FALSE
"h4l15","hb_sb_sit_min_t3","T3 Total number of minutes spent sitting doing anything on a typical weekday","numeric","Health Behaviour",NA,573,"ok","high",TRUE,3,"t3","T3","hb_sb_sit_min",NA,FALSE
"h4l15","hb_sb_sit_min_we_t3","T3 Total number of minutes spent sitting doing anything on a typical weekend day","numeric","Health Behaviour",NA,574,"ok","high",TRUE,3,"t3","T3","hb_sb_sit_min_we",NA,FALSE
"h4l15","hb_sb_trav_min_t3","T3 Total number of minutes spent sitting while traveling on a typical weekday","numeric","Health Behaviour",NA,575,"ok","high",TRUE,3,"t3","T3","hb_sb_trav_min",NA,FALSE
"h4l15","hb_sb_trav_min_we_t3","T3 Total number of minutes spent sitting while traveling on a typical weekend day","numeric","Health Behaviour",NA,576,"ok","high",TRUE,3,"t3","T3","hb_sb_trav_min_we",NA,FALSE
"h4l15","hb_diet_veg_rec_t3","T3 Vegetable consumption recoded","haven_labelled","Health Behaviour",NA,577,"ok","high",TRUE,3,"t3","T3","hb_diet_veg_rec","hb_diet_veg_rec",TRUE
"h4l15","hb_diet_vegrisk_t3","T3 Vegetable consumption risk variable","haven_labelled","Health Behaviour",NA,578,"ok","high",TRUE,3,"t3","T3","hb_diet_vegrisk","hb_diet_vegrisk",TRUE
"h4l15","hb_sb_guide_cat_t4","T4 Average daily screen time categorical guidelines","haven_labelled","Health Behaviour",NA,579,"ok","high",TRUE,4,"t4","T4","hb_sb_guide_cat","hb_sb_guide_cat",TRUE
"h4l15","hb_sb_trav_min_avg_t4","T4 Average number of minutes spend sitting while traveling each day over a typical week","numeric","Health Behaviour",NA,580,"ok","high",TRUE,4,"t4","T4","hb_sb_trav_min_avg",NA,FALSE
"h4l15","hb_sb_read_min_avg_t4","T4 Average number of minutes spent reading each day over a typical week","numeric","Health Behaviour",NA,581,"ok","high",TRUE,4,"t4","T4","hb_sb_read_min_avg",NA,FALSE
"h4l15","hb_sb_sit_min_avg_t4","T4 Average number of minutes spent sitting doing anything each day over a typical week","numeric","Health Behaviour",NA,582,"ok","high",TRUE,4,"t4","T4","hb_sb_sit_min_avg",NA,FALSE
"h4l15","hb_sb_total_hrs_t4","T4 Combined average number of hours spent on TV and electronic devices each day over a typical week","numeric","Health Behaviour",NA,583,"ok","high",TRUE,4,"t4","T4","hb_sb_total_hrs",NA,FALSE
"h4l15","hb_diet_risk_t4","T4 Diet Risk variable","haven_labelled","Health Behaviour",NA,584,"ok","high",TRUE,4,"t4","T4","hb_diet_risk","hb_diet_risk",TRUE
"h4l15","hb_sd_edrisk_t4","T4 Electronic devices time risk variable","haven_labelled","Health Behaviour",NA,585,"ok","high",TRUE,4,"t4","T4","hb_sd_edrisk","hb_sd_edrisk",TRUE
"h4l15","hb_diet_fruit_rec_t4","T4 Fruit consumption recoded","haven_labelled","Health Behaviour",NA,586,"ok","high",TRUE,4,"t4","T4","hb_diet_fruit_rec","hb_diet_fruit_rec",TRUE
"h4l15","hb_diet_fruitrisk_t4","T4 Fruit consumption risk variable","haven_labelled","Health Behaviour",NA,587,"ok","high",TRUE,4,"t4","T4","hb_diet_fruitrisk","hb_diet_fruitrisk",TRUE
"h4l15","hb_diet_junk_tot_t4","T4 Junk food intake measure total score","numeric","Health Behaviour",NA,588,"ok","high",TRUE,4,"t4","T4","hb_diet_junk_tot",NA,FALSE
"h4l15","hb_diet_junk_tot_pror_t4","T4 Junk food intake measure total score prorated","numeric","Health Behaviour",NA,589,"ok","high",TRUE,4,"t4","T4","hb_diet_junk_tot_pror",NA,FALSE
"h4l15","hb_pa_mvpa7risk_t4","T4 MVPA in past seven days risk variable","haven_labelled","Health Behaviour",NA,590,"ok","high",TRUE,4,"t4","T4","hb_pa_mvpa7risk","hb_pa_mvpa7risk",TRUE
"h4l15","hb_pa_mvparisk_t4","T4 MVPA risk variable","haven_labelled","Health Behaviour",NA,591,"ok","high",TRUE,4,"t4","T4","hb_pa_mvparisk","hb_pa_mvparisk",TRUE
"h4l15","hb_risk_count_t4","T4 Number of risk variables","numeric","Health Behaviour",NA,592,"ok","high",TRUE,4,"t4","T4","hb_risk_count",NA,FALSE
"h4l15","hb_sd_screrisk_t4","T4 Screen time risk variable","haven_labelled","Health Behaviour",NA,593,"ok","high",TRUE,4,"t4","T4","hb_sd_screrisk","hb_sd_screrisk",TRUE
"h4l15","hb_diet_ssb_risk_t4","T4 Sugar sweetened beverages risk category","haven_labelled","Health Behaviour",NA,594,"ok","high",TRUE,4,"t4","T4","hb_diet_ssb_risk","hb_diet_ssb_risk",TRUE
"h4l15","hb_diet_ssbrisk_t4","T4 Sugar sweetened beverages risk variable","haven_labelled","Health Behaviour",NA,595,"ok","high",TRUE,4,"t4","T4","hb_diet_ssbrisk","hb_diet_ssbrisk",TRUE
"h4l15","hb_sd_tvrisk_t4","T4 TV screen time risk variable","haven_labelled","Health Behaviour",NA,596,"ok","high",TRUE,4,"t4","T4","hb_sd_tvrisk","hb_sd_tvrisk",TRUE
"h4l15","hb_sb_read_min_t4","T4 Total number of minutes spent reading on a typical weekday","numeric","Health Behaviour",NA,597,"ok","high",TRUE,4,"t4","T4","hb_sb_read_min",NA,FALSE
"h4l15","hb_sb_read_min_we_t4","T4 Total number of minutes spent reading on a typical weekend day","numeric","Health Behaviour",NA,598,"ok","high",TRUE,4,"t4","T4","hb_sb_read_min_we",NA,FALSE
"h4l15","hb_sb_sit_min_t4","T4 Total number of minutes spent sitting doing anything on a typical weekday","numeric","Health Behaviour",NA,599,"ok","high",TRUE,4,"t4","T4","hb_sb_sit_min",NA,FALSE
"h4l15","hb_sb_sit_min_we_t4","T4 Total number of minutes spent sitting doing anything on a typical weekend day","numeric","Health Behaviour",NA,600,"ok","high",TRUE,4,"t4","T4","hb_sb_sit_min_we",NA,FALSE
"h4l15","hb_sb_trav_min_t4","T4 Total number of minutes spent sitting while traveling on a typical weekday","numeric","Health Behaviour",NA,601,"ok","high",TRUE,4,"t4","T4","hb_sb_trav_min",NA,FALSE
"h4l15","hb_sb_trav_min_we_t4","T4 Total number of minutes spent sitting while traveling on a typical weekend day","numeric","Health Behaviour",NA,602,"ok","high",TRUE,4,"t4","T4","hb_sb_trav_min_we",NA,FALSE
"h4l15","hb_diet_veg_rec_t4","T4 Vegetable consumption recoded","haven_labelled","Health Behaviour",NA,603,"ok","high",TRUE,4,"t4","T4","hb_diet_veg_rec","hb_diet_veg_rec",TRUE
"h4l15","hb_diet_vegrisk_t4","T4 Vegetable consumption risk variable","haven_labelled","Health Behaviour",NA,604,"ok","high",TRUE,4,"t4","T4","hb_diet_vegrisk","hb_diet_vegrisk",TRUE
"h4l15","hb_sb_guide_cat_t5","T5 Average daily screen time categorical guidelines","haven_labelled","Health Behaviour",NA,605,"ok","high",TRUE,5,"t5","T5","hb_sb_guide_cat","hb_sb_guide_cat",TRUE
"h4l15","hb_sb_trav_min_avg_t5","T5 Average number of minutes spend sitting while traveling each day over a typical week","numeric","Health Behaviour",NA,606,"ok","high",TRUE,5,"t5","T5","hb_sb_trav_min_avg",NA,FALSE
"h4l15","hb_sb_read_min_avg_t5","T5 Average number of minutes spent reading each day over a typical week","numeric","Health Behaviour",NA,607,"ok","high",TRUE,5,"t5","T5","hb_sb_read_min_avg",NA,FALSE
"h4l15","hb_sb_sit_min_avg_t5","T5 Average number of minutes spent sitting doing anything each day over a typical week","numeric","Health Behaviour",NA,608,"ok","high",TRUE,5,"t5","T5","hb_sb_sit_min_avg",NA,FALSE
"h4l15","hb_sb_total_hrs_t5","T5 Combined average number of hours spent on TV and electronic devices each day over a typical week","numeric","Health Behaviour",NA,609,"ok","high",TRUE,5,"t5","T5","hb_sb_total_hrs",NA,FALSE
"h4l15","hb_diet_risk_t5","T5 Diet Risk variable","haven_labelled","Health Behaviour",NA,610,"ok","high",TRUE,5,"t5","T5","hb_diet_risk","hb_diet_risk",TRUE
"h4l15","hb_sd_edrisk_t5","T5 Electronic devices time risk variable","haven_labelled","Health Behaviour",NA,611,"ok","high",TRUE,5,"t5","T5","hb_sd_edrisk","hb_sd_edrisk",TRUE
"h4l15","hb_diet_fruit_rec_t5","T5 Fruit consumption recoded","haven_labelled","Health Behaviour",NA,612,"ok","high",TRUE,5,"t5","T5","hb_diet_fruit_rec","hb_diet_fruit_rec",TRUE
"h4l15","hb_diet_fruitrisk_t5","T5 Fruit consumption risk variable","haven_labelled","Health Behaviour",NA,613,"ok","high",TRUE,5,"t5","T5","hb_diet_fruitrisk","hb_diet_fruitrisk",TRUE
"h4l15","hb_diet_junk_tot_t5","T5 Junk food intake measure total score","numeric","Health Behaviour",NA,614,"ok","high",TRUE,5,"t5","T5","hb_diet_junk_tot",NA,FALSE
"h4l15","hb_diet_junk_tot_pror_t5","T5 Junk food intake measure total score prorated","numeric","Health Behaviour",NA,615,"ok","high",TRUE,5,"t5","T5","hb_diet_junk_tot_pror",NA,FALSE
"h4l15","hb_pa_mvpa7risk_t5","T5 MVPA in past seven days risk variable","haven_labelled","Health Behaviour",NA,616,"ok","high",TRUE,5,"t5","T5","hb_pa_mvpa7risk","hb_pa_mvpa7risk",TRUE
"h4l15","hb_pa_mvparisk_t5","T5 MVPA risk variable","haven_labelled","Health Behaviour",NA,617,"ok","high",TRUE,5,"t5","T5","hb_pa_mvparisk","hb_pa_mvparisk",TRUE
"h4l15","hb_risk_count_t5","T5 Number of risk variables","numeric","Health Behaviour",NA,618,"ok","high",TRUE,5,"t5","T5","hb_risk_count",NA,FALSE
"h4l15","hb_sd_screrisk_t5","T5 Screen time risk variable","haven_labelled","Health Behaviour",NA,619,"ok","high",TRUE,5,"t5","T5","hb_sd_screrisk","hb_sd_screrisk",TRUE
"h4l15","hb_diet_ssb_risk_t5","T5 Sugar sweetened beverages risk category","haven_labelled","Health Behaviour",NA,620,"ok","high",TRUE,5,"t5","T5","hb_diet_ssb_risk","hb_diet_ssb_risk",TRUE
"h4l15","hb_diet_ssbrisk_t5","T5 Sugar sweetened beverages risk variable","haven_labelled","Health Behaviour",NA,621,"ok","high",TRUE,5,"t5","T5","hb_diet_ssbrisk","hb_diet_ssbrisk",TRUE
"h4l15","hb_sd_tvrisk_t5","T5 TV screen time risk variable","haven_labelled","Health Behaviour",NA,622,"ok","high",TRUE,5,"t5","T5","hb_sd_tvrisk","hb_sd_tvrisk",TRUE
"h4l15","hb_sb_read_min_t5","T5 Total number of minutes spent reading on a typical weekday","numeric","Health Behaviour",NA,623,"ok","high",TRUE,5,"t5","T5","hb_sb_read_min",NA,FALSE
"h4l15","hb_sb_read_min_we_t5","T5 Total number of minutes spent reading on a typical weekend day","numeric","Health Behaviour",NA,624,"ok","high",TRUE,5,"t5","T5","hb_sb_read_min_we",NA,FALSE
"h4l15","hb_sb_sit_min_t5","T5 Total number of minutes spent sitting doing anything on a typical weekday","numeric","Health Behaviour",NA,625,"ok","high",TRUE,5,"t5","T5","hb_sb_sit_min",NA,FALSE
"h4l15","hb_sb_sit_min_we_t5","T5 Total number of minutes spent sitting doing anything on a typical weekend day","numeric","Health Behaviour",NA,626,"ok","high",TRUE,5,"t5","T5","hb_sb_sit_min_we",NA,FALSE
"h4l15","hb_sb_trav_min_t5","T5 Total number of minutes spent sitting while traveling on a typical weekday","numeric","Health Behaviour",NA,627,"ok","high",TRUE,5,"t5","T5","hb_sb_trav_min",NA,FALSE
"h4l15","hb_sb_trav_min_we_t5","T5 Total number of minutes spent sitting while traveling on a typical weekend day","numeric","Health Behaviour",NA,628,"ok","high",TRUE,5,"t5","T5","hb_sb_trav_min_we",NA,FALSE
"h4l15","hb_diet_veg_rec_t5","T5 Vegetable consumption recoded","haven_labelled","Health Behaviour",NA,629,"ok","high",TRUE,5,"t5","T5","hb_diet_veg_rec","hb_diet_veg_rec",TRUE
"h4l15","hb_diet_vegrisk_t5","T5 Vegetable consumption risk variable","haven_labelled","Health Behaviour",NA,630,"ok","high",TRUE,5,"t5","T5","hb_diet_vegrisk","hb_diet_vegrisk",TRUE
"h4l15","know_h4l_20_t1","T1 Healthy habits established during childhood and adolescence often continue into adulthood.","haven_labelled","Knowledge","Health Knowledge",1,"ok","high",TRUE,1,"t1","T1","know_h4l_20","know_h4l_20",TRUE
"h4l15","know_h4l_19_t1","T1 Positively changing one health habit means you are more likely to change another.","haven_labelled","Knowledge","Health Knowledge",2,"ok","high",TRUE,1,"t1","T1","know_h4l_19","know_h4l_19",TRUE
"h4l15","know_h4l_sum_t1","T1 Total knowledge scale sum score","numeric","Knowledge","Health Knowledge",3,"ok","high",TRUE,1,"t1","T1","know_h4l_sum",NA,FALSE
"h4l15","know_h4l_sum_pror_t1","T1 Total knowledge scale sum score prorated","numeric","Knowledge","Health Knowledge",4,"ok","high",TRUE,1,"t1","T1","know_h4l_sum_pror",NA,FALSE
"h4l15","know_h4l_20_t2","T2 Healthy habits established during childhood and adolescence often continue into adulthood.","haven_labelled","Knowledge","Health Knowledge",5,"ok","high",TRUE,2,"t2","T2","know_h4l_20","know_h4l_20",TRUE
"h4l15","know_h4l_19_t2","T2 Positively changing one health habit means you are more likely to change another.","haven_labelled","Knowledge","Health Knowledge",6,"ok","high",TRUE,2,"t2","T2","know_h4l_19","know_h4l_19",TRUE
"h4l15","know_h4l_sum_t2","T2 Total knowledge scale sum score","numeric","Knowledge","Health Knowledge",7,"ok","high",TRUE,2,"t2","T2","know_h4l_sum",NA,FALSE
"h4l15","know_h4l_sum_pror_t2","T2 Total knowledge scale sum score prorated","numeric","Knowledge","Health Knowledge",8,"ok","high",TRUE,2,"t2","T2","know_h4l_sum_pror",NA,FALSE
"h4l15","know_h4l_19_bin_t2","T2_know19r","haven_labelled","Knowledge","Health Knowledge",9,"ok","high",TRUE,2,"t2","T2","know_h4l_19_bin","know_h4l_19_bin",TRUE
"h4l15","know_h4l_20_bin_t2","T2_know20r","haven_labelled","Knowledge","Health Knowledge",10,"ok","high",TRUE,2,"t2","T2","know_h4l_20_bin","know_h4l_20_bin",TRUE
"h4l15","know_h4l_20_t3","T3 Healthy habits established during childhood and adolescence often continue into adulthood.","haven_labelled","Knowledge","Health Knowledge",11,"ok","high",TRUE,3,"t3","T3","know_h4l_20","know_h4l_20",TRUE
"h4l15","know_h4l_19_t3","T3 Positively changing one health habit means you are more likely to change another.","haven_labelled","Knowledge","Health Knowledge",12,"ok","high",TRUE,3,"t3","T3","know_h4l_19","know_h4l_19",TRUE
"h4l15","know_h4l_sum_t3","T3 Total knowledge scale sum score","numeric","Knowledge","Health Knowledge",13,"ok","high",TRUE,3,"t3","T3","know_h4l_sum",NA,FALSE
"h4l15","know_h4l_sum_pror_t3","T3 Total knowledge scale sum score prorated","numeric","Knowledge","Health Knowledge",14,"ok","high",TRUE,3,"t3","T3","know_h4l_sum_pror",NA,FALSE
"h4l15","know_h4l_19_bin_t3","T3_know19r","haven_labelled","Knowledge","Health Knowledge",15,"ok","high",TRUE,3,"t3","T3","know_h4l_19_bin","know_h4l_19_bin",TRUE
"h4l15","know_h4l_20_bin_t3","T3_know20r","haven_labelled","Knowledge","Health Knowledge",16,"ok","high",TRUE,3,"t3","T3","know_h4l_20_bin","know_h4l_20_bin",TRUE
"h4l15","know_h4l_20_t4","T4 Healthy habits established during childhood and adolescence often continue into adulthood.","haven_labelled","Knowledge","Health Knowledge",17,"ok","high",TRUE,4,"t4","T4","know_h4l_20","know_h4l_20",TRUE
"h4l15","know_h4l_19_t4","T4 Positively changing one health habit means you are more likely to change another.","haven_labelled","Knowledge","Health Knowledge",18,"ok","high",TRUE,4,"t4","T4","know_h4l_19","know_h4l_19",TRUE
"h4l15","know_h4l_sum_t4","T4 Total knowledge scale sum score","numeric","Knowledge","Health Knowledge",19,"ok","high",TRUE,4,"t4","T4","know_h4l_sum",NA,FALSE
"h4l15","know_h4l_sum_pror_t4","T4 Total knowledge scale sum score prorated","numeric","Knowledge","Health Knowledge",20,"ok","high",TRUE,4,"t4","T4","know_h4l_sum_pror",NA,FALSE
"h4l15","know_h4l_19_bin_t4","T4_know19r","haven_labelled","Knowledge","Health Knowledge",21,"ok","high",TRUE,4,"t4","T4","know_h4l_19_bin","know_h4l_19_bin",TRUE
"h4l15","know_h4l_20_bin_t4","T4_know20r","haven_labelled","Knowledge","Health Knowledge",22,"ok","high",TRUE,4,"t4","T4","know_h4l_20_bin","know_h4l_20_bin",TRUE
"h4l15","know_h4l_19_bin_t1","t1_know19r","haven_labelled","Knowledge","Health Knowledge",23,"ok","high",TRUE,1,"t1","T1","know_h4l_19_bin","know_h4l_19_bin",TRUE
"h4l15","know_h4l_20_bin_t1","t1_know20r","haven_labelled","Knowledge","Health Knowledge",24,"ok","high",TRUE,1,"t1","T1","know_h4l_20_bin","know_h4l_20_bin",TRUE
"h4l15","know_h4l_09_t1","T1 According to the Australian guidelines, Australians should eat at least two serves of fruit and three serves of vegetables per day.","haven_labelled","Knowledge","Nutrition Knowledge",25,"ok","high",TRUE,1,"t1","T1","know_h4l_09","know_h4l_09",TRUE
"h4l15","know_h4l_10_t1","T1 According to the Australian guidelines, it is OK for young people to engage in up to four hours of sedentary recreational screen time per day.","haven_labelled","Knowledge","Nutrition Knowledge",26,"ok","high",TRUE,1,"t1","T1","know_h4l_10","know_h4l_10",TRUE
"h4l15","know_h4l_08_t1","T1 Limiting how much sugar, saturated fats and salts you eat can improve your mood and energy levels.","haven_labelled","Knowledge","Nutrition Knowledge",27,"ok","high",TRUE,1,"t1","T1","know_h4l_08","know_h4l_08",TRUE
"h4l15","know_h4l_07_t1","T1 There are only three main food groups that you should eat from to achieve a balanced diet.","haven_labelled","Knowledge","Nutrition Knowledge",28,"ok","high",TRUE,1,"t1","T1","know_h4l_07","know_h4l_07",TRUE
"h4l15","know_h4l_11_t1","T1 Watching TV or playing videogames for hours each day can be harmful to my health.","haven_labelled","Knowledge","Nutrition Knowledge",29,"ok","high",TRUE,1,"t1","T1","know_h4l_11","know_h4l_11",TRUE
"h4l15","know_h4l_09_t2","T2 According to the Australian guidelines, Australians should eat at least two serves of fruit and three serves of vegetables per day.","haven_labelled","Knowledge","Nutrition Knowledge",30,"ok","high",TRUE,2,"t2","T2","know_h4l_09","know_h4l_09",TRUE
"h4l15","know_h4l_10_t2","T2 According to the Australian guidelines, it is OK for young people to engage in up to four hours of sedentary recreational screen time per day.","haven_labelled","Knowledge","Nutrition Knowledge",31,"ok","high",TRUE,2,"t2","T2","know_h4l_10","know_h4l_10",TRUE
"h4l15","know_h4l_08_t2","T2 Limiting how much sugar, saturated fats and salts you eat can improve your mood and energy levels.","haven_labelled","Knowledge","Nutrition Knowledge",32,"ok","high",TRUE,2,"t2","T2","know_h4l_08","know_h4l_08",TRUE
"h4l15","know_h4l_07_t2","T2 There are only three main food groups that you should eat from to achieve a balanced diet.","haven_labelled","Knowledge","Nutrition Knowledge",33,"ok","high",TRUE,2,"t2","T2","know_h4l_07","know_h4l_07",TRUE
"h4l15","know_h4l_11_t2","T2 Watching TV or playing videogames for hours each day can be harmful to my health.","haven_labelled","Knowledge","Nutrition Knowledge",34,"ok","high",TRUE,2,"t2","T2","know_h4l_11","know_h4l_11",TRUE
"h4l15","know_h4l_10_bin_t2","T2_know10r","haven_labelled","Knowledge","Nutrition Knowledge",35,"ok","high",TRUE,2,"t2","T2","know_h4l_10_bin","know_h4l_10_bin",TRUE
"h4l15","know_h4l_11_bin_t2","T2_know11r","haven_labelled","Knowledge","Nutrition Knowledge",36,"ok","high",TRUE,2,"t2","T2","know_h4l_11_bin","know_h4l_11_bin",TRUE
"h4l15","know_h4l_07_bin_t2","T2_know7r","haven_labelled","Knowledge","Nutrition Knowledge",37,"ok","high",TRUE,2,"t2","T2","know_h4l_07_bin","know_h4l_07_bin",TRUE
"h4l15","know_h4l_08_bin_t2","T2_know8r","haven_labelled","Knowledge","Nutrition Knowledge",38,"ok","high",TRUE,2,"t2","T2","know_h4l_08_bin","know_h4l_08_bin",TRUE
"h4l15","know_h4l_09_bin_t2","T2_know9r","haven_labelled","Knowledge","Nutrition Knowledge",39,"ok","high",TRUE,2,"t2","T2","know_h4l_09_bin","know_h4l_09_bin",TRUE
"h4l15","know_h4l_09_t3","T3 According to the Australian guidelines, Australians should eat at least two serves of fruit and three serves of vegetables per day.","haven_labelled","Knowledge","Nutrition Knowledge",40,"ok","high",TRUE,3,"t3","T3","know_h4l_09","know_h4l_09",TRUE
"h4l15","know_h4l_10_t3","T3 According to the Australian guidelines, it is OK for young people to engage in up to four hours of sedentary recreational screen time per day.","haven_labelled","Knowledge","Nutrition Knowledge",41,"ok","high",TRUE,3,"t3","T3","know_h4l_10","know_h4l_10",TRUE
"h4l15","know_h4l_08_t3","T3 Limiting how much sugar, saturated fats and salts you eat can improve your mood and energy levels.","haven_labelled","Knowledge","Nutrition Knowledge",42,"ok","high",TRUE,3,"t3","T3","know_h4l_08","know_h4l_08",TRUE
"h4l15","know_h4l_07_t3","T3 There are only three main food groups that you should eat from to achieve a balanced diet.","haven_labelled","Knowledge","Nutrition Knowledge",43,"ok","high",TRUE,3,"t3","T3","know_h4l_07","know_h4l_07",TRUE
"h4l15","know_h4l_11_t3","T3 Watching TV or playing videogames for hours each day can be harmful to my health.","haven_labelled","Knowledge","Nutrition Knowledge",44,"ok","high",TRUE,3,"t3","T3","know_h4l_11","know_h4l_11",TRUE
"h4l15","know_h4l_10_bin_t3","T3_know10r","haven_labelled","Knowledge","Nutrition Knowledge",45,"ok","high",TRUE,3,"t3","T3","know_h4l_10_bin","know_h4l_10_bin",TRUE
"h4l15","know_h4l_11_bin_t3","T3_know11r","haven_labelled","Knowledge","Nutrition Knowledge",46,"ok","high",TRUE,3,"t3","T3","know_h4l_11_bin","know_h4l_11_bin",TRUE
"h4l15","know_h4l_07_bin_t3","T3_know7r","haven_labelled","Knowledge","Nutrition Knowledge",47,"ok","high",TRUE,3,"t3","T3","know_h4l_07_bin","know_h4l_07_bin",TRUE
"h4l15","know_h4l_08_bin_t3","T3_know8r","haven_labelled","Knowledge","Nutrition Knowledge",48,"ok","high",TRUE,3,"t3","T3","know_h4l_08_bin","know_h4l_08_bin",TRUE
"h4l15","know_h4l_09_bin_t3","T3_know9r","haven_labelled","Knowledge","Nutrition Knowledge",49,"ok","high",TRUE,3,"t3","T3","know_h4l_09_bin","know_h4l_09_bin",TRUE
"h4l15","know_h4l_09_t4","T4 According to the Australian guidelines, Australians should eat at least two serves of fruit and three serves of vegetables per day.","haven_labelled","Knowledge","Nutrition Knowledge",50,"ok","high",TRUE,4,"t4","T4","know_h4l_09","know_h4l_09",TRUE
"h4l15","know_h4l_10_t4","T4 According to the Australian guidelines, it is OK for young people to engage in up to four hours of sedentary recreational screen time per day.","haven_labelled","Knowledge","Nutrition Knowledge",51,"ok","high",TRUE,4,"t4","T4","know_h4l_10","know_h4l_10",TRUE
"h4l15","know_h4l_08_t4","T4 Limiting how much sugar, saturated fats and salts you eat can improve your mood and energy levels.","haven_labelled","Knowledge","Nutrition Knowledge",52,"ok","high",TRUE,4,"t4","T4","know_h4l_08","know_h4l_08",TRUE
"h4l15","know_h4l_07_t4","T4 There are only three main food groups that you should eat from to achieve a balanced diet.","haven_labelled","Knowledge","Nutrition Knowledge",53,"ok","high",TRUE,4,"t4","T4","know_h4l_07","know_h4l_07",TRUE
"h4l15","know_h4l_11_t4","T4 Watching TV or playing videogames for hours each day can be harmful to my health.","haven_labelled","Knowledge","Nutrition Knowledge",54,"ok","high",TRUE,4,"t4","T4","know_h4l_11","know_h4l_11",TRUE
"h4l15","know_h4l_10_bin_t4","T4_know10r","haven_labelled","Knowledge","Nutrition Knowledge",55,"ok","high",TRUE,4,"t4","T4","know_h4l_10_bin","know_h4l_10_bin",TRUE
"h4l15","know_h4l_11_bin_t4","T4_know11r","haven_labelled","Knowledge","Nutrition Knowledge",56,"ok","high",TRUE,4,"t4","T4","know_h4l_11_bin","know_h4l_11_bin",TRUE
"h4l15","know_h4l_07_bin_t4","T4_know7r","haven_labelled","Knowledge","Nutrition Knowledge",57,"ok","high",TRUE,4,"t4","T4","know_h4l_07_bin","know_h4l_07_bin",TRUE
"h4l15","know_h4l_08_bin_t4","T4_know8r","haven_labelled","Knowledge","Nutrition Knowledge",58,"ok","high",TRUE,4,"t4","T4","know_h4l_08_bin","know_h4l_08_bin",TRUE
"h4l15","know_h4l_09_bin_t4","T4_know9r","haven_labelled","Knowledge","Nutrition Knowledge",59,"ok","high",TRUE,4,"t4","T4","know_h4l_09_bin","know_h4l_09_bin",TRUE
"h4l15","know_h4l_10_bin_t1","t1_know10r","haven_labelled","Knowledge","Nutrition Knowledge",60,"ok","high",TRUE,1,"t1","T1","know_h4l_10_bin","know_h4l_10_bin",TRUE
"h4l15","know_h4l_11_bin_t1","t1_know11r","haven_labelled","Knowledge","Nutrition Knowledge",61,"ok","high",TRUE,1,"t1","T1","know_h4l_11_bin","know_h4l_11_bin",TRUE
"h4l15","know_h4l_07_bin_t1","t1_know7r","haven_labelled","Knowledge","Nutrition Knowledge",62,"ok","high",TRUE,1,"t1","T1","know_h4l_07_bin","know_h4l_07_bin",TRUE
"h4l15","know_h4l_08_bin_t1","t1_know8r","haven_labelled","Knowledge","Nutrition Knowledge",63,"ok","high",TRUE,1,"t1","T1","know_h4l_08_bin","know_h4l_08_bin",TRUE
"h4l15","know_h4l_09_bin_t1","t1_know9r","haven_labelled","Knowledge","Nutrition Knowledge",64,"ok","high",TRUE,1,"t1","T1","know_h4l_09_bin","know_h4l_09_bin",TRUE
"h4l15","know_h4l_05_t1","T1 Light activity, such as walking, is important for my health.","haven_labelled","Knowledge","Physical Activity Knowledge",65,"ok","high",TRUE,1,"t1","T1","know_h4l_05","know_h4l_05",TRUE
"h4l15","know_h4l_12_t1","T1 Replacing recreational screen time with extra moderate-to-vigorous physical activity can lead to greater health benefits.","haven_labelled","Knowledge","Physical Activity Knowledge",66,"ok","high",TRUE,1,"t1","T1","know_h4l_12","know_h4l_12",TRUE
"h4l15","know_h4l_06_t1","T1 Resistance training is a type of physical activity that can help to strengthen muscles and bones.","haven_labelled","Knowledge","Physical Activity Knowledge",67,"ok","high",TRUE,1,"t1","T1","know_h4l_06","know_h4l_06",TRUE
"h4l15","know_h4l_04_t1","T1 To meet the Australian guidelines for people my age, I should do 40 minutes of moderate-to-vigorous physical activity each day.","haven_labelled","Knowledge","Physical Activity Knowledge",68,"ok","high",TRUE,1,"t1","T1","know_h4l_04","know_h4l_04",TRUE
"h4l15","know_h4l_05_t2","T2 Light activity, such as walking, is important for my health.","haven_labelled","Knowledge","Physical Activity Knowledge",69,"ok","high",TRUE,2,"t2","T2","know_h4l_05","know_h4l_05",TRUE
"h4l15","know_h4l_12_t2","T2 Replacing recreational screen time with extra moderate-to-vigorous physical activity can lead to greater health benefits.","haven_labelled","Knowledge","Physical Activity Knowledge",70,"ok","high",TRUE,2,"t2","T2","know_h4l_12","know_h4l_12",TRUE
"h4l15","know_h4l_06_t2","T2 Resistance training is a type of physical activity that can help to strengthen muscles and bones.","haven_labelled","Knowledge","Physical Activity Knowledge",71,"ok","high",TRUE,2,"t2","T2","know_h4l_06","know_h4l_06",TRUE
"h4l15","know_h4l_04_t2","T2 To meet the Australian guidelines for people my age, I should do 40 minutes of moderate-to-vigorous physical activity each day.","haven_labelled","Knowledge","Physical Activity Knowledge",72,"ok","high",TRUE,2,"t2","T2","know_h4l_04","know_h4l_04",TRUE
"h4l15","know_h4l_12_bin_t2","T2_know12r","haven_labelled","Knowledge","Physical Activity Knowledge",73,"ok","high",TRUE,2,"t2","T2","know_h4l_12_bin","know_h4l_12_bin",TRUE
"h4l15","know_h4l_04_bin_t2","T2_know4r","haven_labelled","Knowledge","Physical Activity Knowledge",74,"ok","high",TRUE,2,"t2","T2","know_h4l_04_bin","know_h4l_04_bin",TRUE
"h4l15","know_h4l_05_bin_t2","T2_know5r","haven_labelled","Knowledge","Physical Activity Knowledge",75,"ok","high",TRUE,2,"t2","T2","know_h4l_05_bin","know_h4l_05_bin",TRUE
"h4l15","know_h4l_06_bin_t2","T2_know6r","haven_labelled","Knowledge","Physical Activity Knowledge",76,"ok","high",TRUE,2,"t2","T2","know_h4l_06_bin","know_h4l_06_bin",TRUE
"h4l15","know_h4l_05_t3","T3 Light activity, such as walking, is important for my health.","haven_labelled","Knowledge","Physical Activity Knowledge",77,"ok","high",TRUE,3,"t3","T3","know_h4l_05","know_h4l_05",TRUE
"h4l15","know_h4l_12_t3","T3 Replacing recreational screen time with extra moderate-to-vigorous physical activity can lead to greater health benefits.","haven_labelled","Knowledge","Physical Activity Knowledge",78,"ok","high",TRUE,3,"t3","T3","know_h4l_12","know_h4l_12",TRUE
"h4l15","know_h4l_06_t3","T3 Resistance training is a type of physical activity that can help to strengthen muscles and bones.","haven_labelled","Knowledge","Physical Activity Knowledge",79,"ok","high",TRUE,3,"t3","T3","know_h4l_06","know_h4l_06",TRUE
"h4l15","know_h4l_04_t3","T3 To meet the Australian guidelines for people my age, I should do 40 minutes of moderate-to-vigorous physical activity each day.","haven_labelled","Knowledge","Physical Activity Knowledge",80,"ok","high",TRUE,3,"t3","T3","know_h4l_04","know_h4l_04",TRUE
"h4l15","know_h4l_12_bin_t3","T3_know12r","haven_labelled","Knowledge","Physical Activity Knowledge",81,"ok","high",TRUE,3,"t3","T3","know_h4l_12_bin","know_h4l_12_bin",TRUE
"h4l15","know_h4l_04_bin_t3","T3_know4r","haven_labelled","Knowledge","Physical Activity Knowledge",82,"ok","high",TRUE,3,"t3","T3","know_h4l_04_bin","know_h4l_04_bin",TRUE
"h4l15","know_h4l_05_bin_t3","T3_know5r","haven_labelled","Knowledge","Physical Activity Knowledge",83,"ok","high",TRUE,3,"t3","T3","know_h4l_05_bin","know_h4l_05_bin",TRUE
"h4l15","know_h4l_06_bin_t3","T3_know6r","haven_labelled","Knowledge","Physical Activity Knowledge",84,"ok","high",TRUE,3,"t3","T3","know_h4l_06_bin","know_h4l_06_bin",TRUE
"h4l15","know_h4l_05_t4","T4 Light activity, such as walking, is important for my health.","haven_labelled","Knowledge","Physical Activity Knowledge",85,"ok","high",TRUE,4,"t4","T4","know_h4l_05","know_h4l_05",TRUE
"h4l15","know_h4l_12_t4","T4 Replacing recreational screen time with extra moderate-to-vigorous physical activity can lead to greater health benefits.","haven_labelled","Knowledge","Physical Activity Knowledge",86,"ok","high",TRUE,4,"t4","T4","know_h4l_12","know_h4l_12",TRUE
"h4l15","know_h4l_06_t4","T4 Resistance training is a type of physical activity that can help to strengthen muscles and bones.","haven_labelled","Knowledge","Physical Activity Knowledge",87,"ok","high",TRUE,4,"t4","T4","know_h4l_06","know_h4l_06",TRUE
"h4l15","know_h4l_04_t4","T4 To meet the Australian guidelines for people my age, I should do 40 minutes of moderate-to-vigorous physical activity each day.","haven_labelled","Knowledge","Physical Activity Knowledge",88,"ok","high",TRUE,4,"t4","T4","know_h4l_04","know_h4l_04",TRUE
"h4l15","know_h4l_12_bin_t4","T4_know12r","haven_labelled","Knowledge","Physical Activity Knowledge",89,"ok","high",TRUE,4,"t4","T4","know_h4l_12_bin","know_h4l_12_bin",TRUE
"h4l15","know_h4l_04_bin_t4","T4_know4r","haven_labelled","Knowledge","Physical Activity Knowledge",90,"ok","high",TRUE,4,"t4","T4","know_h4l_04_bin","know_h4l_04_bin",TRUE
"h4l15","know_h4l_05_bin_t4","T4_know5r","haven_labelled","Knowledge","Physical Activity Knowledge",91,"ok","high",TRUE,4,"t4","T4","know_h4l_05_bin","know_h4l_05_bin",TRUE
"h4l15","know_h4l_06_bin_t4","T4_know6r","haven_labelled","Knowledge","Physical Activity Knowledge",92,"ok","high",TRUE,4,"t4","T4","know_h4l_06_bin","know_h4l_06_bin",TRUE
"h4l15","know_h4l_12_bin_t1","t1_know12r","haven_labelled","Knowledge","Physical Activity Knowledge",93,"ok","high",TRUE,1,"t1","T1","know_h4l_12_bin","know_h4l_12_bin",TRUE
"h4l15","know_h4l_04_bin_t1","t1_know4r","haven_labelled","Knowledge","Physical Activity Knowledge",94,"ok","high",TRUE,1,"t1","T1","know_h4l_04_bin","know_h4l_04_bin",TRUE
"h4l15","know_h4l_05_bin_t1","t1_know5r","haven_labelled","Knowledge","Physical Activity Knowledge",95,"ok","high",TRUE,1,"t1","T1","know_h4l_05_bin","know_h4l_05_bin",TRUE
"h4l15","know_h4l_06_bin_t1","t1_know6r","haven_labelled","Knowledge","Physical Activity Knowledge",96,"ok","high",TRUE,1,"t1","T1","know_h4l_06_bin","know_h4l_06_bin",TRUE
"h4l15","know_h4l_13_t1","T1 Australian guidelines state that children aged 5-13 years-old need 8 hours of sleep each night and 14-17 year-olds need 7 hours of sleep each night.","haven_labelled","Knowledge","Sleep Knowledge",97,"ok","high",TRUE,1,"t1","T1","know_h4l_13","know_h4l_13",TRUE
"h4l15","know_h4l_14_t1","T1 It is important to try to go to sleep around the same time every night and to wake up around the same time every morning.","haven_labelled","Knowledge","Sleep Knowledge",98,"ok","high",TRUE,1,"t1","T1","know_h4l_14","know_h4l_14",TRUE
"h4l15","know_h4l_15_t1","T1 It is okay for people my age to sleep in more than 2 hours later than their usual school day wake-up time, on weekends.","haven_labelled","Knowledge","Sleep Knowledge",99,"ok","high",TRUE,1,"t1","T1","know_h4l_15","know_h4l_15",TRUE
"h4l15","know_h4l_13_t2","T2 Australian guidelines state that children aged 5-13 years-old need 8 hours of sleep each night and 14-17 year-olds need 7 hours of sleep each night.","haven_labelled","Knowledge","Sleep Knowledge",100,"ok","high",TRUE,2,"t2","T2","know_h4l_13","know_h4l_13",TRUE
"h4l15","know_h4l_14_t2","T2 It is important to try to go to sleep around the same time every night and to wake up around the same time every morning.","haven_labelled","Knowledge","Sleep Knowledge",101,"ok","high",TRUE,2,"t2","T2","know_h4l_14","know_h4l_14",TRUE
"h4l15","know_h4l_15_t2","T2 It is okay for people my age to sleep in more than 2 hours later than their usual school day wake-up time, on weekends.","haven_labelled","Knowledge","Sleep Knowledge",102,"ok","high",TRUE,2,"t2","T2","know_h4l_15","know_h4l_15",TRUE
"h4l15","know_h4l_13_bin_t2","T2_know13r","haven_labelled","Knowledge","Sleep Knowledge",103,"ok","high",TRUE,2,"t2","T2","know_h4l_13_bin","know_h4l_13_bin",TRUE
"h4l15","know_h4l_14_bin_t2","T2_know14r","haven_labelled","Knowledge","Sleep Knowledge",104,"ok","high",TRUE,2,"t2","T2","know_h4l_14_bin","know_h4l_14_bin",TRUE
"h4l15","know_h4l_15_bin_t2","T2_know15r","haven_labelled","Knowledge","Sleep Knowledge",105,"ok","high",TRUE,2,"t2","T2","know_h4l_15_bin","know_h4l_15_bin",TRUE
"h4l15","know_h4l_13_t3","T3 Australian guidelines state that children aged 5-13 years-old need 8 hours of sleep each night and 14-17 year-olds need 7 hours of sleep each night.","haven_labelled","Knowledge","Sleep Knowledge",106,"ok","high",TRUE,3,"t3","T3","know_h4l_13","know_h4l_13",TRUE
"h4l15","know_h4l_14_t3","T3 It is important to try to go to sleep around the same time every night and to wake up around the same time every morning.","haven_labelled","Knowledge","Sleep Knowledge",107,"ok","high",TRUE,3,"t3","T3","know_h4l_14","know_h4l_14",TRUE
"h4l15","know_h4l_15_t3","T3 It is okay for people my age to sleep in more than 2 hours later than their usual school day wake-up time, on weekends.","haven_labelled","Knowledge","Sleep Knowledge",108,"ok","high",TRUE,3,"t3","T3","know_h4l_15","know_h4l_15",TRUE
"h4l15","know_h4l_13_bin_t3","T3_know13r","haven_labelled","Knowledge","Sleep Knowledge",109,"ok","high",TRUE,3,"t3","T3","know_h4l_13_bin","know_h4l_13_bin",TRUE
"h4l15","know_h4l_14_bin_t3","T3_know14r","haven_labelled","Knowledge","Sleep Knowledge",110,"ok","high",TRUE,3,"t3","T3","know_h4l_14_bin","know_h4l_14_bin",TRUE
"h4l15","know_h4l_15_bin_t3","T3_know15r","haven_labelled","Knowledge","Sleep Knowledge",111,"ok","high",TRUE,3,"t3","T3","know_h4l_15_bin","know_h4l_15_bin",TRUE
"h4l15","know_h4l_13_t4","T4 Australian guidelines state that children aged 5-13 years-old need 8 hours of sleep each night and 14-17 year-olds need 7 hours of sleep each night.","haven_labelled","Knowledge","Sleep Knowledge",112,"ok","high",TRUE,4,"t4","T4","know_h4l_13","know_h4l_13",TRUE
"h4l15","know_h4l_14_t4","T4 It is important to try to go to sleep around the same time every night and to wake up around the same time every morning.","haven_labelled","Knowledge","Sleep Knowledge",113,"ok","high",TRUE,4,"t4","T4","know_h4l_14","know_h4l_14",TRUE
"h4l15","know_h4l_15_t4","T4 It is okay for people my age to sleep in more than 2 hours later than their usual school day wake-up time, on weekends.","haven_labelled","Knowledge","Sleep Knowledge",114,"ok","high",TRUE,4,"t4","T4","know_h4l_15","know_h4l_15",TRUE
"h4l15","know_h4l_13_bin_t4","T4_know13r","haven_labelled","Knowledge","Sleep Knowledge",115,"ok","high",TRUE,4,"t4","T4","know_h4l_13_bin","know_h4l_13_bin",TRUE
"h4l15","know_h4l_14_bin_t4","T4_know14r","haven_labelled","Knowledge","Sleep Knowledge",116,"ok","high",TRUE,4,"t4","T4","know_h4l_14_bin","know_h4l_14_bin",TRUE
"h4l15","know_h4l_15_bin_t4","T4_know15r","haven_labelled","Knowledge","Sleep Knowledge",117,"ok","high",TRUE,4,"t4","T4","know_h4l_15_bin","know_h4l_15_bin",TRUE
"h4l15","know_h4l_13_bin_t1","t1_know13r","haven_labelled","Knowledge","Sleep Knowledge",118,"ok","high",TRUE,1,"t1","T1","know_h4l_13_bin","know_h4l_13_bin",TRUE
"h4l15","know_h4l_14_bin_t1","t1_know14r","haven_labelled","Knowledge","Sleep Knowledge",119,"ok","high",TRUE,1,"t1","T1","know_h4l_14_bin","know_h4l_14_bin",TRUE
"h4l15","know_h4l_15_bin_t1","t1_know15r","haven_labelled","Knowledge","Sleep Knowledge",120,"ok","high",TRUE,1,"t1","T1","know_h4l_15_bin","know_h4l_15_bin",TRUE
"h4l15","know_h4l_02_t1","T1 Adults can have up to 4 standard drinks on a single occasion without greatly increasing their risk of alcohol-related injury.","haven_labelled","Knowledge","Substance Use Knowledge",121,"ok","high",TRUE,1,"t1","T1","know_h4l_02","know_h4l_02",TRUE
"h4l15","know_h4l_18_t1","T1 Most people my age have tried a cigarette.","haven_labelled","Knowledge","Substance Use Knowledge",122,"ok","high",TRUE,1,"t1","T1","know_h4l_18","know_h4l_18",TRUE
"h4l15","know_h4l_17_t1","T1 Occasional smoking does not have any negative health consequences.","haven_labelled","Knowledge","Substance Use Knowledge",123,"ok","high",TRUE,1,"t1","T1","know_h4l_17","know_h4l_17",TRUE
"h4l15","know_h4l_16_t1","T1 Smoking cigarettes can be harmful to other people around you.","haven_labelled","Knowledge","Substance Use Knowledge",124,"ok","high",TRUE,1,"t1","T1","know_h4l_16","know_h4l_16",TRUE
"h4l15","know_h4l_01_t1","T1 The Australian guidelines say that for people under the age of 18, the safest option is to not drink alcohol at all.","haven_labelled","Knowledge","Substance Use Knowledge",125,"ok","high",TRUE,1,"t1","T1","know_h4l_01","know_h4l_01",TRUE
"h4l15","know_h4l_03_t1","T1 Young people under the age of 15 have a lower risk of harm from drinking alcohol compared to older age groups.","haven_labelled","Knowledge","Substance Use Knowledge",126,"ok","high",TRUE,1,"t1","T1","know_h4l_03","know_h4l_03",TRUE
"cap17","know_alc_05_t1","T1- Q5 A can of regular strength beer contains approx 1.5 std drinks","haven_labelled","Knowledge","Substance Use Knowledge",127,"ok","high",TRUE,1,"t1","T1","know_alc_05","know_alc_05",TRUE
"cap17","know_alc_09_t1","T1-A 750ml bottle of whisky contains 15 std drinks","haven_labelled","Knowledge","Substance Use Knowledge",128,"ok","high",TRUE,1,"t1","T1","know_alc_09","know_alc_09",TRUE
"cap17","know_alc_15_t1","T1-Adults should have no more than 4 std drinks on a single occassion....","haven_labelled","Knowledge","Substance Use Knowledge",129,"ok","high",TRUE,1,"t1","T1","know_alc_15","know_alc_15",TRUE
"cap17","know_can_02_t1","T1-Cannabis improves skills needed to drive a car","haven_labelled","Knowledge","Substance Use Knowledge",130,"ok","high",TRUE,1,"t1","T1","know_can_02","know_can_02",TRUE
"cap17","know_can_13_t1","T1-Cannabis use improves people's memory and learning","haven_labelled","Knowledge","Substance Use Knowledge",131,"ok","high",TRUE,1,"t1","T1","know_can_13","know_can_13",TRUE
"cap17","know_can_15_t1","T1-Difficulty sleeping, headaches, depression are a few symptoms a person may experience whe they stop using cannabis regularly","haven_labelled","Knowledge","Substance Use Knowledge",132,"ok","high",TRUE,1,"t1","T1","know_can_15","know_can_15",TRUE
"cap17","know_alc_11_t1","T1-Females digest and metabolise alcohol differently","haven_labelled","Knowledge","Substance Use Knowledge",133,"ok","high",TRUE,1,"t1","T1","know_alc_11","know_alc_11",TRUE
"cap17","know_can_12_t1","T1-If a person is spinning out after using cannabis it can help to reassure them that the feeling will pass","haven_labelled","Knowledge","Substance Use Knowledge",134,"ok","high",TRUE,1,"t1","T1","know_can_12","know_can_12",TRUE
"cap17","know_alc_12_t1","T1-In Aust, it is illegal not to write the no. of std drinks on the container...","haven_labelled","Knowledge","Substance Use Knowledge",135,"ok","high",TRUE,1,"t1","T1","know_alc_12","know_alc_12",TRUE
"cap17","know_can_16_t1","T1-In NSW you are allowed to grow up to 5 plants for your own use","haven_labelled","Knowledge","Substance Use Knowledge",136,"ok","high",TRUE,1,"t1","T1","know_can_16","know_can_16",TRUE
"cap17","know_can_09_t1","T1-It is possible to detect cannabis in urine and blood b/w 1-5 days after use","haven_labelled","Knowledge","Substance Use Knowledge",137,"ok","high",TRUE,1,"t1","T1","know_can_09","know_can_09",TRUE
"cap17","know_alc_13_t1","T1-It is reasonably safe for an adult to have 6 std drinks","haven_labelled","Knowledge","Substance Use Knowledge",138,"ok","high",TRUE,1,"t1","T1","know_alc_13","know_alc_13",TRUE
"cap17","know_alc_10_t1","T1-More deaths in Australia by heroin than alcohol","haven_labelled","Knowledge","Substance Use Knowledge",139,"ok","high",TRUE,1,"t1","T1","know_alc_10","know_alc_10",TRUE
"cap17","know_alc_14_t1","T1-Most 13-14 yo's do not drink alcohol to get drunk","haven_labelled","Knowledge","Substance Use Knowledge",140,"ok","high",TRUE,1,"t1","T1","know_alc_14","know_alc_14",TRUE
"cap17","know_can_11_t1","T1-Over 80% of people aged between 12 and 17 have never tried cannabis","haven_labelled","Knowledge","Substance Use Knowledge",141,"ok","high",TRUE,1,"t1","T1","know_can_11","know_can_11",TRUE
"cap17","know_can_07_t1","T1-People who use cannabis regularly are dependent on cannabis may experience psychotic symptoms such as hallucinations and delusions","haven_labelled","Knowledge","Substance Use Knowledge",142,"ok","high",TRUE,1,"t1","T1","know_can_07","know_can_07",TRUE
"cap17","know_alc_01_t1","T1-Q1 Most Yr 8 students are regular drinkers","haven_labelled","Knowledge","Substance Use Knowledge",143,"ok","high",TRUE,1,"t1","T1","know_alc_01","know_alc_01",TRUE
"cap17","know_alc_02_t1","T1-Q2 The recommended guidelines say it is OK for adults to have up to 2 drinks per day","haven_labelled","Knowledge","Substance Use Knowledge",144,"ok","high",TRUE,1,"t1","T1","know_alc_02","know_alc_02",TRUE
"cap17","know_alc_03_t1","T1-Q3 A person can die if they drink too much","haven_labelled","Knowledge","Substance Use Knowledge",145,"ok","high",TRUE,1,"t1","T1","know_alc_03","know_alc_03",TRUE
"cap17","know_alc_04_t1","T1-Q4 The rec guidelines say that for people <15 yrs, the safest option is to not drink at all","haven_labelled","Knowledge","Substance Use Knowledge",146,"ok","high",TRUE,1,"t1","T1","know_alc_04","know_alc_04",TRUE
"cap17","know_alc_06_t1","T1-Q6 On avg, younger people can tolerate alcohol more eaily than older people, as they are younger and fitter","haven_labelled","Knowledge","Substance Use Knowledge",147,"ok","high",TRUE,1,"t1","T1","know_alc_06","know_alc_06",TRUE
"cap17","know_alc_07_t1","T1-Q7 Drinking black coffee helps the sobering up process","haven_labelled","Knowledge","Substance Use Knowledge",148,"ok","high",TRUE,1,"t1","T1","know_alc_07","know_alc_07",TRUE
"cap17","know_alc_08_t1","T1-Q8 If a person cannot be woken by pinching and prodding you should call an ambulance","haven_labelled","Knowledge","Substance Use Knowledge",149,"ok","high",TRUE,1,"t1","T1","know_alc_08","know_alc_08",TRUE
"cap17","know_can_04_t1","T1-Smoking cannabis and tobacco together is more harmful than using cannabis alone","haven_labelled","Knowledge","Substance Use Knowledge",150,"ok","high",TRUE,1,"t1","T1","know_can_04","know_can_04",TRUE
"cap17","know_can_10_t1","T1-Smoking cannabis through a homemade bong is the least harmful way to use cannabis","haven_labelled","Knowledge","Substance Use Knowledge",151,"ok","high",TRUE,1,"t1","T1","know_can_10","know_can_10",TRUE
"cap17","know_can_08_t1","T1-The heads and leaf od cannabis plants vary in strength","haven_labelled","Knowledge","Substance Use Knowledge",152,"ok","high",TRUE,1,"t1","T1","know_can_08","know_can_08",TRUE
"cap17","know_can_14_t1","T1-The main mind-altering ingredient in cannabis is THC","haven_labelled","Knowledge","Substance Use Knowledge",153,"ok","high",TRUE,1,"t1","T1","know_can_14","know_can_14",TRUE
"cap17","know_alc_16_t1","T1-There is more alcohol in a std drink of beer than in a std drink of spirits","haven_labelled","Knowledge","Substance Use Knowledge",154,"ok","high",TRUE,1,"t1","T1","know_alc_16","know_alc_16",TRUE
"cap17","know_can_03_t1","T1-Using cannabis can cause people to feel anxious, depressed, paranoid and panicky","haven_labelled","Knowledge","Substance Use Knowledge",155,"ok","high",TRUE,1,"t1","T1","know_can_03","know_can_03",TRUE
"cap17","know_can_06_t1","T1-You can be charged under NSW law for handing a joint/bong to a friend","haven_labelled","Knowledge","Substance Use Knowledge",156,"ok","high",TRUE,1,"t1","T1","know_can_06","know_can_06",TRUE
"cap17","know_can_05_t1","T1-You can die from a cannabis overdose","haven_labelled","Knowledge","Substance Use Knowledge",157,"ok","high",TRUE,1,"t1","T1","know_can_05","know_can_05",TRUE
"cap17","know_can_01_t1","T1-You can get addicted to cannabis","haven_labelled","Knowledge","Substance Use Knowledge",158,"ok","high",TRUE,1,"t1","T1","know_can_01","know_can_01",TRUE
"h4l15","know_h4l_02_t2","T2 Adults can have up to 4 standard drinks on a single occasion without greatly increasing their risk of alcohol-related injury.","haven_labelled","Knowledge","Substance Use Knowledge",159,"ok","high",TRUE,2,"t2","T2","know_h4l_02","know_h4l_02",TRUE
"h4l15","know_h4l_18_t2","T2 Most people my age have tried a cigarette.","haven_labelled","Knowledge","Substance Use Knowledge",160,"ok","high",TRUE,2,"t2","T2","know_h4l_18","know_h4l_18",TRUE
"h4l15","know_h4l_17_t2","T2 Occasional smoking does not have any negative health consequences.","haven_labelled","Knowledge","Substance Use Knowledge",161,"ok","high",TRUE,2,"t2","T2","know_h4l_17","know_h4l_17",TRUE
"h4l15","know_h4l_16_t2","T2 Smoking cigarettes can be harmful to other people around you.","haven_labelled","Knowledge","Substance Use Knowledge",162,"ok","high",TRUE,2,"t2","T2","know_h4l_16","know_h4l_16",TRUE
"h4l15","know_h4l_01_t2","T2 The Australian guidelines say that for people under the age of 18, the safest option is to not drink alcohol at all.","haven_labelled","Knowledge","Substance Use Knowledge",163,"ok","high",TRUE,2,"t2","T2","know_h4l_01","know_h4l_01",TRUE
"h4l15","know_h4l_03_t2","T2 Young people under the age of 15 have a lower risk of harm from drinking alcohol compared to older age groups.","haven_labelled","Knowledge","Substance Use Knowledge",164,"ok","high",TRUE,2,"t2","T2","know_h4l_03","know_h4l_03",TRUE
"cap17","know_alc_05_t2","T2- Q5 A can of regular strength beer contains approx 1.5 std drinks","haven_labelled","Knowledge","Substance Use Knowledge",165,"ok","high",TRUE,2,"t2","T2","know_alc_05","know_alc_05",TRUE
"cap17","know_alc_09_t2","T2-A 750ml bottle of whisky contains 15 std drinks","haven_labelled","Knowledge","Substance Use Knowledge",166,"ok","high",TRUE,2,"t2","T2","know_alc_09","know_alc_09",TRUE
"cap17","know_alc_15_t2","T2-Adults should have no more than 4 std drinks on a single occassion....","haven_labelled","Knowledge","Substance Use Knowledge",167,"ok","high",TRUE,2,"t2","T2","know_alc_15","know_alc_15",TRUE
"cap17","know_can_02_t2","T2-Cannabis improves skills needed to drive a car","haven_labelled","Knowledge","Substance Use Knowledge",168,"ok","high",TRUE,2,"t2","T2","know_can_02","know_can_02",TRUE
"cap17","know_can_13_t2","T2-Cannabis use improves people's memory and learning","haven_labelled","Knowledge","Substance Use Knowledge",169,"ok","high",TRUE,2,"t2","T2","know_can_13","know_can_13",TRUE
"cap17","know_can_15_t2","T2-Difficulty sleeping, headaches, depression are a few symptoms a person may experience whe they stop using cannabis regularly","haven_labelled","Knowledge","Substance Use Knowledge",170,"ok","high",TRUE,2,"t2","T2","know_can_15","know_can_15",TRUE
"cap17","know_alc_11_t2","T2-Females digest and metabolise alcohol differently","haven_labelled","Knowledge","Substance Use Knowledge",171,"ok","high",TRUE,2,"t2","T2","know_alc_11","know_alc_11",TRUE
"cap17","know_can_12_t2","T2-If a person is spinning out after using cannabis it can help to reassure them that the feeling will pass","haven_labelled","Knowledge","Substance Use Knowledge",172,"ok","high",TRUE,2,"t2","T2","know_can_12","know_can_12",TRUE
"cap17","know_alc_12_t2","T2-In Aust, it is illegal not to write the no. of std drinks on the container...","haven_labelled","Knowledge","Substance Use Knowledge",173,"ok","high",TRUE,2,"t2","T2","know_alc_12","know_alc_12",TRUE
"cap17","know_can_16_t2","T2-In NSW you are allowed to grow up to 5 plants for your own use","haven_labelled","Knowledge","Substance Use Knowledge",174,"ok","high",TRUE,2,"t2","T2","know_can_16","know_can_16",TRUE
"cap17","know_can_09_t2","T2-It is possible to detect cannabis in urine and blood b/w 1-5 days after use","haven_labelled","Knowledge","Substance Use Knowledge",175,"ok","high",TRUE,2,"t2","T2","know_can_09","know_can_09",TRUE
"cap17","know_alc_13_t2","T2-It is reasonably safe for an adult to have 6 std drinks","haven_labelled","Knowledge","Substance Use Knowledge",176,"ok","high",TRUE,2,"t2","T2","know_alc_13","know_alc_13",TRUE
"cap17","know_alc_10_t2","T2-More deaths in Australia by heroin than alcohol","haven_labelled","Knowledge","Substance Use Knowledge",177,"ok","high",TRUE,2,"t2","T2","know_alc_10","know_alc_10",TRUE
"cap17","know_alc_14_t2","T2-Most 13-14 yo's do not drink alcohol to get drunk","haven_labelled","Knowledge","Substance Use Knowledge",178,"ok","high",TRUE,2,"t2","T2","know_alc_14","know_alc_14",TRUE
"cap17","know_can_11_t2","T2-Over 80% of people aged between 12 and 17 have never tried cannabis","haven_labelled","Knowledge","Substance Use Knowledge",179,"ok","high",TRUE,2,"t2","T2","know_can_11","know_can_11",TRUE
"cap17","know_can_07_t2","T2-People who use cannabis regularly are dependent on cannabis may experience psychotic symptoms such as hallucinations and delusions","haven_labelled","Knowledge","Substance Use Knowledge",180,"ok","high",TRUE,2,"t2","T2","know_can_07","know_can_07",TRUE
"cap17","know_alc_01_t2","T2-Q1 Most Yr 8 students are regular drinkers","haven_labelled","Knowledge","Substance Use Knowledge",181,"ok","high",TRUE,2,"t2","T2","know_alc_01","know_alc_01",TRUE
"cap17","know_alc_02_t2","T2-Q2 The recommended guidelines say it is OK for adults to have up to 2 drinks per day","haven_labelled","Knowledge","Substance Use Knowledge",182,"ok","high",TRUE,2,"t2","T2","know_alc_02","know_alc_02",TRUE
"cap17","know_alc_03_t2","T2-Q3 A person can die if they drink too much","haven_labelled","Knowledge","Substance Use Knowledge",183,"ok","high",TRUE,2,"t2","T2","know_alc_03","know_alc_03",TRUE
"cap17","know_alc_04_t2","T2-Q4 The rec guidelines say that for people <15 yrs, the safest option is to not drink at all","haven_labelled","Knowledge","Substance Use Knowledge",184,"ok","high",TRUE,2,"t2","T2","know_alc_04","know_alc_04",TRUE
"cap17","know_alc_06_t2","T2-Q6 On avg, younger people can tolerate alcohol more eaily than older people, as they are younger and fitter","haven_labelled","Knowledge","Substance Use Knowledge",185,"ok","high",TRUE,2,"t2","T2","know_alc_06","know_alc_06",TRUE
"cap17","know_alc_07_t2","T2-Q7 Drinking black coffee helps the sobering up process","haven_labelled","Knowledge","Substance Use Knowledge",186,"ok","high",TRUE,2,"t2","T2","know_alc_07","know_alc_07",TRUE
"cap17","know_alc_08_t2","T2-Q8 If a person cannot be woken by pinching and prodding you should call an ambulance","haven_labelled","Knowledge","Substance Use Knowledge",187,"ok","high",TRUE,2,"t2","T2","know_alc_08","know_alc_08",TRUE
"cap17","know_can_04_t2","T2-Smoking cannabis and tobacco together is more harmful than using cannabis alone","haven_labelled","Knowledge","Substance Use Knowledge",188,"ok","high",TRUE,2,"t2","T2","know_can_04","know_can_04",TRUE
"cap17","know_can_10_t2","T2-Smoking cannabis through a homemade bong is the least harmful way to use cannabis","haven_labelled","Knowledge","Substance Use Knowledge",189,"ok","high",TRUE,2,"t2","T2","know_can_10","know_can_10",TRUE
"cap17","know_can_08_t2","T2-The heads and leaf od cannabis plants vary in strength","haven_labelled","Knowledge","Substance Use Knowledge",190,"ok","high",TRUE,2,"t2","T2","know_can_08","know_can_08",TRUE
"cap17","know_can_14_t2","T2-The main mind-altering ingredient in cannabis is THC","haven_labelled","Knowledge","Substance Use Knowledge",191,"ok","high",TRUE,2,"t2","T2","know_can_14","know_can_14",TRUE
"cap17","know_alc_16_t2","T2-There is more alcohol in a std drink of beer than in a std drink of spirits","haven_labelled","Knowledge","Substance Use Knowledge",192,"ok","high",TRUE,2,"t2","T2","know_alc_16","know_alc_16",TRUE
"cap17","know_can_03_t2","T2-Using cannabis can cause people to feel anxious, depressed, paranoid and panicky","haven_labelled","Knowledge","Substance Use Knowledge",193,"ok","high",TRUE,2,"t2","T2","know_can_03","know_can_03",TRUE
"cap17","know_can_06_t2","T2-You can be charged under NSW law for handing a joint/bong to a friend","haven_labelled","Knowledge","Substance Use Knowledge",194,"ok","high",TRUE,2,"t2","T2","know_can_06","know_can_06",TRUE
"cap17","know_can_05_t2","T2-You can die from a cannabis overdose","haven_labelled","Knowledge","Substance Use Knowledge",195,"ok","high",TRUE,2,"t2","T2","know_can_05","know_can_05",TRUE
"cap17","know_can_01_t2","T2-You can get addicted to cannabis","haven_labelled","Knowledge","Substance Use Knowledge",196,"ok","high",TRUE,2,"t2","T2","know_can_01","know_can_01",TRUE
"h4l15","know_h4l_16_bin_t2","T2_know16r","haven_labelled","Knowledge","Substance Use Knowledge",197,"ok","high",TRUE,2,"t2","T2","know_h4l_16_bin","know_h4l_16_bin",TRUE
"h4l15","know_h4l_17_bin_t2","T2_know17r","haven_labelled","Knowledge","Substance Use Knowledge",198,"ok","high",TRUE,2,"t2","T2","know_h4l_17_bin","know_h4l_17_bin",TRUE
"h4l15","know_h4l_18_bin_t2","T2_know18r","haven_labelled","Knowledge","Substance Use Knowledge",199,"ok","high",TRUE,2,"t2","T2","know_h4l_18_bin","know_h4l_18_bin",TRUE
"h4l15","know_h4l_03_bin_t2","T2_know3r","haven_labelled","Knowledge","Substance Use Knowledge",200,"ok","high",TRUE,2,"t2","T2","know_h4l_03_bin","know_h4l_03_bin",TRUE
"cap17","know_alc_sum_t3","T3 AK Total Score","numeric","Knowledge","Substance Use Knowledge",201,"ok","high",TRUE,3,"t3","T3","know_alc_sum",NA,FALSE
"h4l15","know_h4l_02_t3","T3 Adults can have up to 4 standard drinks on a single occasion without greatly increasing their risk of alcohol-related injury.","haven_labelled","Knowledge","Substance Use Knowledge",202,"ok","high",TRUE,3,"t3","T3","know_h4l_02","know_h4l_02",TRUE
"cap17","know_can_sum_t3","T3 CK Total Score","numeric","Knowledge","Substance Use Knowledge",203,"ok","high",TRUE,3,"t3","T3","know_can_sum",NA,FALSE
"h4l15","know_h4l_18_t3","T3 Most people my age have tried a cigarette.","haven_labelled","Knowledge","Substance Use Knowledge",204,"ok","high",TRUE,3,"t3","T3","know_h4l_18","know_h4l_18",TRUE
"h4l15","know_h4l_17_t3","T3 Occasional smoking does not have any negative health consequences.","haven_labelled","Knowledge","Substance Use Knowledge",205,"ok","high",TRUE,3,"t3","T3","know_h4l_17","know_h4l_17",TRUE
"h4l15","know_h4l_16_t3","T3 Smoking cigarettes can be harmful to other people around you.","haven_labelled","Knowledge","Substance Use Knowledge",206,"ok","high",TRUE,3,"t3","T3","know_h4l_16","know_h4l_16",TRUE
"h4l15","know_h4l_01_t3","T3 The Australian guidelines say that for people under the age of 18, the safest option is to not drink alcohol at all.","haven_labelled","Knowledge","Substance Use Knowledge",207,"ok","high",TRUE,3,"t3","T3","know_h4l_01","know_h4l_01",TRUE
"h4l15","know_h4l_03_t3","T3 Young people under the age of 15 have a lower risk of harm from drinking alcohol compared to older age groups.","haven_labelled","Knowledge","Substance Use Knowledge",208,"ok","high",TRUE,3,"t3","T3","know_h4l_03","know_h4l_03",TRUE
"cap17","know_alc_05_t3","T3- Q5 A can of regular strength beer contains approx 1.5 std drinks","haven_labelled","Knowledge","Substance Use Knowledge",209,"ok","high",TRUE,3,"t3","T3","know_alc_05","know_alc_05",TRUE
"cap17","know_alc_09_t3","T3-A 750ml bottle of whisky contains 15 std drinks","haven_labelled","Knowledge","Substance Use Knowledge",210,"ok","high",TRUE,3,"t3","T3","know_alc_09","know_alc_09",TRUE
"cap17","know_alc_15_t3","T3-Adults should have no more than 4 std drinks on a single occassion....","haven_labelled","Knowledge","Substance Use Knowledge",211,"ok","high",TRUE,3,"t3","T3","know_alc_15","know_alc_15",TRUE
"cap17","know_can_02_t3","T3-Cannabis improves skills needed to drive a car","haven_labelled","Knowledge","Substance Use Knowledge",212,"ok","high",TRUE,3,"t3","T3","know_can_02","know_can_02",TRUE
"cap17","know_can_13_t3","T3-Cannabis use improves people's memory and learning","haven_labelled","Knowledge","Substance Use Knowledge",213,"ok","high",TRUE,3,"t3","T3","know_can_13","know_can_13",TRUE
"cap17","know_can_15_t3","T3-Difficulty sleeping, headaches, depression are a few symptoms a person may experience whe they stop using cannabis regularly","haven_labelled","Knowledge","Substance Use Knowledge",214,"ok","high",TRUE,3,"t3","T3","know_can_15","know_can_15",TRUE
"cap17","know_alc_11_t3","T3-Females digest and metabolise alcohol differently","haven_labelled","Knowledge","Substance Use Knowledge",215,"ok","high",TRUE,3,"t3","T3","know_alc_11","know_alc_11",TRUE
"cap17","know_can_12_t3","T3-If a person is spinning out after using cannabis it can help to reassure them that the feeling will pass","haven_labelled","Knowledge","Substance Use Knowledge",216,"ok","high",TRUE,3,"t3","T3","know_can_12","know_can_12",TRUE
"cap17","know_alc_12_t3","T3-In Aust, it is illegal not to write the no. of std drinks on the container...","haven_labelled","Knowledge","Substance Use Knowledge",217,"ok","high",TRUE,3,"t3","T3","know_alc_12","know_alc_12",TRUE
"cap17","know_can_16_t3","T3-In NSW you are allowed to grow up to 5 plants for your own use","haven_labelled","Knowledge","Substance Use Knowledge",218,"ok","high",TRUE,3,"t3","T3","know_can_16","know_can_16",TRUE
"cap17","know_can_09_t3","T3-It is possible to detect cannabis in urine and blood b/w 1-5 days after use","haven_labelled","Knowledge","Substance Use Knowledge",219,"ok","high",TRUE,3,"t3","T3","know_can_09","know_can_09",TRUE
"cap17","know_alc_13_t3","T3-It is reasonably safe for an adult to have 6 std drinks","haven_labelled","Knowledge","Substance Use Knowledge",220,"ok","high",TRUE,3,"t3","T3","know_alc_13","know_alc_13",TRUE
"cap17","know_alc_10_t3","T3-More deaths in Australia by heroin than alcohol","haven_labelled","Knowledge","Substance Use Knowledge",221,"ok","high",TRUE,3,"t3","T3","know_alc_10","know_alc_10",TRUE
"cap17","know_alc_14_t3","T3-Most 13-14 yo's do not drink alcohol to get drunk","haven_labelled","Knowledge","Substance Use Knowledge",222,"ok","high",TRUE,3,"t3","T3","know_alc_14","know_alc_14",TRUE
"cap17","know_can_11_t3","T3-Over 80% of people aged between 12 and 17 have never tried cannabis","haven_labelled","Knowledge","Substance Use Knowledge",223,"ok","high",TRUE,3,"t3","T3","know_can_11","know_can_11",TRUE
"cap17","know_can_07_t3","T3-People who use cannabis regularly are dependent on cannabis may experience psychotic symptoms such as hallucinations and delusions","haven_labelled","Knowledge","Substance Use Knowledge",224,"ok","high",TRUE,3,"t3","T3","know_can_07","know_can_07",TRUE
"cap17","know_alc_01_t3","T3-Q1 Most Yr 8 students are regular drinkers","haven_labelled","Knowledge","Substance Use Knowledge",225,"ok","high",TRUE,3,"t3","T3","know_alc_01","know_alc_01",TRUE
"cap17","know_alc_02_t3","T3-Q2 The recommended guidelines say it is OK for adults to have up to 2 drinks per day","haven_labelled","Knowledge","Substance Use Knowledge",226,"ok","high",TRUE,3,"t3","T3","know_alc_02","know_alc_02",TRUE
"cap17","know_alc_03_t3","T3-Q3 A person can die if they drink too much","haven_labelled","Knowledge","Substance Use Knowledge",227,"ok","high",TRUE,3,"t3","T3","know_alc_03","know_alc_03",TRUE
"cap17","know_alc_04_t3","T3-Q4 The rec guidelines say that for people <15 yrs, the safest option is to not drink at all","haven_labelled","Knowledge","Substance Use Knowledge",228,"ok","high",TRUE,3,"t3","T3","know_alc_04","know_alc_04",TRUE
"cap17","know_alc_06_t3","T3-Q6 On avg, younger people can tolerate alcohol more eaily than older people, as they are younger and fitter","haven_labelled","Knowledge","Substance Use Knowledge",229,"ok","high",TRUE,3,"t3","T3","know_alc_06","know_alc_06",TRUE
"cap17","know_alc_07_t3","T3-Q7 Drinking black coffee helps the sobering up process","haven_labelled","Knowledge","Substance Use Knowledge",230,"ok","high",TRUE,3,"t3","T3","know_alc_07","know_alc_07",TRUE
"cap17","know_alc_08_t3","T3-Q8 If a person cannot be woken by pinching and prodding you should call an ambulance","haven_labelled","Knowledge","Substance Use Knowledge",231,"ok","high",TRUE,3,"t3","T3","know_alc_08","know_alc_08",TRUE
"cap17","know_can_04_t3","T3-Smoking cannabis and tobacco together is more harmful than using cannabis alone","haven_labelled","Knowledge","Substance Use Knowledge",232,"ok","high",TRUE,3,"t3","T3","know_can_04","know_can_04",TRUE
"cap17","know_can_10_t3","T3-Smoking cannabis through a homemade bong is the least harmful way to use cannabis","haven_labelled","Knowledge","Substance Use Knowledge",233,"ok","high",TRUE,3,"t3","T3","know_can_10","know_can_10",TRUE
"cap17","know_can_08_t3","T3-The heads and leaf od cannabis plants vary in strength","haven_labelled","Knowledge","Substance Use Knowledge",234,"ok","high",TRUE,3,"t3","T3","know_can_08","know_can_08",TRUE
"cap17","know_can_14_t3","T3-The main mind-altering ingredient in cannabis is THC","haven_labelled","Knowledge","Substance Use Knowledge",235,"ok","high",TRUE,3,"t3","T3","know_can_14","know_can_14",TRUE
"cap17","know_alc_16_t3","T3-There is more alcohol in a std drink of beer than in a std drink of spirits","haven_labelled","Knowledge","Substance Use Knowledge",236,"ok","high",TRUE,3,"t3","T3","know_alc_16","know_alc_16",TRUE
"cap17","know_can_03_t3","T3-Using cannabis can cause people to feel anxious, depressed, paranoid and panicky","haven_labelled","Knowledge","Substance Use Knowledge",237,"ok","high",TRUE,3,"t3","T3","know_can_03","know_can_03",TRUE
"cap17","know_can_06_t3","T3-You can be charged under NSW law for handing a joint/bong to a friend","haven_labelled","Knowledge","Substance Use Knowledge",238,"ok","high",TRUE,3,"t3","T3","know_can_06","know_can_06",TRUE
"cap17","know_can_05_t3","T3-You can die from a cannabis overdose","haven_labelled","Knowledge","Substance Use Knowledge",239,"ok","high",TRUE,3,"t3","T3","know_can_05","know_can_05",TRUE
"cap17","know_can_01_t3","T3-You can get addicted to cannabis","haven_labelled","Knowledge","Substance Use Knowledge",240,"ok","high",TRUE,3,"t3","T3","know_can_01","know_can_01",TRUE
"h4l15","know_h4l_16_bin_t3","T3_know16r","haven_labelled","Knowledge","Substance Use Knowledge",241,"ok","high",TRUE,3,"t3","T3","know_h4l_16_bin","know_h4l_16_bin",TRUE
"h4l15","know_h4l_17_bin_t3","T3_know17r","haven_labelled","Knowledge","Substance Use Knowledge",242,"ok","high",TRUE,3,"t3","T3","know_h4l_17_bin","know_h4l_17_bin",TRUE
"h4l15","know_h4l_18_bin_t3","T3_know18r","haven_labelled","Knowledge","Substance Use Knowledge",243,"ok","high",TRUE,3,"t3","T3","know_h4l_18_bin","know_h4l_18_bin",TRUE
"h4l15","know_h4l_02_bin_t3","T3_know2r","haven_labelled","Knowledge","Substance Use Knowledge",244,"ok","high",TRUE,3,"t3","T3","know_h4l_02_bin","know_h4l_02_bin",TRUE
"h4l15","know_h4l_03_bin_t3","T3_know3r","haven_labelled","Knowledge","Substance Use Knowledge",245,"ok","high",TRUE,3,"t3","T3","know_h4l_03_bin","know_h4l_03_bin",TRUE
"cap17","know_alc_sum_t4","T4 AK Total Score","numeric","Knowledge","Substance Use Knowledge",246,"ok","high",TRUE,4,"t4","T4","know_alc_sum",NA,FALSE
"h4l15","know_h4l_02_t4","T4 Adults can have up to 4 standard drinks on a single occasion without greatly increasing their risk of alcohol-related injury.","haven_labelled","Knowledge","Substance Use Knowledge",247,"ok","high",TRUE,4,"t4","T4","know_h4l_02","know_h4l_02",TRUE
"cap17","know_can_sum_t4","T4 CK Total Score","numeric","Knowledge","Substance Use Knowledge",248,"ok","high",TRUE,4,"t4","T4","know_can_sum",NA,FALSE
"h4l15","know_h4l_18_t4","T4 Most people my age have tried a cigarette.","haven_labelled","Knowledge","Substance Use Knowledge",249,"ok","high",TRUE,4,"t4","T4","know_h4l_18","know_h4l_18",TRUE
"h4l15","know_h4l_17_t4","T4 Occasional smoking does not have any negative health consequences.","haven_labelled","Knowledge","Substance Use Knowledge",250,"ok","high",TRUE,4,"t4","T4","know_h4l_17","know_h4l_17",TRUE
"h4l15","know_h4l_16_t4","T4 Smoking cigarettes can be harmful to other people around you.","haven_labelled","Knowledge","Substance Use Knowledge",251,"ok","high",TRUE,4,"t4","T4","know_h4l_16","know_h4l_16",TRUE
"h4l15","know_h4l_01_t4","T4 The Australian guidelines say that for people under the age of 18, the safest option is to not drink alcohol at all.","haven_labelled","Knowledge","Substance Use Knowledge",252,"ok","high",TRUE,4,"t4","T4","know_h4l_01","know_h4l_01",TRUE
"h4l15","know_h4l_03_t4","T4 Young people under the age of 15 have a lower risk of harm from drinking alcohol compared to older age groups.","haven_labelled","Knowledge","Substance Use Knowledge",253,"ok","high",TRUE,4,"t4","T4","know_h4l_03","know_h4l_03",TRUE
"cap17","know_alc_05_t4","T4- Q5 A can of regular strength beer contains approx 1.5 std drinks","haven_labelled","Knowledge","Substance Use Knowledge",254,"ok","high",TRUE,4,"t4","T4","know_alc_05","know_alc_05",TRUE
"cap17","know_alc_09_t4","T4-A 750ml bottle of whisky contains 15 std drinks","haven_labelled","Knowledge","Substance Use Knowledge",255,"ok","high",TRUE,4,"t4","T4","know_alc_09","know_alc_09",TRUE
"cap17","know_alc_15_t4","T4-Adults should have no more than 4 std drinks on a single occassion....","haven_labelled","Knowledge","Substance Use Knowledge",256,"ok","high",TRUE,4,"t4","T4","know_alc_15","know_alc_15",TRUE
"cap17","know_can_02_t4","T4-Cannabis improves skills needed to drive a car","haven_labelled","Knowledge","Substance Use Knowledge",257,"ok","high",TRUE,4,"t4","T4","know_can_02","know_can_02",TRUE
"cap17","know_can_13_t4","T4-Cannabis use improves people's memory and learning","haven_labelled","Knowledge","Substance Use Knowledge",258,"ok","high",TRUE,4,"t4","T4","know_can_13","know_can_13",TRUE
"cap17","know_can_15_t4","T4-Difficulty sleeping, headaches, depression are a few symptoms a person may experience whe they stop using cannabis regularly","haven_labelled","Knowledge","Substance Use Knowledge",259,"ok","high",TRUE,4,"t4","T4","know_can_15","know_can_15",TRUE
"cap17","know_alc_11_t4","T4-Females digest and metabolise alcohol differently","haven_labelled","Knowledge","Substance Use Knowledge",260,"ok","high",TRUE,4,"t4","T4","know_alc_11","know_alc_11",TRUE
"cap17","know_can_12_t4","T4-If a person is spinning out after using cannabis it can help to reassure them that the feeling will pass","haven_labelled","Knowledge","Substance Use Knowledge",261,"ok","high",TRUE,4,"t4","T4","know_can_12","know_can_12",TRUE
"cap17","know_alc_12_t4","T4-In Aust, it is illegal not to write the no. of std drinks on the container...","haven_labelled","Knowledge","Substance Use Knowledge",262,"ok","high",TRUE,4,"t4","T4","know_alc_12","know_alc_12",TRUE
"cap17","know_can_16_t4","T4-In NSW you are allowed to grow up to 5 plants for your own use","haven_labelled","Knowledge","Substance Use Knowledge",263,"ok","high",TRUE,4,"t4","T4","know_can_16","know_can_16",TRUE
"cap17","know_can_09_t4","T4-It is possible to detect cannabis in urine and blood b/w 1-5 days after use","haven_labelled","Knowledge","Substance Use Knowledge",264,"ok","high",TRUE,4,"t4","T4","know_can_09","know_can_09",TRUE
"cap17","know_alc_13_t4","T4-It is reasonably safe for an adult to have 6 std drinks","haven_labelled","Knowledge","Substance Use Knowledge",265,"ok","high",TRUE,4,"t4","T4","know_alc_13","know_alc_13",TRUE
"cap17","know_alc_10_t4","T4-More deaths in Australia by heroin than alcohol","haven_labelled","Knowledge","Substance Use Knowledge",266,"ok","high",TRUE,4,"t4","T4","know_alc_10","know_alc_10",TRUE
"cap17","know_alc_14_t4","T4-Most 13-14 yo's do not drink alcohol to get drunk","haven_labelled","Knowledge","Substance Use Knowledge",267,"ok","high",TRUE,4,"t4","T4","know_alc_14","know_alc_14",TRUE
"cap17","know_can_11_t4","T4-Over 80% of people aged between 12 and 17 have never tried cannabis","haven_labelled","Knowledge","Substance Use Knowledge",268,"ok","high",TRUE,4,"t4","T4","know_can_11","know_can_11",TRUE
"cap17","know_can_07_t4","T4-People who use cannabis regularly are dependent on cannabis may experience psychotic symptoms such as hallucinations and delusions","haven_labelled","Knowledge","Substance Use Knowledge",269,"ok","high",TRUE,4,"t4","T4","know_can_07","know_can_07",TRUE
"cap17","know_alc_01_t4","T4-Q1 Most Yr 8 students are regular drinkers","haven_labelled","Knowledge","Substance Use Knowledge",270,"ok","high",TRUE,4,"t4","T4","know_alc_01","know_alc_01",TRUE
"cap17","know_alc_02_t4","T4-Q2 The recommended guidelines say it is OK for adults to have up to 2 drinks per day","haven_labelled","Knowledge","Substance Use Knowledge",271,"ok","high",TRUE,4,"t4","T4","know_alc_02","know_alc_02",TRUE
"cap17","know_alc_03_t4","T4-Q3 A person can die if they drink too much","haven_labelled","Knowledge","Substance Use Knowledge",272,"ok","high",TRUE,4,"t4","T4","know_alc_03","know_alc_03",TRUE
"cap17","know_alc_04_t4","T4-Q4 The rec guidelines say that for people <15 yrs, the safest option is to not drink at all","haven_labelled","Knowledge","Substance Use Knowledge",273,"ok","high",TRUE,4,"t4","T4","know_alc_04","know_alc_04",TRUE
"cap17","know_alc_06_t4","T4-Q6 On avg, younger people can tolerate alcohol more eaily than older people, as they are younger and fitter","haven_labelled","Knowledge","Substance Use Knowledge",274,"ok","high",TRUE,4,"t4","T4","know_alc_06","know_alc_06",TRUE
"cap17","know_alc_07_t4","T4-Q7 Drinking black coffee helps the sobering up process","haven_labelled","Knowledge","Substance Use Knowledge",275,"ok","high",TRUE,4,"t4","T4","know_alc_07","know_alc_07",TRUE
"cap17","know_alc_08_t4","T4-Q8 If a person cannot be woken by pinching and prodding you should call an ambulance","haven_labelled","Knowledge","Substance Use Knowledge",276,"ok","high",TRUE,4,"t4","T4","know_alc_08","know_alc_08",TRUE
"cap17","know_can_04_t4","T4-Smoking cannabis and tobacco together is more harmful than using cannabis alone","haven_labelled","Knowledge","Substance Use Knowledge",277,"ok","high",TRUE,4,"t4","T4","know_can_04","know_can_04",TRUE
"cap17","know_can_10_t4","T4-Smoking cannabis through a homemade bong is the least harmful way to use cannabis","haven_labelled","Knowledge","Substance Use Knowledge",278,"ok","high",TRUE,4,"t4","T4","know_can_10","know_can_10",TRUE
"cap17","know_can_08_t4","T4-The heads and leaf od cannabis plants vary in strength","haven_labelled","Knowledge","Substance Use Knowledge",279,"ok","high",TRUE,4,"t4","T4","know_can_08","know_can_08",TRUE
"cap17","know_can_14_t4","T4-The main mind-altering ingredient in cannabis is THC","haven_labelled","Knowledge","Substance Use Knowledge",280,"ok","high",TRUE,4,"t4","T4","know_can_14","know_can_14",TRUE
"cap17","know_alc_16_t4","T4-There is more alcohol in a std drink of beer than in a std drink of spirits","haven_labelled","Knowledge","Substance Use Knowledge",281,"ok","high",TRUE,4,"t4","T4","know_alc_16","know_alc_16",TRUE
"cap17","know_can_03_t4","T4-Using cannabis can cause people to feel anxious, depressed, paranoid and panicky","haven_labelled","Knowledge","Substance Use Knowledge",282,"ok","high",TRUE,4,"t4","T4","know_can_03","know_can_03",TRUE
"cap17","know_can_06_t4","T4-You can be charged under NSW law for handing a joint/bong to a friend","haven_labelled","Knowledge","Substance Use Knowledge",283,"ok","high",TRUE,4,"t4","T4","know_can_06","know_can_06",TRUE
"cap17","know_can_05_t4","T4-You can die from a cannabis overdose","haven_labelled","Knowledge","Substance Use Knowledge",284,"ok","high",TRUE,4,"t4","T4","know_can_05","know_can_05",TRUE
"cap17","know_can_01_t4","T4-You can get addicted to cannabis","haven_labelled","Knowledge","Substance Use Knowledge",285,"ok","high",TRUE,4,"t4","T4","know_can_01","know_can_01",TRUE
"h4l15","know_h4l_16_bin_t4","T4_know16r","haven_labelled","Knowledge","Substance Use Knowledge",286,"ok","high",TRUE,4,"t4","T4","know_h4l_16_bin","know_h4l_16_bin",TRUE
"h4l15","know_h4l_17_bin_t4","T4_know17r","haven_labelled","Knowledge","Substance Use Knowledge",287,"ok","high",TRUE,4,"t4","T4","know_h4l_17_bin","know_h4l_17_bin",TRUE
"h4l15","know_h4l_18_bin_t4","T4_know18r","haven_labelled","Knowledge","Substance Use Knowledge",288,"ok","high",TRUE,4,"t4","T4","know_h4l_18_bin","know_h4l_18_bin",TRUE
"h4l15","know_h4l_01_bin_t4","T4_know1r","haven_labelled","Knowledge","Substance Use Knowledge",289,"ok","high",TRUE,4,"t4","T4","know_h4l_01_bin","know_h4l_01_bin",TRUE
"h4l15","know_h4l_02_bin_t4","T4_know2r","haven_labelled","Knowledge","Substance Use Knowledge",290,"ok","high",TRUE,4,"t4","T4","know_h4l_02_bin","know_h4l_02_bin",TRUE
"h4l15","know_h4l_03_bin_t4","T4_know3r","haven_labelled","Knowledge","Substance Use Knowledge",291,"ok","high",TRUE,4,"t4","T4","know_h4l_03_bin","know_h4l_03_bin",TRUE
"cap17","know_alc_sum_t5","T5 AK Total Score","numeric","Knowledge","Substance Use Knowledge",292,"ok","high",TRUE,5,"t5","T5","know_alc_sum",NA,FALSE
"cap17","know_can_sum_t5","T5 CK Total Score","numeric","Knowledge","Substance Use Knowledge",293,"ok","high",TRUE,5,"t5","T5","know_can_sum",NA,FALSE
"cap17","know_alc_05_t5","T5- Q5 A can of regular strength beer contains approx 1.5 std drinks","haven_labelled","Knowledge","Substance Use Knowledge",294,"ok","high",TRUE,5,"t5","T5","know_alc_05","know_alc_05",TRUE
"cap17","know_alc_09_t5","T5-A 750ml bottle of whisky contains 15 std drinks","haven_labelled","Knowledge","Substance Use Knowledge",295,"ok","high",TRUE,5,"t5","T5","know_alc_09","know_alc_09",TRUE
"cap17","know_alc_15_t5","T5-Adults should have no more than 4 std drinks on a single occassion....","haven_labelled","Knowledge","Substance Use Knowledge",296,"ok","high",TRUE,5,"t5","T5","know_alc_15","know_alc_15",TRUE
"cap17","know_can_02_t5","T5-Cannabis improves skills needed to drive a car","haven_labelled","Knowledge","Substance Use Knowledge",297,"ok","high",TRUE,5,"t5","T5","know_can_02","know_can_02",TRUE
"cap17","know_can_13_t5","T5-Cannabis use improves people's memory and learning","haven_labelled","Knowledge","Substance Use Knowledge",298,"ok","high",TRUE,5,"t5","T5","know_can_13","know_can_13",TRUE
"cap17","know_can_15_t5","T5-Difficulty sleeping, headaches, depression are a few symptoms a person may experience whe they stop using cannabis regularly","haven_labelled","Knowledge","Substance Use Knowledge",299,"ok","high",TRUE,5,"t5","T5","know_can_15","know_can_15",TRUE
"cap17","know_alc_11_t5","T5-Females digest and metabolise alcohol differently","haven_labelled","Knowledge","Substance Use Knowledge",300,"ok","high",TRUE,5,"t5","T5","know_alc_11","know_alc_11",TRUE
"cap17","know_can_12_t5","T5-If a person is spinning out after using cannabis it can help to reassure them that the feeling will pass","haven_labelled","Knowledge","Substance Use Knowledge",301,"ok","high",TRUE,5,"t5","T5","know_can_12","know_can_12",TRUE
"cap17","know_alc_12_t5","T5-In Aust, it is illegal not to write the no. of std drinks on the container...","haven_labelled","Knowledge","Substance Use Knowledge",302,"ok","high",TRUE,5,"t5","T5","know_alc_12","know_alc_12",TRUE
"cap17","know_can_16_t5","T5-In NSW you are allowed to grow up to 5 plants for your own use","haven_labelled","Knowledge","Substance Use Knowledge",303,"ok","high",TRUE,5,"t5","T5","know_can_16","know_can_16",TRUE
"cap17","know_can_09_t5","T5-It is possible to detect cannabis in urine and blood b/w 1-5 days after use","haven_labelled","Knowledge","Substance Use Knowledge",304,"ok","high",TRUE,5,"t5","T5","know_can_09","know_can_09",TRUE
"cap17","know_alc_13_t5","T5-It is reasonably safe for an adult to have 6 std drinks","haven_labelled","Knowledge","Substance Use Knowledge",305,"ok","high",TRUE,5,"t5","T5","know_alc_13","know_alc_13",TRUE
"cap17","know_alc_10_t5","T5-More deaths in Australia by heroin than alcohol","haven_labelled","Knowledge","Substance Use Knowledge",306,"ok","high",TRUE,5,"t5","T5","know_alc_10","know_alc_10",TRUE
"cap17","know_alc_14_t5","T5-Most 13-14 yo's do not drink alcohol to get drunk","haven_labelled","Knowledge","Substance Use Knowledge",307,"ok","high",TRUE,5,"t5","T5","know_alc_14","know_alc_14",TRUE
"cap17","know_can_11_t5","T5-Over 80% of people aged between 12 and 17 have never tried cannabis","haven_labelled","Knowledge","Substance Use Knowledge",308,"ok","high",TRUE,5,"t5","T5","know_can_11","know_can_11",TRUE
"cap17","know_can_07_t5","T5-People who use cannabis regularly are dependent on cannabis may experience psychotic symptoms such as hallucinations and delusions","haven_labelled","Knowledge","Substance Use Knowledge",309,"ok","high",TRUE,5,"t5","T5","know_can_07","know_can_07",TRUE
"cap17","know_alc_01_t5","T5-Q1 Most Yr 8 students are regular drinkers","haven_labelled","Knowledge","Substance Use Knowledge",310,"ok","high",TRUE,5,"t5","T5","know_alc_01","know_alc_01",TRUE
"cap17","know_alc_02_t5","T5-Q2 The recommended guidelines say it is OK for adults to have up to 2 drinks per day","haven_labelled","Knowledge","Substance Use Knowledge",311,"ok","high",TRUE,5,"t5","T5","know_alc_02","know_alc_02",TRUE
"cap17","know_alc_03_t5","T5-Q3 A person can die if they drink too much","haven_labelled","Knowledge","Substance Use Knowledge",312,"ok","high",TRUE,5,"t5","T5","know_alc_03","know_alc_03",TRUE
"cap17","know_alc_04_t5","T5-Q4 The rec guidelines say that for people <15 yrs, the safest option is to not drink at all","haven_labelled","Knowledge","Substance Use Knowledge",313,"ok","high",TRUE,5,"t5","T5","know_alc_04","know_alc_04",TRUE
"cap17","know_alc_06_t5","T5-Q6 On avg, younger people can tolerate alcohol more eaily than older people, as they are younger and fitter","haven_labelled","Knowledge","Substance Use Knowledge",314,"ok","high",TRUE,5,"t5","T5","know_alc_06","know_alc_06",TRUE
"cap17","know_alc_07_t5","T5-Q7 Drinking black coffee helps the sobering up process","haven_labelled","Knowledge","Substance Use Knowledge",315,"ok","high",TRUE,5,"t5","T5","know_alc_07","know_alc_07",TRUE
"cap17","know_alc_08_t5","T5-Q8 If a person cannot be woken by pinching and prodding you should call an ambulance","haven_labelled","Knowledge","Substance Use Knowledge",316,"ok","high",TRUE,5,"t5","T5","know_alc_08","know_alc_08",TRUE
"cap17","know_can_04_t5","T5-Smoking cannabis and tobacco together is more harmful than using cannabis alone","haven_labelled","Knowledge","Substance Use Knowledge",317,"ok","high",TRUE,5,"t5","T5","know_can_04","know_can_04",TRUE
"cap17","know_can_10_t5","T5-Smoking cannabis through a homemade bong is the least harmful way to use cannabis","haven_labelled","Knowledge","Substance Use Knowledge",318,"ok","high",TRUE,5,"t5","T5","know_can_10","know_can_10",TRUE
"cap17","know_can_08_t5","T5-The heads and leaf od cannabis plants vary in strength","haven_labelled","Knowledge","Substance Use Knowledge",319,"ok","high",TRUE,5,"t5","T5","know_can_08","know_can_08",TRUE
"cap17","know_can_14_t5","T5-The main mind-altering ingredient in cannabis is THC","haven_labelled","Knowledge","Substance Use Knowledge",320,"ok","high",TRUE,5,"t5","T5","know_can_14","know_can_14",TRUE
"cap17","know_alc_16_t5","T5-There is more alcohol in a std drink of beer than in a std drink of spirits","haven_labelled","Knowledge","Substance Use Knowledge",321,"ok","high",TRUE,5,"t5","T5","know_alc_16","know_alc_16",TRUE
"cap17","know_can_03_t5","T5-Using cannabis can cause people to feel anxious, depressed, paranoid and panicky","haven_labelled","Knowledge","Substance Use Knowledge",322,"ok","high",TRUE,5,"t5","T5","know_can_03","know_can_03",TRUE
"cap17","know_can_06_t5","T5-You can be charged under NSW law for handing a joint/bong to a friend","haven_labelled","Knowledge","Substance Use Knowledge",323,"ok","high",TRUE,5,"t5","T5","know_can_06","know_can_06",TRUE
"cap17","know_can_05_t5","T5-You can die from a cannabis overdose","haven_labelled","Knowledge","Substance Use Knowledge",324,"ok","high",TRUE,5,"t5","T5","know_can_05","know_can_05",TRUE
"cap17","know_can_01_t5","T5-You can get addicted to cannabis","haven_labelled","Knowledge","Substance Use Knowledge",325,"ok","high",TRUE,5,"t5","T5","know_can_01","know_can_01",TRUE
"cap17","know_alc_sum_t1","Time 1 AK Total Score","numeric","Knowledge","Substance Use Knowledge",326,"ok","high",TRUE,1,"t1","T1","know_alc_sum",NA,FALSE
"cap17","know_can_sum_t1","Time 1 CK Total Score","numeric","Knowledge","Substance Use Knowledge",327,"ok","high",TRUE,1,"t1","T1","know_can_sum",NA,FALSE
"cap17","know_alc_sum_t2","Time 2 AK Total Score","numeric","Knowledge","Substance Use Knowledge",328,"ok","high",TRUE,2,"t2","T2","know_alc_sum",NA,FALSE
"cap17","know_can_sum_t2","Time 2 CK Total Score","numeric","Knowledge","Substance Use Knowledge",329,"ok","high",TRUE,2,"t2","T2","know_can_sum",NA,FALSE
"h4l15","know_h4l_16_bin_t1","t1_know16r","haven_labelled","Knowledge","Substance Use Knowledge",330,"ok","high",TRUE,1,"t1","T1","know_h4l_16_bin","know_h4l_16_bin",TRUE
"h4l15","know_h4l_17_bin_t1","t1_know17r","haven_labelled","Knowledge","Substance Use Knowledge",331,"ok","high",TRUE,1,"t1","T1","know_h4l_17_bin","know_h4l_17_bin",TRUE
"h4l15","know_h4l_18_bin_t1","t1_know18r","haven_labelled","Knowledge","Substance Use Knowledge",332,"ok","high",TRUE,1,"t1","T1","know_h4l_18_bin","know_h4l_18_bin",TRUE
"h4l15","know_h4l_01_bin_t1","t1_know1r","haven_labelled","Knowledge","Substance Use Knowledge",333,"ok","high",TRUE,1,"t1","T1","know_h4l_01_bin","know_h4l_01_bin",TRUE
"h4l15","know_h4l_02_bin_t1","t1_know2r","haven_labelled","Knowledge","Substance Use Knowledge",334,"ok","high",TRUE,1,"t1","T1","know_h4l_02_bin","know_h4l_02_bin",TRUE
"h4l15","know_h4l_03_bin_t1","t1_know3r","haven_labelled","Knowledge","Substance Use Knowledge",335,"ok","high",TRUE,1,"t1","T1","know_h4l_03_bin","know_h4l_03_bin",TRUE
"h4l15","know_h4l_01_bin_t2","t2_know1r","haven_labelled","Knowledge","Substance Use Knowledge",336,"ok","high",TRUE,2,"t2","T2","know_h4l_01_bin","know_h4l_01_bin",TRUE
"h4l15","know_h4l_02_bin_t2","t2_know2r","haven_labelled","Knowledge","Substance Use Knowledge",337,"ok","high",TRUE,2,"t2","T2","know_h4l_02_bin","know_h4l_02_bin",TRUE
"h4l15","know_h4l_01_bin_t3","t3_know1r","haven_labelled","Knowledge","Substance Use Knowledge",338,"ok","high",TRUE,3,"t3","T3","know_h4l_01_bin","know_h4l_01_bin",TRUE
"h4l15","life_victim_ever_t5","Have you ever been bullied?","haven_labelled","Life Events","Adverse Events",1,"ok","high",TRUE,5,"t5","T5","life_victim_ever","life_victim_ever",TRUE
"h4l15","life_bully_ever_t5","Have you ever bullied others?","haven_labelled","Life Events","Adverse Events",2,"ok","high",TRUE,5,"t5","T5","life_bully_ever","life_bully_ever",TRUE
"h4l15","life_victim_freq_t5","How often have you been bullied in the past year?","haven_labelled","Life Events","Adverse Events",3,"ok","high",TRUE,5,"t5","T5","life_victim_freq","life_victim_freq",TRUE
"h4l15","life_bully_freq_t5","How often have you bullied others in the past year?","haven_labelled","Life Events","Adverse Events",4,"ok","high",TRUE,5,"t5","T5","life_bully_freq","life_bully_freq",TRUE
"h4l15","life_covid_exp_12_t5","I have a family member who has been diagnosed positive by a laboratory test","character","Life Events","Adverse Events",5,"ok","high",TRUE,5,"t5","T5","life_covid_exp_12",NA,FALSE
"h4l15","life_covid_exp_02_t5","I have been diagnosed positive for COVID-19 by a rapid antigen test (RAT) or laboratory test in the past year","character","Life Events","Adverse Events",6,"ok","high",TRUE,5,"t5","T5","life_covid_exp_02",NA,FALSE
"h4l15","life_ace_ever_t1","T1 Below is a list of scary or violent things that can happen to people. Has anything like this ever happened to you?","haven_labelled","Life Events","Adverse Events",7,"ok","high",TRUE,1,"t1","T1","life_ace_ever","life_ace_ever",TRUE
"h4l15","life_victim_freq_rec_t1","T1 Frequency of bully victimisation recoded","haven_labelled","Life Events","Adverse Events",8,"ok","high",TRUE,1,"t1","T1","life_victim_freq_rec","life_victim_freq_rec",TRUE
"h4l15","life_bully_freq_rec_t1","T1 Frequency of bullying recoded","haven_labelled","Life Events","Adverse Events",9,"ok","high",TRUE,1,"t1","T1","life_bully_freq_rec","life_bully_freq_rec",TRUE
"h4l15","life_ace_mult_t1","T1 Have any of these events happened to you more than once?","haven_labelled","Life Events","Adverse Events",10,"ok","high",TRUE,1,"t1","T1","life_ace_mult","life_ace_mult",TRUE
"h4l15","life_victim_ever_t1","T1 Have you ever been bullied?","haven_labelled","Life Events","Adverse Events",11,"ok","high",TRUE,1,"t1","T1","life_victim_ever","life_victim_ever",TRUE
"h4l15","life_bully_ever_t1","T1 Have you ever bullied others?","haven_labelled","Life Events","Adverse Events",12,"ok","high",TRUE,1,"t1","T1","life_bully_ever","life_bully_ever",TRUE
"h4l15","life_victim_freq_t1","T1 How often have you been bullied in the past year?","haven_labelled","Life Events","Adverse Events",13,"ok","high",TRUE,1,"t1","T1","life_victim_freq","life_victim_freq",TRUE
"h4l15","life_bully_freq_t1","T1 How often have you bullied others in the past year?","haven_labelled","Life Events","Adverse Events",14,"ok","high",TRUE,1,"t1","T1","life_bully_freq","life_bully_freq",TRUE
"h4l15","life_ace_age_t1","T1 How old were you the first time something like this happened to you? (years)","haven_labelled","Life Events","Adverse Events",15,"ok","high",TRUE,1,"t1","T1","life_ace_age","life_ace_age",TRUE
"cap17","life_sn_04_t1","T1-Has someone ever written or posted mean or embarrassing things about you online?","haven_labelled","Life Events","Adverse Events",16,"ok","high",TRUE,1,"t1","T1","life_sn_04","life_sn_04",TRUE
"cap17","life_bully_6m_06_t1","T1-I called another student mean names, made fun of, or teased him or her in a hurtful way","haven_labelled","Life Events","Adverse Events",17,"ok","high",TRUE,1,"t1","T1","life_bully_6m_06","life_bully_6m_06",TRUE
"cap17","life_bully_6m_07_t1","T1-I kept another student/child out of thing on purpose, excluded him or her from my group or completly ignored","haven_labelled","Life Events","Adverse Events",18,"ok","high",TRUE,1,"t1","T1","life_bully_6m_07","life_bully_6m_07",TRUE
"cap17","life_bully_6m_08_t1","T1-I kicked, pushed,shoved, locked another student indoors","haven_labelled","Life Events","Adverse Events",19,"ok","high",TRUE,1,"t1","T1","life_bully_6m_08","life_bully_6m_08",TRUE
"cap17","life_bully_6m_05_t1","T1-I took part in bullying another student at school","haven_labelled","Life Events","Adverse Events",20,"ok","high",TRUE,1,"t1","T1","life_bully_6m_05","life_bully_6m_05",TRUE
"cap17","life_bully_6m_01_t1","T1-I was bullied at school","haven_labelled","Life Events","Adverse Events",21,"ok","high",TRUE,1,"t1","T1","life_bully_6m_01","life_bully_6m_01",TRUE
"cap17","life_bully_6m_02_t1","T1-I was called mean names, made fun of, teased in a hurtful way","haven_labelled","Life Events","Adverse Events",22,"ok","high",TRUE,1,"t1","T1","life_bully_6m_02","life_bully_6m_02",TRUE
"cap17","life_bully_6m_04_t1","T1-I was hit, kicked, pushed, shoved around or locked indoors","haven_labelled","Life Events","Adverse Events",23,"ok","high",TRUE,1,"t1","T1","life_bully_6m_04","life_bully_6m_04",TRUE
"cap17","life_bully_6m_03_t1","T1-Other students left me out of things on purpose, excluded me from their group of friends or completely ignored me","haven_labelled","Life Events","Adverse Events",24,"ok","high",TRUE,1,"t1","T1","life_bully_6m_03","life_bully_6m_03",TRUE
"h4l15","life_ace_ever_t2","T2 Below is a list of scary or violent things that can happen to people. Has anything like this ever happened to you?","haven_labelled","Life Events","Adverse Events",25,"ok","high",TRUE,2,"t2","T2","life_ace_ever","life_ace_ever",TRUE
"h4l15","life_ace_mult_t2","T2 Have any of these events happened to you more than once?","haven_labelled","Life Events","Adverse Events",26,"ok","high",TRUE,2,"t2","T2","life_ace_mult","life_ace_mult",TRUE
"h4l15","life_ace_age_t2","T2 How old were you the first time something like this happened to you? (years)","haven_labelled","Life Events","Adverse Events",27,"ok","high",TRUE,2,"t2","T2","life_ace_age","life_ace_age",TRUE
"cap17","life_sn_04_t2","T2-Has someone ever written or posted mean or embarrassing things about you online?","haven_labelled","Life Events","Adverse Events",28,"ok","high",TRUE,2,"t2","T2","life_sn_04","life_sn_04",TRUE
"cap17","life_bully_6m_06_t2","T2-I called another student mean names, made fun of, or teased him or her in a hurtful way","haven_labelled","Life Events","Adverse Events",29,"ok","high",TRUE,2,"t2","T2","life_bully_6m_06","life_bully_6m_06",TRUE
"cap17","life_bully_6m_07_t2","T2-I kept another student/child out of thing on purpose, excluded him or her from my group or completly ignored","haven_labelled","Life Events","Adverse Events",30,"ok","high",TRUE,2,"t2","T2","life_bully_6m_07","life_bully_6m_07",TRUE
"cap17","life_bully_6m_08_t2","T2-I kicked, pushed,shoved, locked another student indoors","haven_labelled","Life Events","Adverse Events",31,"ok","high",TRUE,2,"t2","T2","life_bully_6m_08","life_bully_6m_08",TRUE
"cap17","life_bully_6m_05_t2","T2-I took part in bullying another student at school","haven_labelled","Life Events","Adverse Events",32,"ok","high",TRUE,2,"t2","T2","life_bully_6m_05","life_bully_6m_05",TRUE
"cap17","life_bully_6m_01_t2","T2-I was bullied at school","haven_labelled","Life Events","Adverse Events",33,"ok","high",TRUE,2,"t2","T2","life_bully_6m_01","life_bully_6m_01",TRUE
"cap17","life_bully_6m_02_t2","T2-I was called mean names, made fun of, teased in a hurtful way","haven_labelled","Life Events","Adverse Events",34,"ok","high",TRUE,2,"t2","T2","life_bully_6m_02","life_bully_6m_02",TRUE
"cap17","life_bully_6m_04_t2","T2-I was hit, kicked, pushed, shoved around or locked indoors","haven_labelled","Life Events","Adverse Events",35,"ok","high",TRUE,2,"t2","T2","life_bully_6m_04","life_bully_6m_04",TRUE
"cap17","life_bully_6m_03_t2","T2-Other students left me out of things on purpose, excluded me from their group of friends or completely ignored me","haven_labelled","Life Events","Adverse Events",36,"ok","high",TRUE,2,"t2","T2","life_bully_6m_03","life_bully_6m_03",TRUE
"cap17","life_bully_6m_t3","T3 Bullied 6 months","haven_labelled","Life Events","Adverse Events",37,"ok","high",TRUE,3,"t3","T3","life_bully_6m","life_bully_6m",TRUE
"cap17","life_bully_freq_6m_t3","T3 Freq of bully perpetration 6 months","numeric","Life Events","Adverse Events",38,"ok","high",TRUE,3,"t3","T3","life_bully_freq_6m",NA,FALSE
"cap17","life_victim_freq_6m_t3","T3 Freq of bully victimisation 6 months","numeric","Life Events","Adverse Events",39,"ok","high",TRUE,3,"t3","T3","life_victim_freq_6m",NA,FALSE
"h4l15","life_covid_exp_12_t3","T3 I have a family member who has been diagnosed positive by a laboratory test","character","Life Events","Adverse Events",40,"ok","high",TRUE,3,"t3","T3","life_covid_exp_12",NA,FALSE
"h4l15","life_covid_exp_02_t3","T3 I have been diagnosed positive for COVID-19 by a laboratory test","character","Life Events","Adverse Events",41,"ok","high",TRUE,3,"t3","T3","life_covid_exp_02",NA,FALSE
"h4l15","life_bush_04_t3","T3 The home or property of a close family member or friend has been damaged or destroyed by the fires","haven_labelled","Life Events","Adverse Events",42,"ok","high",TRUE,3,"t3","T3","life_bush_04","life_bush_04",TRUE
"cap17","life_victim_6m_t3","T3 Was bullied 6 months","haven_labelled","Life Events","Adverse Events",43,"ok","high",TRUE,3,"t3","T3","life_victim_6m","life_victim_6m",TRUE
"h4l15","life_bush_02_t3","T3 Your home or property (including pets or livestock) has been damaged or destroyed by the fires","haven_labelled","Life Events","Adverse Events",44,"ok","high",TRUE,3,"t3","T3","life_bush_02","life_bush_02",TRUE
"cap17","life_sn_04_t3","T3-Has someone ever written or posted mean or embarrassing things about you online?","haven_labelled","Life Events","Adverse Events",45,"ok","high",TRUE,3,"t3","T3","life_sn_04","life_sn_04",TRUE
"cap17","life_bully_6m_06_t3","T3-I called another student mean names, made fun of, or teased him or her in a hurtful way","haven_labelled","Life Events","Adverse Events",46,"ok","high",TRUE,3,"t3","T3","life_bully_6m_06","life_bully_6m_06",TRUE
"cap17","life_bully_6m_07_t3","T3-I kept another student/child out of thing on purpose, excluded him or her from my group or completly ignored","haven_labelled","Life Events","Adverse Events",47,"ok","high",TRUE,3,"t3","T3","life_bully_6m_07","life_bully_6m_07",TRUE
"cap17","life_bully_6m_08_t3","T3-I kicked, pushed,shoved, locked another student indoors","haven_labelled","Life Events","Adverse Events",48,"ok","high",TRUE,3,"t3","T3","life_bully_6m_08","life_bully_6m_08",TRUE
"cap17","life_bully_6m_05_t3","T3-I took part in bullying another student at school","haven_labelled","Life Events","Adverse Events",49,"ok","high",TRUE,3,"t3","T3","life_bully_6m_05","life_bully_6m_05",TRUE
"cap17","life_bully_6m_01_t3","T3-I was bullied at school","haven_labelled","Life Events","Adverse Events",50,"ok","high",TRUE,3,"t3","T3","life_bully_6m_01","life_bully_6m_01",TRUE
"cap17","life_bully_6m_02_t3","T3-I was called mean names, made fun of, teased in a hurtful way","haven_labelled","Life Events","Adverse Events",51,"ok","high",TRUE,3,"t3","T3","life_bully_6m_02","life_bully_6m_02",TRUE
"cap17","life_bully_6m_04_t3","T3-I was hit, kicked, pushed, shoved around or locked indoors","haven_labelled","Life Events","Adverse Events",52,"ok","high",TRUE,3,"t3","T3","life_bully_6m_04","life_bully_6m_04",TRUE
"cap17","life_bully_6m_03_t3","T3-Other students left me out of things on purpose, excluded me from their group of friends or completely ignored me","haven_labelled","Life Events","Adverse Events",53,"ok","high",TRUE,3,"t3","T3","life_bully_6m_03","life_bully_6m_03",TRUE
"cap17","life_bully_6m_t4","T4 Bullied 6 months","haven_labelled","Life Events","Adverse Events",54,"ok","high",TRUE,4,"t4","T4","life_bully_6m","life_bully_6m",TRUE
"cap17","life_bully_freq_6m_t4","T4 Freq of bully perpetration 6 months","numeric","Life Events","Adverse Events",55,"ok","high",TRUE,4,"t4","T4","life_bully_freq_6m",NA,FALSE
"cap17","life_victim_freq_6m_t4","T4 Freq of bully victimisation 6 months","numeric","Life Events","Adverse Events",56,"ok","high",TRUE,4,"t4","T4","life_victim_freq_6m",NA,FALSE
"h4l15","life_covid_exp_12_t4","T4 I have a family member who has been diagnosed positive by a laboratory test","character","Life Events","Adverse Events",57,"ok","high",TRUE,4,"t4","T4","life_covid_exp_12",NA,FALSE
"h4l15","life_covid_exp_02_t4","T4 I have been diagnosed positive for COVID-19 by a laboratory test","character","Life Events","Adverse Events",58,"ok","high",TRUE,4,"t4","T4","life_covid_exp_02",NA,FALSE
"cap17","life_victim_6m_t4","T4 Was bullied 6 months","haven_labelled","Life Events","Adverse Events",59,"ok","high",TRUE,4,"t4","T4","life_victim_6m","life_victim_6m",TRUE
"cap17","life_sn_04_t4","T4-Has someone ever written or posted mean or embarrassing things about you online?","haven_labelled","Life Events","Adverse Events",60,"ok","high",TRUE,4,"t4","T4","life_sn_04","life_sn_04",TRUE
"cap17","life_bully_6m_06_t4","T4-I called another student mean names, made fun of, or teased him or her in a hurtful way","haven_labelled","Life Events","Adverse Events",61,"ok","high",TRUE,4,"t4","T4","life_bully_6m_06","life_bully_6m_06",TRUE
"cap17","life_bully_6m_07_t4","T4-I kept another student/child out of thing on purpose, excluded him or her from my group or completly ignored","haven_labelled","Life Events","Adverse Events",62,"ok","high",TRUE,4,"t4","T4","life_bully_6m_07","life_bully_6m_07",TRUE
"cap17","life_bully_6m_08_t4","T4-I kicked, pushed,shoved, locked another student indoors","haven_labelled","Life Events","Adverse Events",63,"ok","high",TRUE,4,"t4","T4","life_bully_6m_08","life_bully_6m_08",TRUE
"cap17","life_bully_6m_05_t4","T4-I took part in bullying another student at school","haven_labelled","Life Events","Adverse Events",64,"ok","high",TRUE,4,"t4","T4","life_bully_6m_05","life_bully_6m_05",TRUE
"cap17","life_bully_6m_01_t4","T4-I was bullied at school","haven_labelled","Life Events","Adverse Events",65,"ok","high",TRUE,4,"t4","T4","life_bully_6m_01","life_bully_6m_01",TRUE
"cap17","life_bully_6m_02_t4","T4-I was called mean names, made fun of, teased in a hurtful way","haven_labelled","Life Events","Adverse Events",66,"ok","high",TRUE,4,"t4","T4","life_bully_6m_02","life_bully_6m_02",TRUE
"cap17","life_bully_6m_04_t4","T4-I was hit, kicked, pushed, shoved around or locked indoors","haven_labelled","Life Events","Adverse Events",67,"ok","high",TRUE,4,"t4","T4","life_bully_6m_04","life_bully_6m_04",TRUE
"cap17","life_bully_6m_03_t4","T4-Other students left me out of things on purpose, excluded me from their group of friends or completely ignored me","haven_labelled","Life Events","Adverse Events",68,"ok","high",TRUE,4,"t4","T4","life_bully_6m_03","life_bully_6m_03",TRUE
"cap17","life_bully_6m_t5","T5 Bullied 6 months","haven_labelled","Life Events","Adverse Events",69,"ok","high",TRUE,5,"t5","T5","life_bully_6m","life_bully_6m",TRUE
"cap17","life_bully_freq_6m_t5","T5 Freq of bully perpetration 6 months","numeric","Life Events","Adverse Events",70,"ok","high",TRUE,5,"t5","T5","life_bully_freq_6m",NA,FALSE
"cap17","life_victim_freq_6m_t5","T5 Freq of bully victimisation 6 months","numeric","Life Events","Adverse Events",71,"ok","high",TRUE,5,"t5","T5","life_victim_freq_6m",NA,FALSE
"cap17","life_victim_6m_t5","T5 Was bullied 6 months","haven_labelled","Life Events","Adverse Events",72,"ok","high",TRUE,5,"t5","T5","life_victim_6m","life_victim_6m",TRUE
"cap17","life_sn_04_t5","T5-Has someone ever written or posted mean or embarrassing things about you online?","haven_labelled","Life Events","Adverse Events",73,"ok","high",TRUE,5,"t5","T5","life_sn_04","life_sn_04",TRUE
"cap17","life_bully_6m_06_t5","T5-I called another student mean names, made fun of, or teased him or her in a hurtful way","haven_labelled","Life Events","Adverse Events",74,"ok","high",TRUE,5,"t5","T5","life_bully_6m_06","life_bully_6m_06",TRUE
"cap17","life_bully_6m_07_t5","T5-I kept another student/child out of thing on purpose, excluded him or her from my group or completly ignored","haven_labelled","Life Events","Adverse Events",75,"ok","high",TRUE,5,"t5","T5","life_bully_6m_07","life_bully_6m_07",TRUE
"cap17","life_bully_6m_08_t5","T5-I kicked, pushed,shoved, locked another student indoors","haven_labelled","Life Events","Adverse Events",76,"ok","high",TRUE,5,"t5","T5","life_bully_6m_08","life_bully_6m_08",TRUE
"cap17","life_bully_6m_05_t5","T5-I took part in bullying another student at school","haven_labelled","Life Events","Adverse Events",77,"ok","high",TRUE,5,"t5","T5","life_bully_6m_05","life_bully_6m_05",TRUE
"cap17","life_bully_6m_01_t5","T5-I was bullied at school","haven_labelled","Life Events","Adverse Events",78,"ok","high",TRUE,5,"t5","T5","life_bully_6m_01","life_bully_6m_01",TRUE
"cap17","life_bully_6m_02_t5","T5-I was called mean names, made fun of, teased in a hurtful way","haven_labelled","Life Events","Adverse Events",79,"ok","high",TRUE,5,"t5","T5","life_bully_6m_02","life_bully_6m_02",TRUE
"cap17","life_bully_6m_04_t5","T5-I was hit, kicked, pushed, shoved around or locked indoors","haven_labelled","Life Events","Adverse Events",80,"ok","high",TRUE,5,"t5","T5","life_bully_6m_04","life_bully_6m_04",TRUE
"cap17","life_bully_6m_03_t5","T5-Other students left me out of things on purpose, excluded me from their group of friends or completely ignored me","haven_labelled","Life Events","Adverse Events",81,"ok","high",TRUE,5,"t5","T5","life_bully_6m_03","life_bully_6m_03",TRUE
"cap17","life_bully_6m_t1","Time 1 Bullied 6 months","haven_labelled","Life Events","Adverse Events",82,"ok","high",TRUE,1,"t1","T1","life_bully_6m","life_bully_6m",TRUE
"cap17","life_bully_freq_6m_t1","Time 1 Freq of bully perpetration 6 months","numeric","Life Events","Adverse Events",83,"ok","high",TRUE,1,"t1","T1","life_bully_freq_6m",NA,FALSE
"cap17","life_victim_freq_6m_t1","Time 1 Freq of bully victimisation 6 months","numeric","Life Events","Adverse Events",84,"ok","high",TRUE,1,"t1","T1","life_victim_freq_6m",NA,FALSE
"cap17","life_victim_6m_t1","Time 1 Was bullied 6 months","haven_labelled","Life Events","Adverse Events",85,"ok","high",TRUE,1,"t1","T1","life_victim_6m","life_victim_6m",TRUE
"cap17","life_bully_6m_t2","Time 2 Bullied 6 months","haven_labelled","Life Events","Adverse Events",86,"ok","high",TRUE,2,"t2","T2","life_bully_6m","life_bully_6m",TRUE
"cap17","life_bully_freq_6m_t2","Time 2 Freq of bully perpetration 6 months","numeric","Life Events","Adverse Events",87,"ok","high",TRUE,2,"t2","T2","life_bully_freq_6m",NA,FALSE
"cap17","life_victim_freq_6m_t2","Time 2 Freq of bully victimisation 6 months","numeric","Life Events","Adverse Events",88,"ok","high",TRUE,2,"t2","T2","life_victim_freq_6m",NA,FALSE
"cap17","life_victim_6m_t2","Time 2 Was bullied 6 months","haven_labelled","Life Events","Adverse Events",89,"ok","high",TRUE,2,"t2","T2","life_victim_6m","life_victim_6m",TRUE
"cap17","life_sn_01_t1","T1 Minutes spent on Facebook, Myspace and other social networking sites in a typical day","character","Life Events","Social Events",90,"ok","high",TRUE,1,"t1","T1","life_sn_01",NA,FALSE
"cap17","life_sn_02_t1","T1-Pictures of kids drunk, passed out or using drugs on these sites?","haven_labelled","Life Events","Social Events",91,"ok","high",TRUE,1,"t1","T1","life_sn_02","life_sn_02",TRUE
"cap17","life_sn_01_t2","T2 Minutes spent on Facebook, Myspace and other social networking sites in a typical day","character","Life Events","Social Events",92,"ok","high",TRUE,2,"t2","T2","life_sn_01",NA,FALSE
"cap17","life_sn_02_t2","T2-Pictures of kids drunk, passed out or using drugs on these sites?","haven_labelled","Life Events","Social Events",93,"ok","high",TRUE,2,"t2","T2","life_sn_02","life_sn_02",TRUE
"cap17","life_sn_01_t3","T3 Minutes spent on Facebook, Myspace and other social networking sites in a typical day","character","Life Events","Social Events",94,"ok","high",TRUE,3,"t3","T3","life_sn_01",NA,FALSE
"cap17","life_sn_02_t3","T3-Pictures of kids drunk, passed out or using drugs on these sites?","haven_labelled","Life Events","Social Events",95,"ok","high",TRUE,3,"t3","T3","life_sn_02","life_sn_02",TRUE
"cap17","life_sn_01_t4","T4 Minutes spent on Facebook, Myspace and other social networking sites in a typical day","character","Life Events","Social Events",96,"ok","high",TRUE,4,"t4","T4","life_sn_01",NA,FALSE
"cap17","life_sn_02_t4","T4-Pictures of kids drunk, passed out or using drugs on these sites?","haven_labelled","Life Events","Social Events",97,"ok","high",TRUE,4,"t4","T4","life_sn_02","life_sn_02",TRUE
"cap17","life_sn_01_t5","T5 Minutes spent on Facebook, Myspace and other social networking sites in a typical day","character","Life Events","Social Events",98,"ok","high",TRUE,5,"t5","T5","life_sn_01",NA,FALSE
"cap17","life_sn_02_t5","T5-Pictures of kids drunk, passed out or using drugs on these sites?","haven_labelled","Life Events","Social Events",99,"ok","high",TRUE,5,"t5","T5","life_sn_02","life_sn_02",TRUE
"h4l15","life_covid_exp_08_t5","I am currently voluntarily self-isolated","character","Life Events","Stressors",100,"ok","high",TRUE,5,"t5","T5","life_covid_exp_08",NA,FALSE
"h4l15","life_covid_exp_05_t5","I have NOT been tested but I believe I have had COVID-19","character","Life Events","Stressors",101,"ok","high",TRUE,5,"t5","T5","life_covid_exp_05",NA,FALSE
"h4l15","life_covid_exp_11_t5","I have a family member who is currently or has been required to self-isolate","character","Life Events","Stressors",102,"ok","high",TRUE,5,"t5","T5","life_covid_exp_11",NA,FALSE
"h4l15","life_covid_exp_10_t5","I have been a contact of someone who has been diagnosed positive by a laboratory test","character","Life Events","Stressors",103,"ok","high",TRUE,5,"t5","T5","life_covid_exp_10",NA,FALSE
"h4l15","life_covid_exp_04_t5","I have been tested for COVID-19 - negative result","character","Life Events","Stressors",104,"ok","high",TRUE,5,"t5","T5","life_covid_exp_04",NA,FALSE
"h4l15","life_covid_exp_03_t5","I have been tested for COVID-19—awaiting result","character","Life Events","Stressors",105,"ok","high",TRUE,5,"t5","T5","life_covid_exp_03",NA,FALSE
"h4l15","life_covid_exp_09_t5","I have voluntarily self-isolated in the past and am no longer doing so","character","Life Events","Stressors",106,"ok","high",TRUE,5,"t5","T5","life_covid_exp_09",NA,FALSE
"h4l15","life_covid_exp_13_t5","I know someone has been required to self-isolate","character","Life Events","Stressors",107,"ok","high",TRUE,5,"t5","T5","life_covid_exp_13",NA,FALSE
"h4l15","life_covid_exp_14_t5","I know someone who has been diagnosed positive by a laboratory test","character","Life Events","Stressors",108,"ok","high",TRUE,5,"t5","T5","life_covid_exp_14",NA,FALSE
"h4l15","life_covid_exp_06_t5","I was directed by the health department to self-isolate and am currently doing so","character","Life Events","Stressors",109,"ok","high",TRUE,5,"t5","T5","life_covid_exp_06",NA,FALSE
"h4l15","life_covid_exp_07_t5","I was directed by the health department to self-isolate in the past and am no longer doing so","character","Life Events","Stressors",110,"ok","high",TRUE,5,"t5","T5","life_covid_exp_07",NA,FALSE
"cap17","life_sn_03_t1","T1- Parent monitor your use of social networking sites?","haven_labelled","Life Events","Stressors",111,"ok","high",TRUE,1,"t1","T1","life_sn_03","life_sn_03",TRUE
"cap17","life_sn_03_t2","T2- Parent monitor your use of social networking sites?","haven_labelled","Life Events","Stressors",112,"ok","high",TRUE,2,"t2","T2","life_sn_03","life_sn_03",TRUE
"h4l15","life_covid_eff_01_t3","T3 Being physically active","haven_labelled","Life Events","Stressors",113,"ok","high",TRUE,3,"t3","T3","life_covid_eff_01","life_covid_eff_01",TRUE
"h4l15","life_covid_eff_02_t3","T3 Being social","haven_labelled","Life Events","Stressors",114,"ok","high",TRUE,3,"t3","T3","life_covid_eff_02","life_covid_eff_02",TRUE
"h4l15","life_bush_01_t3","T3 Do you feel comfortable answering some questions about this?","haven_labelled","Life Events","Stressors",115,"ok","high",TRUE,3,"t3","T3","life_bush_01","life_bush_01",TRUE
"h4l15","life_covid_exp_01_t3","T3 Do you feel comfortable answering some questions about this?","haven_labelled","Life Events","Stressors",116,"ok","high",TRUE,3,"t3","T3","life_covid_exp_01","life_covid_exp_01",TRUE
"h4l15","life_covid_eff_05_t3","T3 Drinking alcohol","haven_labelled","Life Events","Stressors",117,"ok","high",TRUE,3,"t3","T3","life_covid_eff_05","life_covid_eff_05",TRUE
"h4l15","life_covid_eff_03_t3","T3 Eating a healthy diet","haven_labelled","Life Events","Stressors",118,"ok","high",TRUE,3,"t3","T3","life_covid_eff_03","life_covid_eff_03",TRUE
"h4l15","life_covid_eff_07_t3","T3 Engaging in sedentary recreational screen time","haven_labelled","Life Events","Stressors",119,"ok","high",TRUE,3,"t3","T3","life_covid_eff_07","life_covid_eff_07",TRUE
"h4l15","life_covid_eff_04_t3","T3 Getting good quality sleep","haven_labelled","Life Events","Stressors",120,"ok","high",TRUE,3,"t3","T3","life_covid_eff_04","life_covid_eff_04",TRUE
"h4l15","life_covid_exp_08_t3","T3 I am currently voluntarily self-isolated","character","Life Events","Stressors",121,"ok","high",TRUE,3,"t3","T3","life_covid_exp_08",NA,FALSE
"h4l15","life_covid_exp_05_t3","T3 I have NOT been tested but I believe I have had COVID-19 ","character","Life Events","Stressors",122,"ok","high",TRUE,3,"t3","T3","life_covid_exp_05",NA,FALSE
"h4l15","life_covid_exp_11_t3","T3 I have a family member who is currently or has been required to self-isolate","character","Life Events","Stressors",123,"ok","high",TRUE,3,"t3","T3","life_covid_exp_11",NA,FALSE
"h4l15","life_covid_exp_10_t3","T3 I have been a contact of someone who has been diagnosed positive by a laboratory test","character","Life Events","Stressors",124,"ok","high",TRUE,3,"t3","T3","life_covid_exp_10",NA,FALSE
"h4l15","life_covid_exp_04_t3","T3 I have been tested for COVID-19 - negative result","character","Life Events","Stressors",125,"ok","high",TRUE,3,"t3","T3","life_covid_exp_04",NA,FALSE
"h4l15","life_covid_exp_03_t3","T3 I have been tested for COVID-19—awaiting result","character","Life Events","Stressors",126,"ok","high",TRUE,3,"t3","T3","life_covid_exp_03",NA,FALSE
"h4l15","life_covid_exp_09_t3","T3 I have voluntarily self-isolated in the past and am no longer doing so","character","Life Events","Stressors",127,"ok","high",TRUE,3,"t3","T3","life_covid_exp_09",NA,FALSE
"h4l15","life_covid_exp_13_t3","T3 I know someone has been required to self-isolate","character","Life Events","Stressors",128,"ok","high",TRUE,3,"t3","T3","life_covid_exp_13",NA,FALSE
"h4l15","life_covid_exp_14_t3","T3 I know someone who has been diagnosed positive by a laboratory test","character","Life Events","Stressors",129,"ok","high",TRUE,3,"t3","T3","life_covid_exp_14",NA,FALSE
"h4l15","life_covid_exp_06_t3","T3 I was directed by the health department to self-isolate and am currently doing so","character","Life Events","Stressors",130,"ok","high",TRUE,3,"t3","T3","life_covid_exp_06",NA,FALSE
"h4l15","life_covid_exp_07_t3","T3 I was directed by the health department to self-isolate in the past and am no longer doing so","character","Life Events","Stressors",131,"ok","high",TRUE,3,"t3","T3","life_covid_exp_07",NA,FALSE
"h4l15","life_covid_exp_15_t3","T3 None of the above","character","Life Events","Stressors",132,"ok","high",TRUE,3,"t3","T3","life_covid_exp_15",NA,FALSE
"h4l15","life_covid_eff_06_t3","T3 Smoking cigarettes","haven_labelled","Life Events","Stressors",133,"ok","high",TRUE,3,"t3","T3","life_covid_eff_06","life_covid_eff_06",TRUE
"h4l15","life_bush_05_t3","T3 The home or property of a close family member or friend has been threatened but not damaged or destroyed by the fires","haven_labelled","Life Events","Stressors",134,"ok","high",TRUE,3,"t3","T3","life_bush_05","life_bush_05",TRUE
"h4l15","life_bush_09_t3","T3 You felt anxious or worried for the safety of yourself, close family members or friends, due to the fires.","haven_labelled","Life Events","Stressors",135,"ok","high",TRUE,3,"t3","T3","life_bush_09","life_bush_09",TRUE
"h4l15","life_bush_08_t3","T3 You felt physically affected by smoke from the fires","haven_labelled","Life Events","Stressors",136,"ok","high",TRUE,3,"t3","T3","life_bush_08","life_bush_08",TRUE
"h4l15","life_bush_06_t3","T3 You were advised by emergency services (directly or indirectly via media) to evacuate from the area in which you live or were staying in due to the fires","haven_labelled","Life Events","Stressors",137,"ok","high",TRUE,3,"t3","T3","life_bush_06","life_bush_06",TRUE
"h4l15","life_bush_03_t3","T3 Your home or property has been threatened but not damaged or destroyed by the fires","haven_labelled","Life Events","Stressors",138,"ok","high",TRUE,3,"t3","T3","life_bush_03","life_bush_03",TRUE
"h4l15","life_bush_07_t3","T3 Your travel or holiday itself, or travel and holiday plans have been affected by the fires","haven_labelled","Life Events","Stressors",139,"ok","high",TRUE,3,"t3","T3","life_bush_07","life_bush_07",TRUE
"cap17","life_sn_03_t3","T3- Parent monitor your use of social networking sites?","haven_labelled","Life Events","Stressors",140,"ok","high",TRUE,3,"t3","T3","life_sn_03","life_sn_03",TRUE
"h4l15","life_covid_exp_01_t4","T4 Do you feel comfortable answering some questions about this?","haven_labelled","Life Events","Stressors",141,"ok","high",TRUE,4,"t4","T4","life_covid_exp_01","life_covid_exp_01",TRUE
"h4l15","life_covid_exp_10_t4","T4 I have been a contact of someone who has been diagnosed positive by a laboratory test","character","Life Events","Stressors",142,"ok","high",TRUE,4,"t4","T4","life_covid_exp_10",NA,FALSE
"h4l15","life_covid_exp_13_t4","T4 I know someone who has been diagnosed positive by a laboratory test","character","Life Events","Stressors",143,"ok","high",TRUE,4,"t4","T4","life_covid_exp_13",NA,FALSE
"h4l15","life_covid_exp_14_t4","T4 None of the above","character","Life Events","Stressors",144,"ok","high",TRUE,4,"t4","T4","life_covid_exp_14",NA,FALSE
"cap17","life_sn_03_t4","T4- Parent monitor your use of social networking sites?","haven_labelled","Life Events","Stressors",145,"ok","high",TRUE,4,"t4","T4","life_sn_03","life_sn_03",TRUE
"cap17","life_sn_03_t5","T5- Parent monitor your use of social networking sites?","haven_labelled","Life Events","Stressors",146,"ok","high",TRUE,5,"t5","T5","life_sn_03","life_sn_03",TRUE
"h4l15","mh_gamadd_freq_t5","In a typical month, how often do you play video games (console games like Xbox and Playstation, pc/computer games, mobile phone app games, etc.)?","haven_labelled","Mental Health","Other Mental Health",1,"ok","high",TRUE,5,"t5","T5","mh_gamadd_freq","mh_gamadd_freq",TRUE
"h4l15","mh_gamadd_cost_t5","In a typical month, what is the total dollar amount you spend within video games on things like loot-boxes, in-app purchases, skins, in-game currency, or subscriptions? Please enter numbers only without commas. If unsure, please make your best guess. I","numeric","Mental Health","Other Mental Health",2,"ok","high",TRUE,5,"t5","T5","mh_gamadd_cost",NA,FALSE
"cap17","mh_ple_07_t1","T1-Body had been changed in some way that you could not understand","haven_labelled","Mental Health","Other Mental Health",3,"ok","high",TRUE,1,"t1","T1","mh_ple_07","mh_ple_07",TRUE
"cap17","mh_ple_05_t1","T1-Felt under the control of some special power","haven_labelled","Mental Health","Other Mental Health",4,"ok","high",TRUE,1,"t1","T1","mh_ple_05","mh_ple_05",TRUE
"cap17","mh_ple_01_t1","T1-Have other people ever read your thoughts?","haven_labelled","Mental Health","Other Mental Health",5,"ok","high",TRUE,1,"t1","T1","mh_ple_01","mh_ple_01",TRUE
"cap17","mh_ple_04_t1","T1-Heard voices","haven_labelled","Mental Health","Other Mental Health",6,"ok","high",TRUE,1,"t1","T1","mh_ple_04","mh_ple_04",TRUE
"cap17","mh_ple_06_t1","T1-Known what another person was thinking even though that person wasn’t speaking","haven_labelled","Mental Health","Other Mental Health",7,"ok","high",TRUE,1,"t1","T1","mh_ple_06","mh_ple_06",TRUE
"cap17","mh_ple_09_t1","T1-Seen something or someone that other people could not see","haven_labelled","Mental Health","Other Mental Health",8,"ok","high",TRUE,1,"t1","T1","mh_ple_09","mh_ple_09",TRUE
"cap17","mh_ple_02_t1","T1-Sent special messages through TV","haven_labelled","Mental Health","Other Mental Health",9,"ok","high",TRUE,1,"t1","T1","mh_ple_02","mh_ple_02",TRUE
"cap17","mh_ple_08_t1","T1-Special Powers","haven_labelled","Mental Health","Other Mental Health",10,"ok","high",TRUE,1,"t1","T1","mh_ple_08","mh_ple_08",TRUE
"cap17","mh_ple_03_t1","T1-Thought you were being followed or spied upon","haven_labelled","Mental Health","Other Mental Health",11,"ok","high",TRUE,1,"t1","T1","mh_ple_03","mh_ple_03",TRUE
"cap17","mh_ple_07_t2","T2-Body had been changed in some way that you could not understand","haven_labelled","Mental Health","Other Mental Health",12,"ok","high",TRUE,2,"t2","T2","mh_ple_07","mh_ple_07",TRUE
"cap17","mh_ple_05_t2","T2-Felt under the control of some special power","haven_labelled","Mental Health","Other Mental Health",13,"ok","high",TRUE,2,"t2","T2","mh_ple_05","mh_ple_05",TRUE
"cap17","mh_ple_01_t2","T2-Have other people ever read your thoughts?","haven_labelled","Mental Health","Other Mental Health",14,"ok","high",TRUE,2,"t2","T2","mh_ple_01","mh_ple_01",TRUE
"cap17","mh_ple_04_t2","T2-Heard voices","haven_labelled","Mental Health","Other Mental Health",15,"ok","high",TRUE,2,"t2","T2","mh_ple_04","mh_ple_04",TRUE
"cap17","mh_ple_06_t2","T2-Known what another person was thinking even though that person wasn’t speaking","haven_labelled","Mental Health","Other Mental Health",16,"ok","high",TRUE,2,"t2","T2","mh_ple_06","mh_ple_06",TRUE
"cap17","mh_ple_09_t2","T2-Seen something or someone that other people could not see","haven_labelled","Mental Health","Other Mental Health",17,"ok","high",TRUE,2,"t2","T2","mh_ple_09","mh_ple_09",TRUE
"cap17","mh_ple_02_t2","T2-Sent special messages through TV","haven_labelled","Mental Health","Other Mental Health",18,"ok","high",TRUE,2,"t2","T2","mh_ple_02","mh_ple_02",TRUE
"cap17","mh_ple_08_t2","T2-Special Powers","haven_labelled","Mental Health","Other Mental Health",19,"ok","high",TRUE,2,"t2","T2","mh_ple_08","mh_ple_08",TRUE
"cap17","mh_ple_03_t2","T2-Thought you were being followed or spied upon","haven_labelled","Mental Health","Other Mental Health",20,"ok","high",TRUE,2,"t2","T2","mh_ple_03","mh_ple_03",TRUE
"h4l15","mh_gamadd_dx_t3","T3 Gaming addiction diagnosis","haven_labelled","Mental Health","Other Mental Health",21,"ok","high",TRUE,3,"t3","T3","mh_gamadd_dx","mh_gamadd_dx",TRUE
"h4l15","mh_gamadd_freq_t3","T3 In a typical month, how often do you play video games (console games like Xbox and Playstation, pc/computer games, mobile phone app games, etc.)?","haven_labelled","Mental Health","Other Mental Health",22,"ok","high",TRUE,3,"t3","T3","mh_gamadd_freq","mh_gamadd_freq",TRUE
"h4l15","mh_gamadd_cost_t3","T3 In a typical month, what is the total dollar amount you spend within video games on things like loot-boxes, in-app purchases, skins, in-game currency, or subscriptions? Please enter numbers only without commas. If unsure, please make your best guess. I","numeric","Mental Health","Other Mental Health",23,"ok","high",TRUE,3,"t3","T3","mh_gamadd_cost",NA,FALSE
"cap17","mh_ple_sum_t3","T3 Thoughts and Feelings Score","numeric","Mental Health","Other Mental Health",24,"ok","high",TRUE,3,"t3","T3","mh_ple_sum",NA,FALSE
"h4l15","mh_gamadd_01_t3","T3 …have there been periods when all you could think of was the moment that you could play a game?","haven_labelled","Mental Health","Other Mental Health",25,"ok","high",TRUE,3,"t3","T3","mh_gamadd_01","mh_gamadd_01",TRUE
"h4l15","mh_gamadd_03_t3","T3 …have you been feeling miserable when you were unable to play a game?","haven_labelled","Mental Health","Other Mental Health",26,"ok","high",TRUE,3,"t3","T3","mh_gamadd_03","mh_gamadd_03",TRUE
"h4l15","mh_gamadd_09_t3","T3 …have you experienced serious conflicts with family, friends, or partner because of gaming?","haven_labelled","Mental Health","Other Mental Health",27,"ok","high",TRUE,3,"t3","T3","mh_gamadd_09","mh_gamadd_09",TRUE
"h4l15","mh_gamadd_02_t3","T3 …have you felt unsatisfied because you wanted to play more?","haven_labelled","Mental Health","Other Mental Health",28,"ok","high",TRUE,3,"t3","T3","mh_gamadd_02","mh_gamadd_02",TRUE
"h4l15","mh_gamadd_06_t3","T3 …have you had arguments with others about the consequences of your gaming behavior?","haven_labelled","Mental Health","Other Mental Health",29,"ok","high",TRUE,3,"t3","T3","mh_gamadd_06","mh_gamadd_06",TRUE
"h4l15","mh_gamadd_07_t3","T3 …have you hidden the time you spend on games from others?","haven_labelled","Mental Health","Other Mental Health",30,"ok","high",TRUE,3,"t3","T3","mh_gamadd_07","mh_gamadd_07",TRUE
"h4l15","mh_gamadd_08_t3","T3 …have you lost interest in hobbies or other activities because gaming is all you wanted to do?","haven_labelled","Mental Health","Other Mental Health",31,"ok","high",TRUE,3,"t3","T3","mh_gamadd_08","mh_gamadd_08",TRUE
"h4l15","mh_gamadd_05_t3","T3 …have you played games so that you would not have to think about annoying things?","haven_labelled","Mental Health","Other Mental Health",32,"ok","high",TRUE,3,"t3","T3","mh_gamadd_05","mh_gamadd_05",TRUE
"h4l15","mh_gamadd_04_t3","T3 …were you unable to reduce your time playing games, after others had repeatedly told you to play less?","haven_labelled","Mental Health","Other Mental Health",33,"ok","high",TRUE,3,"t3","T3","mh_gamadd_04","mh_gamadd_04",TRUE
"cap17","mh_ple_07_t3","T3-Body had been changed in some way that you could not understand","haven_labelled","Mental Health","Other Mental Health",34,"ok","high",TRUE,3,"t3","T3","mh_ple_07","mh_ple_07",TRUE
"cap17","mh_ple_05_t3","T3-Felt under the control of some special power","haven_labelled","Mental Health","Other Mental Health",35,"ok","high",TRUE,3,"t3","T3","mh_ple_05","mh_ple_05",TRUE
"cap17","mh_ple_01_t3","T3-Have other people ever read your thoughts?","haven_labelled","Mental Health","Other Mental Health",36,"ok","high",TRUE,3,"t3","T3","mh_ple_01","mh_ple_01",TRUE
"cap17","mh_ple_04_t3","T3-Heard voices","haven_labelled","Mental Health","Other Mental Health",37,"ok","high",TRUE,3,"t3","T3","mh_ple_04","mh_ple_04",TRUE
"cap17","mh_ple_06_t3","T3-Known what another person was thinking even though that person wasn’t speaking","haven_labelled","Mental Health","Other Mental Health",38,"ok","high",TRUE,3,"t3","T3","mh_ple_06","mh_ple_06",TRUE
"cap17","mh_ple_09_t3","T3-Seen something or someone that other people could not see","haven_labelled","Mental Health","Other Mental Health",39,"ok","high",TRUE,3,"t3","T3","mh_ple_09","mh_ple_09",TRUE
"cap17","mh_ple_02_t3","T3-Sent special messages through TV","haven_labelled","Mental Health","Other Mental Health",40,"ok","high",TRUE,3,"t3","T3","mh_ple_02","mh_ple_02",TRUE
"cap17","mh_ple_08_t3","T3-Special Powers","haven_labelled","Mental Health","Other Mental Health",41,"ok","high",TRUE,3,"t3","T3","mh_ple_08","mh_ple_08",TRUE
"cap17","mh_ple_03_t3","T3-Thought you were being followed or spied upon","haven_labelled","Mental Health","Other Mental Health",42,"ok","high",TRUE,3,"t3","T3","mh_ple_03","mh_ple_03",TRUE
"h4l15","mh_gamadd_dx_t4","T4 Gaming addiction diagnosis","haven_labelled","Mental Health","Other Mental Health",43,"ok","high",TRUE,4,"t4","T4","mh_gamadd_dx","mh_gamadd_dx",TRUE
"h4l15","mh_onlineadd_04_t4","T4 How often do people in your life (e.g. parents and teachers) complain about you spending too much time online?","haven_labelled","Mental Health","Other Mental Health",44,"ok","high",TRUE,4,"t4","T4","mh_onlineadd_04","mh_onlineadd_04",TRUE
"h4l15","mh_onlineadd_02_t4","T4 How often do you feel depressed, moody, or nervous when you are not online and then these feelings stop once you are back online?","haven_labelled","Mental Health","Other Mental Health",45,"ok","high",TRUE,4,"t4","T4","mh_onlineadd_02","mh_onlineadd_02",TRUE
"h4l15","mh_onlineadd_01_t4","T4 How often do you feel tense, irritated, or stressed if you cannot stay online for as long as you want to?","haven_labelled","Mental Health","Other Mental Health",46,"ok","high",TRUE,4,"t4","T4","mh_onlineadd_01","mh_onlineadd_01",TRUE
"h4l15","mh_onlineadd_03_t4","T4 How often do you spend time online when you would rather sleep?","haven_labelled","Mental Health","Other Mental Health",47,"ok","high",TRUE,4,"t4","T4","mh_onlineadd_03","mh_onlineadd_03",TRUE
"h4l15","mh_onlineadd_06_t4","T4 How often do you try and conceal the amount of time spent online?","haven_labelled","Mental Health","Other Mental Health",48,"ok","high",TRUE,4,"t4","T4","mh_onlineadd_06","mh_onlineadd_06",TRUE
"h4l15","mh_onlineadd_05_t4","T4 How often have you tried to decrease the amount of time you spent online but did not succeed?","haven_labelled","Mental Health","Other Mental Health",49,"ok","high",TRUE,4,"t4","T4","mh_onlineadd_05","mh_onlineadd_05",TRUE
"h4l15","mh_gamadd_freq_t4","T4 In a typical month, how often do you play video games (console games like Xbox and Playstation, pc/computer games, mobile phone app games, etc.)?","haven_labelled","Mental Health","Other Mental Health",50,"ok","high",TRUE,4,"t4","T4","mh_gamadd_freq","mh_gamadd_freq",TRUE
"h4l15","mh_gamadd_cost_t4","T4 In a typical month, what is the total dollar amount you spend within video games on things like loot-boxes, in-app purchases, skins, in-game currency, or subscriptions? Please enter numbers only without commas. If unsure, please make your best guess. I","numeric","Mental Health","Other Mental Health",51,"ok","high",TRUE,4,"t4","T4","mh_gamadd_cost",NA,FALSE
"cap17","mh_ple_sum_t4","T4 Thoughts and Feelings Score","numeric","Mental Health","Other Mental Health",52,"ok","high",TRUE,4,"t4","T4","mh_ple_sum",NA,FALSE
"h4l15","mh_socmedneg_09_t4","T4 … had serious conflict with your parents or siblings because of your social media use?","haven_labelled","Mental Health","Other Mental Health",53,"ok","high",TRUE,4,"t4","T4","mh_socmedneg_09","mh_socmedneg_09",TRUE
"h4l15","mh_socmedneg_03_t4","T4 … often felt bad when you could not use social media?","haven_labelled","Mental Health","Other Mental Health",54,"ok","high",TRUE,4,"t4","T4","mh_socmedneg_03","mh_socmedneg_03",TRUE
"h4l15","mh_socmedneg_08_t4","T4 … often used social media to escape from negative feelings?","haven_labelled","Mental Health","Other Mental Health",55,"ok","high",TRUE,4,"t4","T4","mh_socmedneg_08","mh_socmedneg_08",TRUE
"h4l15","mh_socmedneg_02_t4","T4 … regularly felt dissatisfied because you wanted to spend more time on social media?","haven_labelled","Mental Health","Other Mental Health",56,"ok","high",TRUE,4,"t4","T4","mh_socmedneg_02","mh_socmedneg_02",TRUE
"h4l15","mh_socmedneg_01_t4","T4 … regularly found that you can't think of anything else but the moment that you will be able to use social media again?","haven_labelled","Mental Health","Other Mental Health",57,"ok","high",TRUE,4,"t4","T4","mh_socmedneg_01","mh_socmedneg_01",TRUE
"h4l15","mh_socmedneg_06_t4","T4 … regularly had arguments with others because of your social media use?","haven_labelled","Mental Health","Other Mental Health",58,"ok","high",TRUE,4,"t4","T4","mh_socmedneg_06","mh_socmedneg_06",TRUE
"h4l15","mh_socmedneg_07_t4","T4 … regularly lied to your parents or friends about the amount of time you spend on social media?","haven_labelled","Mental Health","Other Mental Health",59,"ok","high",TRUE,4,"t4","T4","mh_socmedneg_07","mh_socmedneg_07",TRUE
"h4l15","mh_socmedneg_05_t4","T4 … regularly neglected other activities (e.g. hobbies, sport) because you wanted to use social media?","haven_labelled","Mental Health","Other Mental Health",60,"ok","high",TRUE,4,"t4","T4","mh_socmedneg_05","mh_socmedneg_05",TRUE
"h4l15","mh_socmedneg_04_t4","T4 … tried to spend less time on social media, but failed?","haven_labelled","Mental Health","Other Mental Health",61,"ok","high",TRUE,4,"t4","T4","mh_socmedneg_04","mh_socmedneg_04",TRUE
"h4l15","mh_gamadd_01_t4","T4 …have there been periods when all you could think of was the moment that you could play a game?","haven_labelled","Mental Health","Other Mental Health",62,"ok","high",TRUE,4,"t4","T4","mh_gamadd_01","mh_gamadd_01",TRUE
"h4l15","mh_gamadd_03_t4","T4 …have you been feeling miserable when you were unable to play a game?","haven_labelled","Mental Health","Other Mental Health",63,"ok","high",TRUE,4,"t4","T4","mh_gamadd_03","mh_gamadd_03",TRUE
"h4l15","mh_gamadd_09_t4","T4 …have you experienced serious conflicts with family, friends, or partner because of gaming?","haven_labelled","Mental Health","Other Mental Health",64,"ok","high",TRUE,4,"t4","T4","mh_gamadd_09","mh_gamadd_09",TRUE
"h4l15","mh_gamadd_02_t4","T4 …have you felt unsatisfied because you wanted to play more?","haven_labelled","Mental Health","Other Mental Health",65,"ok","high",TRUE,4,"t4","T4","mh_gamadd_02","mh_gamadd_02",TRUE
"h4l15","mh_gamadd_06_t4","T4 …have you had arguments with others about the consequences of your gaming behavior?","haven_labelled","Mental Health","Other Mental Health",66,"ok","high",TRUE,4,"t4","T4","mh_gamadd_06","mh_gamadd_06",TRUE
"h4l15","mh_gamadd_07_t4","T4 …have you hidden the time you spend on games from others?","haven_labelled","Mental Health","Other Mental Health",67,"ok","high",TRUE,4,"t4","T4","mh_gamadd_07","mh_gamadd_07",TRUE
"h4l15","mh_gamadd_08_t4","T4 …have you lost interest in hobbies or other activities because gaming is all you wanted to do?","haven_labelled","Mental Health","Other Mental Health",68,"ok","high",TRUE,4,"t4","T4","mh_gamadd_08","mh_gamadd_08",TRUE
"h4l15","mh_gamadd_05_t4","T4 …have you played games so that you would not have to think about annoying things?","haven_labelled","Mental Health","Other Mental Health",69,"ok","high",TRUE,4,"t4","T4","mh_gamadd_05","mh_gamadd_05",TRUE
"h4l15","mh_gamadd_04_t4","T4 …were you unable to reduce your time playing games, after others had repeatedly told you to play less?","haven_labelled","Mental Health","Other Mental Health",70,"ok","high",TRUE,4,"t4","T4","mh_gamadd_04","mh_gamadd_04",TRUE
"cap17","mh_ple_07_t4","T4-Body had been changed in some way that you could not understand","haven_labelled","Mental Health","Other Mental Health",71,"ok","high",TRUE,4,"t4","T4","mh_ple_07","mh_ple_07",TRUE
"cap17","mh_ple_05_t4","T4-Felt under the control of some special power","haven_labelled","Mental Health","Other Mental Health",72,"ok","high",TRUE,4,"t4","T4","mh_ple_05","mh_ple_05",TRUE
"cap17","mh_ple_01_t4","T4-Have other people ever read your thoughts?","haven_labelled","Mental Health","Other Mental Health",73,"ok","high",TRUE,4,"t4","T4","mh_ple_01","mh_ple_01",TRUE
"cap17","mh_ple_04_t4","T4-Heard voices","haven_labelled","Mental Health","Other Mental Health",74,"ok","high",TRUE,4,"t4","T4","mh_ple_04","mh_ple_04",TRUE
"cap17","mh_ple_06_t4","T4-Known what another person was thinking even though that person wasn’t speaking","haven_labelled","Mental Health","Other Mental Health",75,"ok","high",TRUE,4,"t4","T4","mh_ple_06","mh_ple_06",TRUE
"cap17","mh_ple_09_t4","T4-Seen something or someone that other people could not see","haven_labelled","Mental Health","Other Mental Health",76,"ok","high",TRUE,4,"t4","T4","mh_ple_09","mh_ple_09",TRUE
"cap17","mh_ple_02_t4","T4-Sent special messages through TV","haven_labelled","Mental Health","Other Mental Health",77,"ok","high",TRUE,4,"t4","T4","mh_ple_02","mh_ple_02",TRUE
"cap17","mh_ple_08_t4","T4-Special Powers","haven_labelled","Mental Health","Other Mental Health",78,"ok","high",TRUE,4,"t4","T4","mh_ple_08","mh_ple_08",TRUE
"cap17","mh_ple_03_t4","T4-Thought you were being followed or spied upon","haven_labelled","Mental Health","Other Mental Health",79,"ok","high",TRUE,4,"t4","T4","mh_ple_03","mh_ple_03",TRUE
"h4l15","mh_gamadd_tot_t4","T4_gaming_sum","numeric","Mental Health","Other Mental Health",80,"ok","high",TRUE,4,"t4","T4","mh_gamadd_tot",NA,FALSE
"cap17","mh_ple_sum_t5","T5 Thoughts and Feelings Score","numeric","Mental Health","Other Mental Health",81,"ok","high",TRUE,5,"t5","T5","mh_ple_sum",NA,FALSE
"cap17","mh_ple_07_t5","T5-Body had been changed in some way that you could not understand","haven_labelled","Mental Health","Other Mental Health",82,"ok","high",TRUE,5,"t5","T5","mh_ple_07","mh_ple_07",TRUE
"cap17","mh_ple_05_t5","T5-Felt under the control of some special power","haven_labelled","Mental Health","Other Mental Health",83,"ok","high",TRUE,5,"t5","T5","mh_ple_05","mh_ple_05",TRUE
"cap17","mh_ple_01_t5","T5-Have other people ever read your thoughts?","haven_labelled","Mental Health","Other Mental Health",84,"ok","high",TRUE,5,"t5","T5","mh_ple_01","mh_ple_01",TRUE
"cap17","mh_ple_04_t5","T5-Heard voices","haven_labelled","Mental Health","Other Mental Health",85,"ok","high",TRUE,5,"t5","T5","mh_ple_04","mh_ple_04",TRUE
"cap17","mh_ple_06_t5","T5-Known what another person was thinking even though that person wasn’t speaking","haven_labelled","Mental Health","Other Mental Health",86,"ok","high",TRUE,5,"t5","T5","mh_ple_06","mh_ple_06",TRUE
"cap17","mh_ple_09_t5","T5-Seen something or someone that other people could not see","haven_labelled","Mental Health","Other Mental Health",87,"ok","high",TRUE,5,"t5","T5","mh_ple_09","mh_ple_09",TRUE
"cap17","mh_ple_02_t5","T5-Sent special messages through TV","haven_labelled","Mental Health","Other Mental Health",88,"ok","high",TRUE,5,"t5","T5","mh_ple_02","mh_ple_02",TRUE
"cap17","mh_ple_08_t5","T5-Special Powers","haven_labelled","Mental Health","Other Mental Health",89,"ok","high",TRUE,5,"t5","T5","mh_ple_08","mh_ple_08",TRUE
"cap17","mh_ple_03_t5","T5-Thought you were being followed or spied upon","haven_labelled","Mental Health","Other Mental Health",90,"ok","high",TRUE,5,"t5","T5","mh_ple_03","mh_ple_03",TRUE
"cap17","mh_ple_sum_t1","Time 1 Thoughts and Feelings Total Score","numeric","Mental Health","Other Mental Health",91,"ok","high",TRUE,1,"t1","T1","mh_ple_sum",NA,FALSE
"cap17","mh_ple_sum_t2","Time 2 Thoughts and Feelings Total Score","numeric","Mental Health","Other Mental Health",92,"ok","high",TRUE,2,"t2","T2","mh_ple_sum",NA,FALSE
"cap17","mh_ple_08_t6","Time 6 Do you have any special powers that other people don't have.","haven_labelled","Mental Health","Other Mental Health",93,"ok","high",TRUE,6,"t6","T6","mh_ple_08","mh_ple_08",TRUE
"cap17","mh_ple_01_t6","Time 6 Have other people ever read your thoughts.","haven_labelled","Mental Health","Other Mental Health",94,"ok","high",TRUE,6,"t6","T6","mh_ple_01","mh_ple_01",TRUE
"cap17","mh_ple_02_t6","Time 6 Have you ever believed that you were being sent special messages through the television.","haven_labelled","Mental Health","Other Mental Health",95,"ok","high",TRUE,6,"t6","T6","mh_ple_02","mh_ple_02",TRUE
"cap17","mh_ple_07_t6","Time 6 Have you ever felt as though your body has been changed in some way that you could not understand.","haven_labelled","Mental Health","Other Mental Health",96,"ok","high",TRUE,6,"t6","T6","mh_ple_07","mh_ple_07",TRUE
"cap17","mh_ple_03_t6","Time 6 Have you ever felt that you were being followed or spied upon.","haven_labelled","Mental Health","Other Mental Health",97,"ok","high",TRUE,6,"t6","T6","mh_ple_03","mh_ple_03",TRUE
"cap17","mh_ple_05_t6","Time 6 Have you ever felt that you were under the control of some special power.","haven_labelled","Mental Health","Other Mental Health",98,"ok","high",TRUE,6,"t6","T6","mh_ple_05","mh_ple_05",TRUE
"cap17","mh_ple_04_t6","Time 6 Have you ever heard voices that other people can't hear.","haven_labelled","Mental Health","Other Mental Health",99,"ok","high",TRUE,6,"t6","T6","mh_ple_04","mh_ple_04",TRUE
"cap17","mh_ple_06_t6","Time 6 Have you ever known what another person was thinking even though that person wasn't speaking.","haven_labelled","Mental Health","Other Mental Health",100,"ok","high",TRUE,6,"t6","T6","mh_ple_06","mh_ple_06",TRUE
"cap17","mh_ple_09_t6","Time 6 Have you ever seen something or someone that other people couldn't see.","haven_labelled","Mental Health","Other Mental Health",101,"ok","high",TRUE,6,"t6","T6","mh_ple_09","mh_ple_09",TRUE
"cap17","mh_ple_sum_t6","Time 6 Thoughts and Feelings Score","numeric","Mental Health","Other Mental Health",102,"ok","high",TRUE,6,"t6","T6","mh_ple_sum",NA,FALSE
"cap17","mh_ple_08_t7","Time 7 Do you have any special powers that other people don't have.","haven_labelled","Mental Health","Other Mental Health",103,"ok","high",TRUE,7,"t7","T7","mh_ple_08","mh_ple_08",TRUE
"cap17","mh_ple_01_t7","Time 7 Have other people ever read your thoughts.","haven_labelled","Mental Health","Other Mental Health",104,"ok","high",TRUE,7,"t7","T7","mh_ple_01","mh_ple_01",TRUE
"cap17","mh_ple_02_t7","Time 7 Have you ever believed that you were being sent special messages through the television.","haven_labelled","Mental Health","Other Mental Health",105,"ok","high",TRUE,7,"t7","T7","mh_ple_02","mh_ple_02",TRUE
"cap17","mh_ple_07_t7","Time 7 Have you ever felt as though your body has been changed in some way that you could not understand.","haven_labelled","Mental Health","Other Mental Health",106,"ok","high",TRUE,7,"t7","T7","mh_ple_07","mh_ple_07",TRUE
"cap17","mh_ple_03_t7","Time 7 Have you ever felt that you were being followed or spied upon.","haven_labelled","Mental Health","Other Mental Health",107,"ok","high",TRUE,7,"t7","T7","mh_ple_03","mh_ple_03",TRUE
"cap17","mh_ple_05_t7","Time 7 Have you ever felt that you were under the control of some special power.","haven_labelled","Mental Health","Other Mental Health",108,"ok","high",TRUE,7,"t7","T7","mh_ple_05","mh_ple_05",TRUE
"cap17","mh_ple_04_t7","Time 7 Have you ever heard voices that other people can't hear.","haven_labelled","Mental Health","Other Mental Health",109,"ok","high",TRUE,7,"t7","T7","mh_ple_04","mh_ple_04",TRUE
"cap17","mh_ple_06_t7","Time 7 Have you ever known what another person was thinking even though that person wasn't speaking.","haven_labelled","Mental Health","Other Mental Health",110,"ok","high",TRUE,7,"t7","T7","mh_ple_06","mh_ple_06",TRUE
"cap17","mh_ple_09_t7","Time 7 Have you ever seen something or someone that other people couldn't see.","haven_labelled","Mental Health","Other Mental Health",111,"ok","high",TRUE,7,"t7","T7","mh_ple_09","mh_ple_09",TRUE
"cap17","mh_ple_sum_t7","Time 7 Thoughts and Feelings Score","numeric","Mental Health","Other Mental Health",112,"ok","high",TRUE,7,"t7","T7","mh_ple_sum",NA,FALSE
"h4l15","mh_gamadd_tot_t3","t3_gaming_sum","numeric","Mental Health","Other Mental Health",113,"ok","high",TRUE,3,"t3","T3","mh_gamadd_tot",NA,FALSE
"h4l15","mh_smi_cat_t1","T1 Serious mental illness categories based on K6 sum","haven_labelled","Mental Health","Psychological Distress",114,"ok","high",TRUE,1,"t1","T1","mh_smi_cat","mh_smi_cat",TRUE
"h4l15","mh_smi_cat_t2","T2 Serious mental illness categories based on K6 sum","haven_labelled","Mental Health","Psychological Distress",115,"ok","high",TRUE,2,"t2","T2","mh_smi_cat","mh_smi_cat",TRUE
"h4l15","mh_smi_cat_t3","T3 Serious mental illness categories based on K6 sum","haven_labelled","Mental Health","Psychological Distress",116,"ok","high",TRUE,3,"t3","T3","mh_smi_cat","mh_smi_cat",TRUE
"h4l15","mh_smi_cat_t4","T4 Serious mental illness categories based on K6 sum","haven_labelled","Mental Health","Psychological Distress",117,"ok","high",TRUE,4,"t4","T4","mh_smi_cat","mh_smi_cat",TRUE
"h4l15","mh_smi_cat_t5","T5 Serious mental illness categories based on K6 sum","haven_labelled","Mental Health","Psychological Distress",118,"ok","high",TRUE,5,"t5","T5","mh_smi_cat","mh_smi_cat",TRUE
"h4l15","mh_slfcon_11_t5","I am able to work effectively toward long-term goals.","haven_labelled","Mental Health","Wellbeing",119,"ok","high",TRUE,5,"t5","T5","mh_slfcon_11","mh_slfcon_11",TRUE
"h4l15","mh_selfeff_04_t5","I am confident that I could deal efficiently with unexpected events.","haven_labelled","Mental Health","Wellbeing",120,"ok","high",TRUE,5,"t5","T5","mh_selfeff_04","mh_selfeff_04",TRUE
"h4l15","mh_slfcon_01_t5","I am good at resisting temptation.","haven_labelled","Mental Health","Wellbeing",121,"ok","high",TRUE,5,"t5","T5","mh_slfcon_01","mh_slfcon_01",TRUE
"h4l15","mh_slfcon_03_t5","I am lazy.","haven_labelled","Mental Health","Wellbeing",122,"ok","high",TRUE,5,"t5","T5","mh_slfcon_03","mh_slfcon_03",TRUE
"h4l15","mh_selfeff_01_t5","I can always manage to solve difficult problems if I try hard enough.","haven_labelled","Mental Health","Wellbeing",123,"ok","high",TRUE,5,"t5","T5","mh_selfeff_01","mh_selfeff_01",TRUE
"h4l15","mh_selfeff_07_t5","I can remain calm when facing difficulties because I can rely on my coping abilities.","haven_labelled","Mental Health","Wellbeing",124,"ok","high",TRUE,5,"t5","T5","mh_selfeff_07","mh_selfeff_07",TRUE
"h4l15","mh_selfeff_06_t5","I can solve most problems if I invest the necessary effort.","haven_labelled","Mental Health","Wellbeing",125,"ok","high",TRUE,5,"t5","T5","mh_selfeff_06","mh_selfeff_06",TRUE
"h4l15","mh_selfeff_10_t5","I can usually handle whatever comes my way.","haven_labelled","Mental Health","Wellbeing",126,"ok","high",TRUE,5,"t5","T5","mh_selfeff_10","mh_selfeff_10",TRUE
"h4l15","mh_erq_08_t5","I control my feelings about things by changing the way I think about them.","haven_labelled","Mental Health","Wellbeing",127,"ok","high",TRUE,5,"t5","T5","mh_erq_08","mh_erq_08",TRUE
"h4l15","mh_erq_06_t5","I control my feelings by not showing them.","haven_labelled","Mental Health","Wellbeing",128,"ok","high",TRUE,5,"t5","T5","mh_erq_06","mh_erq_06",TRUE
"h4l15","mh_slfcon_05_t5","I do certain things that are bad for me, if they are fun.","haven_labelled","Mental Health","Wellbeing",129,"ok","high",TRUE,5,"t5","T5","mh_slfcon_05","mh_slfcon_05",TRUE
"h4l15","mh_slfcon_02_t5","I have a hard time breaking bad habits.","haven_labelled","Mental Health","Wellbeing",130,"ok","high",TRUE,5,"t5","T5","mh_slfcon_02","mh_slfcon_02",TRUE
"h4l15","mh_slfcon_10_t5","I have trouble concentrating.","haven_labelled","Mental Health","Wellbeing",131,"ok","high",TRUE,5,"t5","T5","mh_slfcon_10","mh_slfcon_10",TRUE
"h4l15","mh_erq_02_t5","I keep my feelings to myself.","haven_labelled","Mental Health","Wellbeing",132,"ok","high",TRUE,5,"t5","T5","mh_erq_02","mh_erq_02",TRUE
"h4l15","mh_slfcon_13_t5","I often act without thinking through all the alternatives.","haven_labelled","Mental Health","Wellbeing",133,"ok","high",TRUE,5,"t5","T5","mh_slfcon_13","mh_slfcon_13",TRUE
"h4l15","mh_slfcon_06_t5","I refuse things that are bad for me.","haven_labelled","Mental Health","Wellbeing",134,"ok","high",TRUE,5,"t5","T5","mh_slfcon_06","mh_slfcon_06",TRUE
"h4l15","mh_slfcon_04_t5","I say inappropriate things.","haven_labelled","Mental Health","Wellbeing",135,"ok","high",TRUE,5,"t5","T5","mh_slfcon_04","mh_slfcon_04",TRUE
"h4l15","mh_slfcon_07_t5","I wish I had more self-discipline.","haven_labelled","Mental Health","Wellbeing",136,"ok","high",TRUE,5,"t5","T5","mh_slfcon_07","mh_slfcon_07",TRUE
"h4l15","mh_selfeff_09_t5","If I am in trouble, I can usually think of a solution.","haven_labelled","Mental Health","Wellbeing",137,"ok","high",TRUE,5,"t5","T5","mh_selfeff_09","mh_selfeff_09",TRUE
"h4l15","mh_selfeff_02_t5","If someone opposes me, I can find the means and ways to get what I want.","haven_labelled","Mental Health","Wellbeing",138,"ok","high",TRUE,5,"t5","T5","mh_selfeff_02","mh_selfeff_02",TRUE
"h4l15","mh_selfeff_03_t5","It is easy for me to stick to my aims and accomplish my goals.","haven_labelled","Mental Health","Wellbeing",139,"ok","high",TRUE,5,"t5","T5","mh_selfeff_03","mh_selfeff_03",TRUE
"h4l15","mh_slfcon_08_t5","People would say that I have iron self-discipline.","haven_labelled","Mental Health","Wellbeing",140,"ok","high",TRUE,5,"t5","T5","mh_slfcon_08","mh_slfcon_08",TRUE
"h4l15","mh_slfcon_09_t5","Pleasure and fun sometimes keep me from getting work done.","haven_labelled","Mental Health","Wellbeing",141,"ok","high",TRUE,5,"t5","T5","mh_slfcon_09","mh_slfcon_09",TRUE
"h4l15","mh_slfcon_12_t5","Sometimes I can’t stop myself from doing something, even if I know it is wrong.","haven_labelled","Mental Health","Wellbeing",142,"ok","high",TRUE,5,"t5","T5","mh_slfcon_12","mh_slfcon_12",TRUE
"h4l15","mh_erq_cr_t1","T1 Emotional regulation scale cognitive reappraisal subscale score","numeric","Mental Health","Wellbeing",143,"ok","high",TRUE,1,"t1","T1","mh_erq_cr",NA,FALSE
"h4l15","mh_erq_cr_pror_t1","T1 Emotional regulation scale cognitive reappraisal subscale score prorated","numeric","Mental Health","Wellbeing",144,"ok","high",TRUE,1,"t1","T1","mh_erq_cr_pror",NA,FALSE
"h4l15","mh_erq_es_t1","T1 Emotional regulation scale emotion suppression subscale score","numeric","Mental Health","Wellbeing",145,"ok","high",TRUE,1,"t1","T1","mh_erq_es",NA,FALSE
"h4l15","mh_erq_es_pror_t1","T1 Emotional regulation scale emotion suppression subscale score prorated","numeric","Mental Health","Wellbeing",146,"ok","high",TRUE,1,"t1","T1","mh_erq_es_pror",NA,FALSE
"h4l15","mh_selfeff_tot_t1","T1 Generalized self-efficacy scale total score","numeric","Mental Health","Wellbeing",147,"ok","high",TRUE,1,"t1","T1","mh_selfeff_tot",NA,FALSE
"h4l15","mh_selfeff_tot_pror_t1","T1 Generalized self-efficacy scale total score prorated","numeric","Mental Health","Wellbeing",148,"ok","high",TRUE,1,"t1","T1","mh_selfeff_tot_pror",NA,FALSE
"h4l15","mh_slfcon_11_t1","T1 I am able to work effectively toward long-term goals.","haven_labelled","Mental Health","Wellbeing",149,"ok","high",TRUE,1,"t1","T1","mh_slfcon_11","mh_slfcon_11",TRUE
"h4l15","mh_selfeff_04_t1","T1 I am confident that I could deal efficiently with unexpected events.","haven_labelled","Mental Health","Wellbeing",150,"ok","high",TRUE,1,"t1","T1","mh_selfeff_04","mh_selfeff_04",TRUE
"h4l15","mh_slfcon_01_t1","T1 I am good at resisting temptation.","haven_labelled","Mental Health","Wellbeing",151,"ok","high",TRUE,1,"t1","T1","mh_slfcon_01","mh_slfcon_01",TRUE
"h4l15","mh_slfcon_03_t1","T1 I am lazy.","haven_labelled","Mental Health","Wellbeing",152,"ok","high",TRUE,1,"t1","T1","mh_slfcon_03","mh_slfcon_03",TRUE
"h4l15","mh_selfeff_01_t1","T1 I can always manage to solve difficult problems if I try hard enough.","haven_labelled","Mental Health","Wellbeing",153,"ok","high",TRUE,1,"t1","T1","mh_selfeff_01","mh_selfeff_01",TRUE
"h4l15","mh_selfeff_07_t1","T1 I can remain calm when facing difficulties because I can rely on my coping abilities.","haven_labelled","Mental Health","Wellbeing",154,"ok","high",TRUE,1,"t1","T1","mh_selfeff_07","mh_selfeff_07",TRUE
"h4l15","mh_selfeff_06_t1","T1 I can solve most problems if I invest the necessary effort.","haven_labelled","Mental Health","Wellbeing",155,"ok","high",TRUE,1,"t1","T1","mh_selfeff_06","mh_selfeff_06",TRUE
"h4l15","mh_selfeff_10_t1","T1 I can usually handle whatever comes my way.","haven_labelled","Mental Health","Wellbeing",156,"ok","high",TRUE,1,"t1","T1","mh_selfeff_10","mh_selfeff_10",TRUE
"h4l15","mh_erq_08_t1","T1 I control my feelings about things by changing the way I think about them. ","haven_labelled","Mental Health","Wellbeing",157,"ok","high",TRUE,1,"t1","T1","mh_erq_08","mh_erq_08",TRUE
"h4l15","mh_erq_06_t1","T1 I control my feelings by not showing them. ","haven_labelled","Mental Health","Wellbeing",158,"ok","high",TRUE,1,"t1","T1","mh_erq_06","mh_erq_06",TRUE
"h4l15","mh_slfcon_05_t1","T1 I do certain things that are bad for me, if they are fun.","haven_labelled","Mental Health","Wellbeing",159,"ok","high",TRUE,1,"t1","T1","mh_slfcon_05","mh_slfcon_05",TRUE
"h4l15","mh_slfcon_02_t1","T1 I have a hard time breaking bad habits.","haven_labelled","Mental Health","Wellbeing",160,"ok","high",TRUE,1,"t1","T1","mh_slfcon_02","mh_slfcon_02",TRUE
"h4l15","mh_slfcon_10_t1","T1 I have trouble concentrating.","haven_labelled","Mental Health","Wellbeing",161,"ok","high",TRUE,1,"t1","T1","mh_slfcon_10","mh_slfcon_10",TRUE
"h4l15","mh_erq_02_t1","T1 I keep my feelings to myself.","haven_labelled","Mental Health","Wellbeing",162,"ok","high",TRUE,1,"t1","T1","mh_erq_02","mh_erq_02",TRUE
"h4l15","mh_slfcon_13_t1","T1 I often act without thinking through all the alternatives.","haven_labelled","Mental Health","Wellbeing",163,"ok","high",TRUE,1,"t1","T1","mh_slfcon_13","mh_slfcon_13",TRUE
"h4l15","mh_slfcon_06_t1","T1 I refuse things that are bad for me.","haven_labelled","Mental Health","Wellbeing",164,"ok","high",TRUE,1,"t1","T1","mh_slfcon_06","mh_slfcon_06",TRUE
"h4l15","mh_slfcon_04_t1","T1 I say inappropriate things.","haven_labelled","Mental Health","Wellbeing",165,"ok","high",TRUE,1,"t1","T1","mh_slfcon_04","mh_slfcon_04",TRUE
"h4l15","mh_slfcon_07_t1","T1 I wish I had more self-discipline.","haven_labelled","Mental Health","Wellbeing",166,"ok","high",TRUE,1,"t1","T1","mh_slfcon_07","mh_slfcon_07",TRUE
"h4l15","mh_selfeff_09_t1","T1 If I am in trouble, I can usually think of a solution.","haven_labelled","Mental Health","Wellbeing",167,"ok","high",TRUE,1,"t1","T1","mh_selfeff_09","mh_selfeff_09",TRUE
"h4l15","mh_selfeff_02_t1","T1 If someone opposes me, I can find the means and ways to get what I want.","haven_labelled","Mental Health","Wellbeing",168,"ok","high",TRUE,1,"t1","T1","mh_selfeff_02","mh_selfeff_02",TRUE
"h4l15","mh_selfeff_03_t1","T1 It is easy for me to stick to my aims and accomplish my goals.","haven_labelled","Mental Health","Wellbeing",169,"ok","high",TRUE,1,"t1","T1","mh_selfeff_03","mh_selfeff_03",TRUE
"h4l15","mh_slfcon_08_t1","T1 People would say that I have iron self-discipline.","haven_labelled","Mental Health","Wellbeing",170,"ok","high",TRUE,1,"t1","T1","mh_slfcon_08","mh_slfcon_08",TRUE
"h4l15","mh_slfcon_09_t1","T1 Pleasure and fun sometimes keep me from getting work done.","haven_labelled","Mental Health","Wellbeing",171,"ok","high",TRUE,1,"t1","T1","mh_slfcon_09","mh_slfcon_09",TRUE
"h4l15","mh_selfcon_tot_t1","T1 Self control scale total score","numeric","Mental Health","Wellbeing",172,"ok","high",TRUE,1,"t1","T1","mh_selfcon_tot",NA,FALSE
"h4l15","mh_selfcon_tot_pror_t1","T1 Self control scale total score prorated","numeric","Mental Health","Wellbeing",173,"ok","high",TRUE,1,"t1","T1","mh_selfcon_tot_pror",NA,FALSE
"h4l15","mh_slfcon_12_t1","T1 Sometimes I can’t stop myself from doing something, even if I know it is wrong.","haven_labelled","Mental Health","Wellbeing",174,"ok","high",TRUE,1,"t1","T1","mh_slfcon_12","mh_slfcon_12",TRUE
"h4l15","mh_selfeff_05_t1","T1 Thanks to my resourcefulness, I know how to handle unforeseen situations.","haven_labelled","Mental Health","Wellbeing",175,"ok","high",TRUE,1,"t1","T1","mh_selfeff_05","mh_selfeff_05",TRUE
"h4l15","mh_selfeff_08_t1","T1 When I am confronted with a problem, I can usually find several solutions.","haven_labelled","Mental Health","Wellbeing",176,"ok","high",TRUE,1,"t1","T1","mh_selfeff_08","mh_selfeff_08",TRUE
"h4l15","mh_erq_04_t1","T1 When I am feeling happy, I am careful not to show it. ","haven_labelled","Mental Health","Wellbeing",177,"ok","high",TRUE,1,"t1","T1","mh_erq_04","mh_erq_04",TRUE
"h4l15","mh_erq_07_t1","T1 When I want to feel happier about something, I change the way I’m thinking about it.  ","haven_labelled","Mental Health","Wellbeing",178,"ok","high",TRUE,1,"t1","T1","mh_erq_07","mh_erq_07",TRUE
"h4l15","mh_erq_01_t1","T1 When I want to feel happier, I think about something different. ","haven_labelled","Mental Health","Wellbeing",179,"ok","high",TRUE,1,"t1","T1","mh_erq_01","mh_erq_01",TRUE
"h4l15","mh_erq_03_t1","T1 When I want to feel less bad (e.g., sad, angry or worried), I think about something different. ","haven_labelled","Mental Health","Wellbeing",180,"ok","high",TRUE,1,"t1","T1","mh_erq_03","mh_erq_03",TRUE
"h4l15","mh_erq_10_t1","T1 When I want to feel less bad (e.g., sad, angry, or worried) about something, I change the way I’m thinking about it. ","haven_labelled","Mental Health","Wellbeing",181,"ok","high",TRUE,1,"t1","T1","mh_erq_10","mh_erq_10",TRUE
"h4l15","mh_erq_09_t1","T1 When I’m feeling bad (e.g., sad, angry, or worried), I’m careful not to show it.  ","haven_labelled","Mental Health","Wellbeing",182,"ok","high",TRUE,1,"t1","T1","mh_erq_09","mh_erq_09",TRUE
"h4l15","mh_erq_05_t1","T1 When I’m worried about something, I make myself think about it in a way that helps me feel better. ","haven_labelled","Mental Health","Wellbeing",183,"ok","high",TRUE,1,"t1","T1","mh_erq_05","mh_erq_05",TRUE
"h4l15","mh_erq_cr_t2","T2 Emotional regulation scale cognitive reappraisal subscale score","numeric","Mental Health","Wellbeing",184,"ok","high",TRUE,2,"t2","T2","mh_erq_cr",NA,FALSE
"h4l15","mh_erq_cr_pror_t2","T2 Emotional regulation scale cognitive reappraisal subscale score prorated","numeric","Mental Health","Wellbeing",185,"ok","high",TRUE,2,"t2","T2","mh_erq_cr_pror",NA,FALSE
"h4l15","mh_erq_es_t2","T2 Emotional regulation scale emotion suppression subscale score","numeric","Mental Health","Wellbeing",186,"ok","high",TRUE,2,"t2","T2","mh_erq_es",NA,FALSE
"h4l15","mh_erq_es_pror_t2","T2 Emotional regulation scale emotion suppression subscale score prorated","numeric","Mental Health","Wellbeing",187,"ok","high",TRUE,2,"t2","T2","mh_erq_es_pror",NA,FALSE
"h4l15","mh_selfeff_tot_t2","T2 Generalized self-efficacy scale total score","numeric","Mental Health","Wellbeing",188,"ok","high",TRUE,2,"t2","T2","mh_selfeff_tot",NA,FALSE
"h4l15","mh_selfeff_tot_pror_t2","T2 Generalized self-efficacy scale total score prorated","numeric","Mental Health","Wellbeing",189,"ok","high",TRUE,2,"t2","T2","mh_selfeff_tot_pror",NA,FALSE
"h4l15","mh_slfcon_11_t2","T2 I am able to work effectively toward long-term goals.","haven_labelled","Mental Health","Wellbeing",190,"ok","high",TRUE,2,"t2","T2","mh_slfcon_11","mh_slfcon_11",TRUE
"h4l15","mh_selfeff_04_t2","T2 I am confident that I could deal efficiently with unexpected events.","haven_labelled","Mental Health","Wellbeing",191,"ok","high",TRUE,2,"t2","T2","mh_selfeff_04","mh_selfeff_04",TRUE
"h4l15","mh_slfcon_01_t2","T2 I am good at resisting temptation.","haven_labelled","Mental Health","Wellbeing",192,"ok","high",TRUE,2,"t2","T2","mh_slfcon_01","mh_slfcon_01",TRUE
"h4l15","mh_slfcon_03_t2","T2 I am lazy.","haven_labelled","Mental Health","Wellbeing",193,"ok","high",TRUE,2,"t2","T2","mh_slfcon_03","mh_slfcon_03",TRUE
"h4l15","mh_selfeff_01_t2","T2 I can always manage to solve difficult problems if I try hard enough.","haven_labelled","Mental Health","Wellbeing",194,"ok","high",TRUE,2,"t2","T2","mh_selfeff_01","mh_selfeff_01",TRUE
"h4l15","mh_selfeff_07_t2","T2 I can remain calm when facing difficulties because I can rely on my coping abilities.","haven_labelled","Mental Health","Wellbeing",195,"ok","high",TRUE,2,"t2","T2","mh_selfeff_07","mh_selfeff_07",TRUE
"h4l15","mh_selfeff_06_t2","T2 I can solve most problems if I invest the necessary effort.","haven_labelled","Mental Health","Wellbeing",196,"ok","high",TRUE,2,"t2","T2","mh_selfeff_06","mh_selfeff_06",TRUE
"h4l15","mh_selfeff_10_t2","T2 I can usually handle whatever comes my way.","haven_labelled","Mental Health","Wellbeing",197,"ok","high",TRUE,2,"t2","T2","mh_selfeff_10","mh_selfeff_10",TRUE
"h4l15","mh_erq_08_t2","T2 I control my feelings about things by changing the way I think about them. ","haven_labelled","Mental Health","Wellbeing",198,"ok","high",TRUE,2,"t2","T2","mh_erq_08","mh_erq_08",TRUE
"h4l15","mh_erq_06_t2","T2 I control my feelings by not showing them. ","haven_labelled","Mental Health","Wellbeing",199,"ok","high",TRUE,2,"t2","T2","mh_erq_06","mh_erq_06",TRUE
"h4l15","mh_slfcon_05_t2","T2 I do certain things that are bad for me, if they are fun.","haven_labelled","Mental Health","Wellbeing",200,"ok","high",TRUE,2,"t2","T2","mh_slfcon_05","mh_slfcon_05",TRUE
"h4l15","mh_slfcon_02_t2","T2 I have a hard time breaking bad habits.","haven_labelled","Mental Health","Wellbeing",201,"ok","high",TRUE,2,"t2","T2","mh_slfcon_02","mh_slfcon_02",TRUE
"h4l15","mh_slfcon_10_t2","T2 I have trouble concentrating.","haven_labelled","Mental Health","Wellbeing",202,"ok","high",TRUE,2,"t2","T2","mh_slfcon_10","mh_slfcon_10",TRUE
"h4l15","mh_erq_02_t2","T2 I keep my feelings to myself.","haven_labelled","Mental Health","Wellbeing",203,"ok","high",TRUE,2,"t2","T2","mh_erq_02","mh_erq_02",TRUE
"h4l15","mh_slfcon_13_t2","T2 I often act without thinking through all the alternatives.","haven_labelled","Mental Health","Wellbeing",204,"ok","high",TRUE,2,"t2","T2","mh_slfcon_13","mh_slfcon_13",TRUE
"h4l15","mh_slfcon_06_t2","T2 I refuse things that are bad for me.","haven_labelled","Mental Health","Wellbeing",205,"ok","high",TRUE,2,"t2","T2","mh_slfcon_06","mh_slfcon_06",TRUE
"h4l15","mh_slfcon_04_t2","T2 I say inappropriate things.","haven_labelled","Mental Health","Wellbeing",206,"ok","high",TRUE,2,"t2","T2","mh_slfcon_04","mh_slfcon_04",TRUE
"h4l15","mh_slfcon_07_t2","T2 I wish I had more self-discipline.","haven_labelled","Mental Health","Wellbeing",207,"ok","high",TRUE,2,"t2","T2","mh_slfcon_07","mh_slfcon_07",TRUE
"h4l15","mh_selfeff_09_t2","T2 If I am in trouble, I can usually think of a solution.","haven_labelled","Mental Health","Wellbeing",208,"ok","high",TRUE,2,"t2","T2","mh_selfeff_09","mh_selfeff_09",TRUE
"h4l15","mh_selfeff_02_t2","T2 If someone opposes me, I can find the means and ways to get what I want.","haven_labelled","Mental Health","Wellbeing",209,"ok","high",TRUE,2,"t2","T2","mh_selfeff_02","mh_selfeff_02",TRUE
"h4l15","mh_selfeff_03_t2","T2 It is easy for me to stick to my aims and accomplish my goals.","haven_labelled","Mental Health","Wellbeing",210,"ok","high",TRUE,2,"t2","T2","mh_selfeff_03","mh_selfeff_03",TRUE
"h4l15","mh_slfcon_08_t2","T2 People would say that I have iron self-discipline.","haven_labelled","Mental Health","Wellbeing",211,"ok","high",TRUE,2,"t2","T2","mh_slfcon_08","mh_slfcon_08",TRUE
"h4l15","mh_slfcon_09_t2","T2 Pleasure and fun sometimes keep me from getting work done.","haven_labelled","Mental Health","Wellbeing",212,"ok","high",TRUE,2,"t2","T2","mh_slfcon_09","mh_slfcon_09",TRUE
"h4l15","mh_selfcon_tot_t2","T2 Self control scale total score","numeric","Mental Health","Wellbeing",213,"ok","high",TRUE,2,"t2","T2","mh_selfcon_tot",NA,FALSE
"h4l15","mh_selfcon_tot_pror_t2","T2 Self control scale total score prorated","numeric","Mental Health","Wellbeing",214,"ok","high",TRUE,2,"t2","T2","mh_selfcon_tot_pror",NA,FALSE
"h4l15","mh_slfcon_12_t2","T2 Sometimes I can’t stop myself from doing something, even if I know it is wrong.","haven_labelled","Mental Health","Wellbeing",215,"ok","high",TRUE,2,"t2","T2","mh_slfcon_12","mh_slfcon_12",TRUE
"h4l15","mh_selfeff_05_t2","T2 Thanks to my resourcefulness, I know how to handle unforeseen situations.","haven_labelled","Mental Health","Wellbeing",216,"ok","high",TRUE,2,"t2","T2","mh_selfeff_05","mh_selfeff_05",TRUE
"h4l15","mh_selfeff_08_t2","T2 When I am confronted with a problem, I can usually find several solutions.","haven_labelled","Mental Health","Wellbeing",217,"ok","high",TRUE,2,"t2","T2","mh_selfeff_08","mh_selfeff_08",TRUE
"h4l15","mh_erq_04_t2","T2 When I am feeling happy, I am careful not to show it. ","haven_labelled","Mental Health","Wellbeing",218,"ok","high",TRUE,2,"t2","T2","mh_erq_04","mh_erq_04",TRUE
"h4l15","mh_erq_07_t2","T2 When I want to feel happier about something, I change the way I’m thinking about it.  ","haven_labelled","Mental Health","Wellbeing",219,"ok","high",TRUE,2,"t2","T2","mh_erq_07","mh_erq_07",TRUE
"h4l15","mh_erq_01_t2","T2 When I want to feel happier, I think about something different. ","haven_labelled","Mental Health","Wellbeing",220,"ok","high",TRUE,2,"t2","T2","mh_erq_01","mh_erq_01",TRUE
"h4l15","mh_erq_03_t2","T2 When I want to feel less bad (e.g., sad, angry or worried), I think about something different. ","haven_labelled","Mental Health","Wellbeing",221,"ok","high",TRUE,2,"t2","T2","mh_erq_03","mh_erq_03",TRUE
"h4l15","mh_erq_10_t2","T2 When I want to feel less bad (e.g., sad, angry, or worried) about something, I change the way I’m thinking about it. ","haven_labelled","Mental Health","Wellbeing",222,"ok","high",TRUE,2,"t2","T2","mh_erq_10","mh_erq_10",TRUE
"h4l15","mh_erq_09_t2","T2 When I’m feeling bad (e.g., sad, angry, or worried), I’m careful not to show it.  ","haven_labelled","Mental Health","Wellbeing",223,"ok","high",TRUE,2,"t2","T2","mh_erq_09","mh_erq_09",TRUE
"h4l15","mh_erq_05_t2","T2 When I’m worried about something, I make myself think about it in a way that helps me feel better. ","haven_labelled","Mental Health","Wellbeing",224,"ok","high",TRUE,2,"t2","T2","mh_erq_05","mh_erq_05",TRUE
"h4l15","mh_selfeff_tot_t3","T3 Generalized self-efficacy scale total score","numeric","Mental Health","Wellbeing",225,"ok","high",TRUE,3,"t3","T3","mh_selfeff_tot",NA,FALSE
"h4l15","mh_selfeff_tot_pror_t3","T3 Generalized self-efficacy scale total score prorated","numeric","Mental Health","Wellbeing",226,"ok","high",TRUE,3,"t3","T3","mh_selfeff_tot_pror",NA,FALSE
"h4l15","mh_slfcon_11_t3","T3 I am able to work effectively toward long-term goals.","haven_labelled","Mental Health","Wellbeing",227,"ok","high",TRUE,3,"t3","T3","mh_slfcon_11","mh_slfcon_11",TRUE
"h4l15","mh_selfeff_04_t3","T3 I am confident that I could deal efficiently with unexpected events.","haven_labelled","Mental Health","Wellbeing",228,"ok","high",TRUE,3,"t3","T3","mh_selfeff_04","mh_selfeff_04",TRUE
"h4l15","mh_slfcon_01_t3","T3 I am good at resisting temptation.","haven_labelled","Mental Health","Wellbeing",229,"ok","high",TRUE,3,"t3","T3","mh_slfcon_01","mh_slfcon_01",TRUE
"h4l15","mh_slfcon_03_t3","T3 I am lazy.","haven_labelled","Mental Health","Wellbeing",230,"ok","high",TRUE,3,"t3","T3","mh_slfcon_03","mh_slfcon_03",TRUE
"h4l15","mh_selfeff_01_t3","T3 I can always manage to solve difficult problems if I try hard enough.","haven_labelled","Mental Health","Wellbeing",231,"ok","high",TRUE,3,"t3","T3","mh_selfeff_01","mh_selfeff_01",TRUE
"h4l15","mh_selfeff_07_t3","T3 I can remain calm when facing difficulties because I can rely on my coping abilities.","haven_labelled","Mental Health","Wellbeing",232,"ok","high",TRUE,3,"t3","T3","mh_selfeff_07","mh_selfeff_07",TRUE
"h4l15","mh_selfeff_06_t3","T3 I can solve most problems if I invest the necessary effort.","haven_labelled","Mental Health","Wellbeing",233,"ok","high",TRUE,3,"t3","T3","mh_selfeff_06","mh_selfeff_06",TRUE
"h4l15","mh_selfeff_10_t3","T3 I can usually handle whatever comes my way.","haven_labelled","Mental Health","Wellbeing",234,"ok","high",TRUE,3,"t3","T3","mh_selfeff_10","mh_selfeff_10",TRUE
"h4l15","mh_slfcon_05_t3","T3 I do certain things that are bad for me, if they are fun.","haven_labelled","Mental Health","Wellbeing",235,"ok","high",TRUE,3,"t3","T3","mh_slfcon_05","mh_slfcon_05",TRUE
"h4l15","mh_slfcon_02_t3","T3 I have a hard time breaking bad habits.","haven_labelled","Mental Health","Wellbeing",236,"ok","high",TRUE,3,"t3","T3","mh_slfcon_02","mh_slfcon_02",TRUE
"h4l15","mh_slfcon_10_t3","T3 I have trouble concentrating.","haven_labelled","Mental Health","Wellbeing",237,"ok","high",TRUE,3,"t3","T3","mh_slfcon_10","mh_slfcon_10",TRUE
"h4l15","mh_slfcon_13_t3","T3 I often act without thinking through all the alternatives.","haven_labelled","Mental Health","Wellbeing",238,"ok","high",TRUE,3,"t3","T3","mh_slfcon_13","mh_slfcon_13",TRUE
"h4l15","mh_slfcon_06_t3","T3 I refuse things that are bad for me.","haven_labelled","Mental Health","Wellbeing",239,"ok","high",TRUE,3,"t3","T3","mh_slfcon_06","mh_slfcon_06",TRUE
"h4l15","mh_slfcon_04_t3","T3 I say inappropriate things.","haven_labelled","Mental Health","Wellbeing",240,"ok","high",TRUE,3,"t3","T3","mh_slfcon_04","mh_slfcon_04",TRUE
"h4l15","mh_slfcon_07_t3","T3 I wish I had more self-discipline.","haven_labelled","Mental Health","Wellbeing",241,"ok","high",TRUE,3,"t3","T3","mh_slfcon_07","mh_slfcon_07",TRUE
"h4l15","mh_selfeff_09_t3","T3 If I am in trouble, I can usually think of a solution.","haven_labelled","Mental Health","Wellbeing",242,"ok","high",TRUE,3,"t3","T3","mh_selfeff_09","mh_selfeff_09",TRUE
"h4l15","mh_selfeff_02_t3","T3 If someone opposes me, I can find the means and ways to get what I want.","haven_labelled","Mental Health","Wellbeing",243,"ok","high",TRUE,3,"t3","T3","mh_selfeff_02","mh_selfeff_02",TRUE
"h4l15","mh_selfeff_03_t3","T3 It is easy for me to stick to my aims and accomplish my goals.","haven_labelled","Mental Health","Wellbeing",244,"ok","high",TRUE,3,"t3","T3","mh_selfeff_03","mh_selfeff_03",TRUE
"h4l15","mh_slfcon_08_t3","T3 People would say that I have iron self-discipline.","haven_labelled","Mental Health","Wellbeing",245,"ok","high",TRUE,3,"t3","T3","mh_slfcon_08","mh_slfcon_08",TRUE
"h4l15","mh_slfcon_09_t3","T3 Pleasure and fun sometimes keep me from getting work done.","haven_labelled","Mental Health","Wellbeing",246,"ok","high",TRUE,3,"t3","T3","mh_slfcon_09","mh_slfcon_09",TRUE
"h4l15","mh_selfcon_tot_t3","T3 Self control scale total score","numeric","Mental Health","Wellbeing",247,"ok","high",TRUE,3,"t3","T3","mh_selfcon_tot",NA,FALSE
"h4l15","mh_selfcon_tot_pror_t3","T3 Self control scale total score prorated","numeric","Mental Health","Wellbeing",248,"ok","high",TRUE,3,"t3","T3","mh_selfcon_tot_pror",NA,FALSE
"h4l15","mh_slfcon_12_t3","T3 Sometimes I can’t stop myself from doing something, even if I know it is wrong.","haven_labelled","Mental Health","Wellbeing",249,"ok","high",TRUE,3,"t3","T3","mh_slfcon_12","mh_slfcon_12",TRUE
"h4l15","mh_selfeff_05_t3","T3 Thanks to my resourcefulness, I know how to handle unforeseen situations.","haven_labelled","Mental Health","Wellbeing",250,"ok","high",TRUE,3,"t3","T3","mh_selfeff_05","mh_selfeff_05",TRUE
"h4l15","mh_selfeff_08_t3","T3 When I am confronted with a problem, I can usually find several solutions.","haven_labelled","Mental Health","Wellbeing",251,"ok","high",TRUE,3,"t3","T3","mh_selfeff_08","mh_selfeff_08",TRUE
"h4l15","mh_selfeff_tot_t4","T4 Generalized self-efficacy scale total score","numeric","Mental Health","Wellbeing",252,"ok","high",TRUE,4,"t4","T4","mh_selfeff_tot",NA,FALSE
"h4l15","mh_selfeff_tot_pror_t4","T4 Generalized self-efficacy scale total score prorated","numeric","Mental Health","Wellbeing",253,"ok","high",TRUE,4,"t4","T4","mh_selfeff_tot_pror",NA,FALSE
"h4l15","mh_slfcon_11_t4","T4 I am able to work effectively toward long-term goals.","haven_labelled","Mental Health","Wellbeing",254,"ok","high",TRUE,4,"t4","T4","mh_slfcon_11","mh_slfcon_11",TRUE
"h4l15","mh_selfeff_04_t4","T4 I am confident that I could deal efficiently with unexpected events.","haven_labelled","Mental Health","Wellbeing",255,"ok","high",TRUE,4,"t4","T4","mh_selfeff_04","mh_selfeff_04",TRUE
"h4l15","mh_slfcon_01_t4","T4 I am good at resisting temptation.","haven_labelled","Mental Health","Wellbeing",256,"ok","high",TRUE,4,"t4","T4","mh_slfcon_01","mh_slfcon_01",TRUE
"h4l15","mh_slfcon_03_t4","T4 I am lazy.","haven_labelled","Mental Health","Wellbeing",257,"ok","high",TRUE,4,"t4","T4","mh_slfcon_03","mh_slfcon_03",TRUE
"h4l15","mh_selfeff_01_t4","T4 I can always manage to solve difficult problems if I try hard enough.","haven_labelled","Mental Health","Wellbeing",258,"ok","high",TRUE,4,"t4","T4","mh_selfeff_01","mh_selfeff_01",TRUE
"h4l15","mh_selfeff_07_t4","T4 I can remain calm when facing difficulties because I can rely on my coping abilities.","haven_labelled","Mental Health","Wellbeing",259,"ok","high",TRUE,4,"t4","T4","mh_selfeff_07","mh_selfeff_07",TRUE
"h4l15","mh_selfeff_06_t4","T4 I can solve most problems if I invest the necessary effort.","haven_labelled","Mental Health","Wellbeing",260,"ok","high",TRUE,4,"t4","T4","mh_selfeff_06","mh_selfeff_06",TRUE
"h4l15","mh_selfeff_10_t4","T4 I can usually handle whatever comes my way.","haven_labelled","Mental Health","Wellbeing",261,"ok","high",TRUE,4,"t4","T4","mh_selfeff_10","mh_selfeff_10",TRUE
"h4l15","mh_slfcon_05_t4","T4 I do certain things that are bad for me, if they are fun.","haven_labelled","Mental Health","Wellbeing",262,"ok","high",TRUE,4,"t4","T4","mh_slfcon_05","mh_slfcon_05",TRUE
"h4l15","mh_slfcon_02_t4","T4 I have a hard time breaking bad habits.","haven_labelled","Mental Health","Wellbeing",263,"ok","high",TRUE,4,"t4","T4","mh_slfcon_02","mh_slfcon_02",TRUE
"h4l15","mh_slfcon_10_t4","T4 I have trouble concentrating.","haven_labelled","Mental Health","Wellbeing",264,"ok","high",TRUE,4,"t4","T4","mh_slfcon_10","mh_slfcon_10",TRUE
"h4l15","mh_slfcon_13_t4","T4 I often act without thinking through all the alternatives.","haven_labelled","Mental Health","Wellbeing",265,"ok","high",TRUE,4,"t4","T4","mh_slfcon_13","mh_slfcon_13",TRUE
"h4l15","mh_slfcon_06_t4","T4 I refuse things that are bad for me.","haven_labelled","Mental Health","Wellbeing",266,"ok","high",TRUE,4,"t4","T4","mh_slfcon_06","mh_slfcon_06",TRUE
"h4l15","mh_slfcon_04_t4","T4 I say inappropriate things.","haven_labelled","Mental Health","Wellbeing",267,"ok","high",TRUE,4,"t4","T4","mh_slfcon_04","mh_slfcon_04",TRUE
"h4l15","mh_slfcon_07_t4","T4 I wish I had more self-discipline.","haven_labelled","Mental Health","Wellbeing",268,"ok","high",TRUE,4,"t4","T4","mh_slfcon_07","mh_slfcon_07",TRUE
"h4l15","mh_selfeff_09_t4","T4 If I am in trouble, I can usually think of a solution.","haven_labelled","Mental Health","Wellbeing",269,"ok","high",TRUE,4,"t4","T4","mh_selfeff_09","mh_selfeff_09",TRUE
"h4l15","mh_selfeff_02_t4","T4 If someone opposes me, I can find the means and ways to get what I want.","haven_labelled","Mental Health","Wellbeing",270,"ok","high",TRUE,4,"t4","T4","mh_selfeff_02","mh_selfeff_02",TRUE
"h4l15","mh_selfeff_03_t4","T4 It is easy for me to stick to my aims and accomplish my goals.","haven_labelled","Mental Health","Wellbeing",271,"ok","high",TRUE,4,"t4","T4","mh_selfeff_03","mh_selfeff_03",TRUE
"h4l15","mh_slfcon_08_t4","T4 People would say that I have iron self-discipline.","haven_labelled","Mental Health","Wellbeing",272,"ok","high",TRUE,4,"t4","T4","mh_slfcon_08","mh_slfcon_08",TRUE
"h4l15","mh_slfcon_09_t4","T4 Pleasure and fun sometimes keep me from getting work done.","haven_labelled","Mental Health","Wellbeing",273,"ok","high",TRUE,4,"t4","T4","mh_slfcon_09","mh_slfcon_09",TRUE
"h4l15","mh_selfcon_tot_t4","T4 Self control scale total score","numeric","Mental Health","Wellbeing",274,"ok","high",TRUE,4,"t4","T4","mh_selfcon_tot",NA,FALSE
"h4l15","mh_selfcon_tot_pror_t4","T4 Self control scale total score prorated","numeric","Mental Health","Wellbeing",275,"ok","high",TRUE,4,"t4","T4","mh_selfcon_tot_pror",NA,FALSE
"h4l15","mh_slfcon_12_t4","T4 Sometimes I can’t stop myself from doing something, even if I know it is wrong.","haven_labelled","Mental Health","Wellbeing",276,"ok","high",TRUE,4,"t4","T4","mh_slfcon_12","mh_slfcon_12",TRUE
"h4l15","mh_selfeff_05_t4","T4 Thanks to my resourcefulness, I know how to handle unforeseen situations.","haven_labelled","Mental Health","Wellbeing",277,"ok","high",TRUE,4,"t4","T4","mh_selfeff_05","mh_selfeff_05",TRUE
"h4l15","mh_selfeff_08_t4","T4 When I am confronted with a problem, I can usually find several solutions.","haven_labelled","Mental Health","Wellbeing",278,"ok","high",TRUE,4,"t4","T4","mh_selfeff_08","mh_selfeff_08",TRUE
"h4l15","mh_selfeff_tot_t5","T5 Generalized self-efficacy scale total score","numeric","Mental Health","Wellbeing",279,"ok","high",TRUE,5,"t5","T5","mh_selfeff_tot",NA,FALSE
"h4l15","mh_selfeff_tot_pror_t5","T5 Generalized self-efficacy scale total score prorated","numeric","Mental Health","Wellbeing",280,"ok","high",TRUE,5,"t5","T5","mh_selfeff_tot_pror",NA,FALSE
"h4l15","mh_selfcon_tot_t5","T5 Self control scale total score","numeric","Mental Health","Wellbeing",281,"ok","high",TRUE,5,"t5","T5","mh_selfcon_tot",NA,FALSE
"h4l15","mh_selfcon_tot_pror_t5","T5 Self control scale total score prorated","numeric","Mental Health","Wellbeing",282,"ok","high",TRUE,5,"t5","T5","mh_selfcon_tot_pror",NA,FALSE
"h4l15","mh_selfeff_05_t5","Thanks to my resourcefulness, I know how to handle unforeseen situations.","haven_labelled","Mental Health","Wellbeing",283,"ok","high",TRUE,5,"t5","T5","mh_selfeff_05","mh_selfeff_05",TRUE
"h4l15","mh_selfeff_08_t5","When I am confronted with a problem, I can usually find several solutions.","haven_labelled","Mental Health","Wellbeing",284,"ok","high",TRUE,5,"t5","T5","mh_selfeff_08","mh_selfeff_08",TRUE
"h4l15","mh_erq_04_t5","When I am feeling happy, I am careful not to show it.","haven_labelled","Mental Health","Wellbeing",285,"ok","high",TRUE,5,"t5","T5","mh_erq_04","mh_erq_04",TRUE
"h4l15","mh_erq_07_t5","When I want to feel happier about something, I change the way I’m thinking about it.","haven_labelled","Mental Health","Wellbeing",286,"ok","high",TRUE,5,"t5","T5","mh_erq_07","mh_erq_07",TRUE
"h4l15","mh_erq_01_t5","When I want to feel happier, I think about something different.","haven_labelled","Mental Health","Wellbeing",287,"ok","high",TRUE,5,"t5","T5","mh_erq_01","mh_erq_01",TRUE
"h4l15","mh_erq_03_t5","When I want to feel less bad (e.g., sad, angry or worried), I think about something different.","haven_labelled","Mental Health","Wellbeing",288,"ok","high",TRUE,5,"t5","T5","mh_erq_03","mh_erq_03",TRUE
"h4l15","mh_erq_10_t5","When I want to feel less bad (e.g., sad, angry, or worried) about something, I change the way I’m thinking about it.","haven_labelled","Mental Health","Wellbeing",289,"ok","high",TRUE,5,"t5","T5","mh_erq_10","mh_erq_10",TRUE
"h4l15","mh_erq_09_t5","When I’m feeling bad (e.g., sad, angry, or worried), I’m careful not to show it.","haven_labelled","Mental Health","Wellbeing",290,"ok","high",TRUE,5,"t5","T5","mh_erq_09","mh_erq_09",TRUE
"h4l15","mh_erq_05_t5","When I’m worried about something, I make myself think about it in a way that helps me feel better.","haven_labelled","Mental Health","Wellbeing",291,"ok","high",TRUE,5,"t5","T5","mh_erq_05","mh_erq_05",TRUE
"h4l15","par_con_04_t5","Amount of TV or videos (online or DVDs) that you watch?","haven_labelled","Parent Variables","Parenting Style",1,"ok","high",TRUE,5,"t5","T5","par_con_04","par_con_04",TRUE
"h4l15","par_con_05_t5","Amount of time you spend using your phone, computer or other device for recreational purposes?","haven_labelled","Parent Variables","Parenting Style",2,"ok","high",TRUE,5,"t5","T5","par_con_05","par_con_05",TRUE
"h4l15","par_con_06_t5","Exercise that you are getting?","haven_labelled","Parent Variables","Parenting Style",3,"ok","high",TRUE,5,"t5","T5","par_con_06","par_con_06",TRUE
"h4l15","par_con_03_t5","High-fat foods that you eat?","haven_labelled","Parent Variables","Parenting Style",4,"ok","high",TRUE,5,"t5","T5","par_con_03","par_con_03",TRUE
"h4l15","par_mon_06_t5","I talk to my parent(s) about the plans I have with my friends","haven_labelled","Parent Variables","Parenting Style",5,"ok","high",TRUE,5,"t5","T5","par_mon_06","par_mon_06",TRUE
"h4l15","par_mon_05_t5","I tell my parent(s) who I’m going to be with before I go out","haven_labelled","Parent Variables","Parenting Style",6,"ok","high",TRUE,5,"t5","T5","par_mon_05","par_mon_05",TRUE
"h4l15","par_mon_04_t5","If I am going to be home late, I am expected to call my parent(s) to let them know","haven_labelled","Parent Variables","Parenting Style",7,"ok","high",TRUE,5,"t5","T5","par_mon_04","par_mon_04",TRUE
"h4l15","par_mon_03_t5","My parent(s) know where I am after school","haven_labelled","Parent Variables","Parenting Style",8,"ok","high",TRUE,5,"t5","T5","par_mon_03","par_mon_03",TRUE
"h4l15","par_mon_02_t5","My parent(s) know who my friends are","haven_labelled","Parent Variables","Parenting Style",9,"ok","high",TRUE,5,"t5","T5","par_mon_02","par_mon_02",TRUE
"h4l15","par_mon_01_t5","My parent(s) usually know what I am doing after school","haven_labelled","Parent Variables","Parenting Style",10,"ok","high",TRUE,5,"t5","T5","par_mon_01","par_mon_01",TRUE
"h4l15","par_con_02_t5","Salty snack foods (e.g. potato chips, corn chips) that you eat?","haven_labelled","Parent Variables","Parenting Style",11,"ok","high",TRUE,5,"t5","T5","par_con_02","par_con_02",TRUE
"h4l15","par_con_07_t5","Servings of fruits and vegetables that you are eating?","haven_labelled","Parent Variables","Parenting Style",12,"ok","high",TRUE,5,"t5","T5","par_con_07","par_con_07",TRUE
"h4l15","par_con_01_t5","Sweet snacks (e.g. lollies, ice cream, chocolate, cake) that you eat?","haven_labelled","Parent Variables","Parenting Style",13,"ok","high",TRUE,5,"t5","T5","par_con_01","par_con_01",TRUE
"h4l15","par_mon_06_t1","T1  talk to my parent(s) about the plans I have with my friends","haven_labelled","Parent Variables","Parenting Style",14,"ok","high",TRUE,1,"t1","T1","par_mon_06","par_mon_06",TRUE
"h4l15","par_mon_05_t1","T1 I tell my parent(s) who I’m going to be with before I go out","haven_labelled","Parent Variables","Parenting Style",15,"ok","high",TRUE,1,"t1","T1","par_mon_05","par_mon_05",TRUE
"h4l15","par_mon_04_t1","T1 If I am going to be home late, I am expected to call my parent(s) to let them know","haven_labelled","Parent Variables","Parenting Style",16,"ok","high",TRUE,1,"t1","T1","par_mon_04","par_mon_04",TRUE
"h4l15","par_mon_03_t1","T1 My parent(s) know where I am after school","haven_labelled","Parent Variables","Parenting Style",17,"ok","high",TRUE,1,"t1","T1","par_mon_03","par_mon_03",TRUE
"h4l15","par_mon_02_t1","T1 My parent(s) know who my friends are","haven_labelled","Parent Variables","Parenting Style",18,"ok","high",TRUE,1,"t1","T1","par_mon_02","par_mon_02",TRUE
"h4l15","par_mon_01_t1","T1 My parent(s) usually know what I am doing after school","haven_labelled","Parent Variables","Parenting Style",19,"ok","high",TRUE,1,"t1","T1","par_mon_01","par_mon_01",TRUE
"h4l15","par_con_sum_t1","T1 Parental control scale total score","numeric","Parent Variables","Parenting Style",20,"ok","high",TRUE,1,"t1","T1","par_con_sum",NA,FALSE
"h4l15","par_con_sum_pror_t1","T1 Parental control scale total score prorated","numeric","Parent Variables","Parenting Style",21,"ok","high",TRUE,1,"t1","T1","par_con_sum_pror",NA,FALSE
"h4l15","par_mon_sum_t1","T1 Parental monitoring scale total score","numeric","Parent Variables","Parenting Style",22,"ok","high",TRUE,1,"t1","T1","par_mon_sum",NA,FALSE
"h4l15","par_mon_sum_pror_t1","T1 Parental monitoring scale total score prorated","numeric","Parent Variables","Parenting Style",23,"ok","high",TRUE,1,"t1","T1","par_mon_sum_pror",NA,FALSE
"h4l15","par_con_04_t1","T1 Parents control Amount of TV or videos (online or DVDs) that you watch?","haven_labelled","Parent Variables","Parenting Style",24,"ok","high",TRUE,1,"t1","T1","par_con_04","par_con_04",TRUE
"h4l15","par_con_05_t1","T1 Parents control Amount of time you spend using your phone, computer or other device for recreational purposes?","haven_labelled","Parent Variables","Parenting Style",25,"ok","high",TRUE,1,"t1","T1","par_con_05","par_con_05",TRUE
"h4l15","par_con_06_t1","T1 Parents control Exercise that you are getting?","haven_labelled","Parent Variables","Parenting Style",26,"ok","high",TRUE,1,"t1","T1","par_con_06","par_con_06",TRUE
"h4l15","par_con_03_t1","T1 Parents control High-fat foods that you eat?","haven_labelled","Parent Variables","Parenting Style",27,"ok","high",TRUE,1,"t1","T1","par_con_03","par_con_03",TRUE
"h4l15","par_con_02_t1","T1 Parents control Salty snack foods (e.g. potato chips, corn chips) that you eat?","haven_labelled","Parent Variables","Parenting Style",28,"ok","high",TRUE,1,"t1","T1","par_con_02","par_con_02",TRUE
"h4l15","par_con_07_t1","T1 Parents control Servings of fruits and vegetables that you are eating?","haven_labelled","Parent Variables","Parenting Style",29,"ok","high",TRUE,1,"t1","T1","par_con_07","par_con_07",TRUE
"h4l15","par_con_01_t1","T1 Parents control Sweet snacks (e.g. lollies, ice cream, chocolate, cake) that you eat?","haven_labelled","Parent Variables","Parenting Style",30,"ok","high",TRUE,1,"t1","T1","par_con_01","par_con_01",TRUE
"h4l15","par_con_sum_t3","T3 Parental control scale total score","numeric","Parent Variables","Parenting Style",31,"ok","high",TRUE,3,"t3","T3","par_con_sum",NA,FALSE
"h4l15","par_con_sum_pror_t3","T3 Parental control scale total score prorated","numeric","Parent Variables","Parenting Style",32,"ok","high",TRUE,3,"t3","T3","par_con_sum_pror",NA,FALSE
"h4l15","par_con_04_t3","T3 Parents control Amount of TV or videos (online or DVDs) that you watch?","haven_labelled","Parent Variables","Parenting Style",33,"ok","high",TRUE,3,"t3","T3","par_con_04","par_con_04",TRUE
"h4l15","par_con_05_t3","T3 Parents control Amount of time you spend using your phone, computer or other device for recreational purposes?","haven_labelled","Parent Variables","Parenting Style",34,"ok","high",TRUE,3,"t3","T3","par_con_05","par_con_05",TRUE
"h4l15","par_con_06_t3","T3 Parents control Exercise that you are getting?","haven_labelled","Parent Variables","Parenting Style",35,"ok","high",TRUE,3,"t3","T3","par_con_06","par_con_06",TRUE
"h4l15","par_con_03_t3","T3 Parents control High-fat foods that you eat?","haven_labelled","Parent Variables","Parenting Style",36,"ok","high",TRUE,3,"t3","T3","par_con_03","par_con_03",TRUE
"h4l15","par_con_02_t3","T3 Parents control Salty snack foods (e.g. potato chips, corn chips) that you eat?","haven_labelled","Parent Variables","Parenting Style",37,"ok","high",TRUE,3,"t3","T3","par_con_02","par_con_02",TRUE
"h4l15","par_con_07_t3","T3 Parents control Servings of fruits and vegetables that you are eating?","haven_labelled","Parent Variables","Parenting Style",38,"ok","high",TRUE,3,"t3","T3","par_con_07","par_con_07",TRUE
"h4l15","par_con_01_t3","T3 Parents control Sweet snacks (e.g. lollies, ice cream, chocolate, cake) that you eat?","haven_labelled","Parent Variables","Parenting Style",39,"ok","high",TRUE,3,"t3","T3","par_con_01","par_con_01",TRUE
"h4l15","par_con_04_t4","T4 Amount of TV or videos (online or DVDs) that you watch?","haven_labelled","Parent Variables","Parenting Style",40,"ok","high",TRUE,4,"t4","T4","par_con_04","par_con_04",TRUE
"h4l15","par_con_05_t4","T4 Amount of time you spend using your phone, computer or other device for recreational purposes?","haven_labelled","Parent Variables","Parenting Style",41,"ok","high",TRUE,4,"t4","T4","par_con_05","par_con_05",TRUE
"h4l15","par_con_06_t4","T4 Exercise that you are getting?","haven_labelled","Parent Variables","Parenting Style",42,"ok","high",TRUE,4,"t4","T4","par_con_06","par_con_06",TRUE
"h4l15","par_con_03_t4","T4 High-fat foods that you eat?","haven_labelled","Parent Variables","Parenting Style",43,"ok","high",TRUE,4,"t4","T4","par_con_03","par_con_03",TRUE
"h4l15","par_con_sum_t4","T4 Parental control scale total score","numeric","Parent Variables","Parenting Style",44,"ok","high",TRUE,4,"t4","T4","par_con_sum",NA,FALSE
"h4l15","par_con_sum_pror_t4","T4 Parental control scale total score prorated","numeric","Parent Variables","Parenting Style",45,"ok","high",TRUE,4,"t4","T4","par_con_sum_pror",NA,FALSE
"h4l15","par_con_02_t4","T4 Salty snack foods (e.g. potato chips, corn chips) that you eat?","haven_labelled","Parent Variables","Parenting Style",46,"ok","high",TRUE,4,"t4","T4","par_con_02","par_con_02",TRUE
"h4l15","par_con_07_t4","T4 Servings of fruits and vegetables that you are eating?","haven_labelled","Parent Variables","Parenting Style",47,"ok","high",TRUE,4,"t4","T4","par_con_07","par_con_07",TRUE
"h4l15","par_con_01_t4","T4 Sweet snacks (e.g. lollies, ice cream, chocolate, cake) that you eat?","haven_labelled","Parent Variables","Parenting Style",48,"ok","high",TRUE,4,"t4","T4","par_con_01","par_con_01",TRUE
"h4l15","par_con_sum_t5","T5 Parental control scale total score","numeric","Parent Variables","Parenting Style",49,"ok","high",TRUE,5,"t5","T5","par_con_sum",NA,FALSE
"h4l15","par_con_sum_pror_t5","T5 Parental control scale total score prorated","numeric","Parent Variables","Parenting Style",50,"ok","high",TRUE,5,"t5","T5","par_con_sum_pror",NA,FALSE
"h4l15","hlt_bmi_cat_t1","T1 BMI Categories","haven_labelled","Physical Health","Anthropometrics",1,"ok","high",TRUE,1,"t1","T1","hlt_bmi_cat","hlt_bmi_cat",TRUE
"h4l15","hlt_bmi_t1","T1 Body Mass Index","numeric","Physical Health","Anthropometrics",2,"ok","high",TRUE,1,"t1","T1","hlt_bmi",NA,FALSE
"h4l15","hlt_med_adhd_t4","T4 ADD/ADHD","haven_labelled","Physical Health","General Health Status",3,"ok","high",TRUE,4,"t4","T4","hlt_med_adhd","hlt_med_adhd",TRUE
"h4l15","hlt_med_asth_comfort_t4","T4 Are you comfortable answering questions about asthma?","haven_labelled","Physical Health","General Health Status",4,"ok","high",TRUE,4,"t4","T4","hlt_med_asth_comfort","hlt_med_asth_comfort",TRUE
"h4l15","hlt_med_ibs_comfort_t4","T4 Are you comfortable answering some questions about irritable bowel syndrome (IBS)?","haven_labelled","Physical Health","General Health Status",5,"ok","high",TRUE,4,"t4","T4","hlt_med_ibs_comfort","hlt_med_ibs_comfort",TRUE
"h4l15","hlt_med_aut_t4","T4 Autism, Aspergers, or other autism spectrum","haven_labelled","Physical Health","General Health Status",6,"ok","high",TRUE,4,"t4","T4","hlt_med_aut","hlt_med_aut",TRUE
"h4l15","hlt_med_bjm_t4","T4 Bone, joint or muscle problem","haven_labelled","Physical Health","General Health Status",7,"ok","high",TRUE,4,"t4","T4","hlt_med_bjm","hlt_med_bjm",TRUE
"h4l15","hlt_med_chfatig_t4","T4 Chronic fatigue","haven_labelled","Physical Health","General Health Status",8,"ok","high",TRUE,4,"t4","T4","hlt_med_chfatig","hlt_med_chfatig",TRUE
"h4l15","hlt_med_constip_t4","T4 Constipation or diarrhea","haven_labelled","Physical Health","General Health Status",9,"ok","high",TRUE,4,"t4","T4","hlt_med_constip","hlt_med_constip",TRUE
"h4l15","hlt_med_bloat_current_t4","T4 Do you currently (in the past 10 days) suffer from abdominal bloating, swollen or tight stomach? Females: Please ignore if abdominal bloating, swollen or tight stomach is related to your period when answering this question.","haven_labelled","Physical Health","General Health Status",10,"ok","high",TRUE,4,"t4","T4","hlt_med_bloat_current","hlt_med_bloat_current",TRUE
"h4l15","hlt_med_stomach_t4","T4 Do you currently (in the past 10 days) suffer from stomach pain?","haven_labelled","Physical Health","General Health Status",11,"ok","high",TRUE,4,"t4","T4","hlt_med_stomach","hlt_med_stomach",TRUE
"h4l15","hlt_med_asth_symp12_t4","T4 Do you have any persisting symptoms between attacks in the past 12 months?","haven_labelled","Physical Health","General Health Status",12,"ok","high",TRUE,4,"t4","T4","hlt_med_asth_symp12","hlt_med_asth_symp12",TRUE
"h4l15","hlt_med_ibs_ever_t4","T4 Do you have irritable bowel syndrome (IBS)?","haven_labelled","Physical Health","General Health Status",13,"ok","high",TRUE,4,"t4","T4","hlt_med_ibs_ever","hlt_med_ibs_ever",TRUE
"h4l15","hlt_med_asth_ever_t4","T4 Do you suffer from asthma?","haven_labelled","Physical Health","General Health Status",14,"ok","high",TRUE,4,"t4","T4","hlt_med_asth_ever","hlt_med_asth_ever",TRUE
"h4l15","hlt_med_eczema_t4","T4 Eczema","haven_labelled","Physical Health","General Health Status",15,"ok","high",TRUE,4,"t4","T4","hlt_med_eczema","hlt_med_eczema",TRUE
"h4l15","hlt_med_foodall_t4","T4 Food allergies","haven_labelled","Physical Health","General Health Status",16,"ok","high",TRUE,4,"t4","T4","hlt_med_foodall","hlt_med_foodall",TRUE
"h4l15","hlt_med_asth_hosp12_t4","T4 Have you had any hospitalisation for asthma in the past 12 months?","haven_labelled","Physical Health","General Health Status",17,"ok","high",TRUE,4,"t4","T4","hlt_med_asth_hosp12","hlt_med_asth_hosp12",TRUE
"h4l15","hlt_med_hayfev_t4","T4 Hay fever","haven_labelled","Physical Health","General Health Status",18,"ok","high",TRUE,4,"t4","T4","hlt_med_hayfev","hlt_med_hayfev",TRUE
"h4l15","hlt_med_bowel_sat_t4","T4 How dissatisfied are you with your current bowel habit in the past 10 days? (Please indicate a number from 0 to 100, with 0 meaning “not dissatisfied” and 100 meaning “very dissatisfied”)","character","Physical Health","General Health Status",19,"ok","high",TRUE,4,"t4","T4","hlt_med_bowel_sat",NA,FALSE
"h4l15","hlt_med_asth_freq12_t4","T4 How frequent have your asthma attacks been in the past 12 months?","haven_labelled","Physical Health","General Health Status",20,"ok","high",TRUE,4,"t4","T4","hlt_med_asth_freq12","hlt_med_asth_freq12",TRUE
"h4l15","hlt_med_bowel_sev_t4","T4 How much did abdominal pain or discomfort or altered bowel functioning affect or interfere with your life in general in the past 10 days? (Please indicate a number from 0 to 100, with 0 meaning “not at all” and 100 meaning “completely”)","character","Physical Health","General Health Status",21,"ok","high",TRUE,4,"t4","T4","hlt_med_bowel_sev",NA,FALSE
"h4l15","hlt_med_bloat_freq_t4","T4 How severe is your abdominal bloating, swollen or tight stomach (distention) in the past 10 days? (Please indicate a number from 0 to 100, with 0 meaning “no distention” and 100 meaning “very severe distention”)","character","Physical Health","General Health Status",22,"ok","high",TRUE,4,"t4","T4","hlt_med_bloat_freq",NA,FALSE
"h4l15","hlt_med_stomach_sev_t4","T4 How severe is your stomach pain in the past 10 days? (Please indicate a number from 0 to 100, with 0 meaning “no pain” and 100 meaning “very severe pain”)","character","Physical Health","General Health Status",23,"ok","high",TRUE,4,"t4","T4","hlt_med_stomach_sev",NA,FALSE
"h4l15","hlt_med_none_t4","T4 No medical conditions","haven_labelled","Physical Health","General Health Status",24,"ok","high",TRUE,4,"t4","T4","hlt_med_none","hlt_med_none",TRUE
"h4l15","hlt_med_oth_t4","T4 Other conditions","haven_labelled","Physical Health","General Health Status",25,"ok","high",TRUE,4,"t4","T4","hlt_med_oth","hlt_med_oth",TRUE
"h4l15","hlt_med_stomach_freq_t4","T4 Please enter the number of days you had the stomach pain in the past 10 days. (For example, if you enter 4 it means that you had pain 4 out of 10 days. If you have pain every day, enter 10.)","character","Physical Health","General Health Status",26,"ok","high",TRUE,4,"t4","T4","hlt_med_stomach_freq",NA,FALSE
"h4l15","hlt_med_pnts_t4","T4 Prefer not to say","haven_labelled","Physical Health","General Health Status",27,"ok","high",TRUE,4,"t4","T4","hlt_med_pnts","hlt_med_pnts",TRUE
"h4l15","hlt_med_abdom_t4","T4 Recurrent abdominal pain or cramps (please ignore if related to your period)","haven_labelled","Physical Health","General Health Status",28,"ok","high",TRUE,4,"t4","T4","hlt_med_abdom","hlt_med_abdom",TRUE
"h4l15","hlt_med_diabt1_t4","T4 Type 1 Diabetes","haven_labelled","Physical Health","General Health Status",29,"ok","high",TRUE,4,"t4","T4","hlt_med_diabt1","hlt_med_diabt1",TRUE
"h4l15","hlt_med_diabt2_t4","T4 Type 2 Diabetes","haven_labelled","Physical Health","General Health Status",30,"ok","high",TRUE,4,"t4","T4","hlt_med_diabt2","hlt_med_diabt2",TRUE
"h4l15","hlt_pds_02_t5","And how about the growth of your body hair? (“Body hair” means hair any place other than your head, such as under your arms.) Would you say that your body hair:","haven_labelled","Physical Health","Puberty and Development",31,"ok","high",TRUE,5,"t5","T5","hlt_pds_02","hlt_pds_02",TRUE
"h4l15","hlt_pds_05_t5","Have you begun to grow hair on your face?","haven_labelled","Physical Health","Puberty and Development",32,"ok","high",TRUE,5,"t5","T5","hlt_pds_05","hlt_pds_05",TRUE
"h4l15","hlt_pds_07_t5","Have you begun to menstruate (started to have your period)?","haven_labelled","Physical Health","Puberty and Development",33,"ok","high",TRUE,5,"t5","T5","hlt_pds_07","hlt_pds_07",TRUE
"h4l15","hlt_pds_04_t5","Have you noticed a deepening of your voice?","haven_labelled","Physical Health","Puberty and Development",34,"ok","high",TRUE,5,"t5","T5","hlt_pds_04","hlt_pds_04",TRUE
"h4l15","hlt_pds_03_t5","Have you noticed any skin changes, especially pimples?","haven_labelled","Physical Health","Puberty and Development",35,"ok","high",TRUE,5,"t5","T5","hlt_pds_03","hlt_pds_03",TRUE
"h4l15","hlt_pds_06_t5","Have you noticed that your breasts have begun to grow?","haven_labelled","Physical Health","Puberty and Development",36,"ok","high",TRUE,5,"t5","T5","hlt_pds_06","hlt_pds_06",TRUE
"h4l15","hlt_pds_07_yrs_t5","If yes, how old were you when you had your first period (started to menstruate)? (Years)","haven_labelled","Physical Health","Puberty and Development",37,"ok","high",TRUE,5,"t5","T5","hlt_pds_07_yrs","hlt_pds_07_yrs",TRUE
"h4l15","hlt_pds_02_t1","T1 And how about the growth of your body hair? (“Body hair” means hair any place other than your head, such as under your arms.) Would you say that your body hair:","haven_labelled","Physical Health","Puberty and Development",38,"ok","high",TRUE,1,"t1","T1","hlt_pds_02","hlt_pds_02",TRUE
"h4l15","hlt_pds_05_t1","T1 Have you begun to grow hair on your face?","haven_labelled","Physical Health","Puberty and Development",39,"ok","high",TRUE,1,"t1","T1","hlt_pds_05","hlt_pds_05",TRUE
"h4l15","hlt_pds_07_t1","T1 Have you begun to menstruate (started to have your period)?","haven_labelled","Physical Health","Puberty and Development",40,"ok","high",TRUE,1,"t1","T1","hlt_pds_07","hlt_pds_07",TRUE
"h4l15","hlt_pds_04_t1","T1 Have you noticed a deepening of your voice?","haven_labelled","Physical Health","Puberty and Development",41,"ok","high",TRUE,1,"t1","T1","hlt_pds_04","hlt_pds_04",TRUE
"h4l15","hlt_pds_03_t1","T1 Have you noticed any skin changes, especially pimples?","haven_labelled","Physical Health","Puberty and Development",42,"ok","high",TRUE,1,"t1","T1","hlt_pds_03","hlt_pds_03",TRUE
"h4l15","hlt_pds_06_t1","T1 Have you noticed that your breasts have begun to grow?","haven_labelled","Physical Health","Puberty and Development",43,"ok","high",TRUE,1,"t1","T1","hlt_pds_06","hlt_pds_06",TRUE
"h4l15","hlt_pds_07_yrs_t1","T1 If yes, how old were you when you had your first period (started to menstruate)? (Years)","haven_labelled","Physical Health","Puberty and Development",44,"ok","high",TRUE,1,"t1","T1","hlt_pds_07_yrs","hlt_pds_07_yrs",TRUE
"h4l15","hlt_pds_avg_t1","T1 Self report pubertal development scale average score","numeric","Physical Health","Puberty and Development",45,"ok","high",TRUE,1,"t1","T1","hlt_pds_avg",NA,FALSE
"h4l15","hlt_pds_avg_pror_t1","T1 Self report pubertal development scale average score prorated","numeric","Physical Health","Puberty and Development",46,"ok","high",TRUE,1,"t1","T1","hlt_pds_avg_pror",NA,FALSE
"h4l15","hlt_pds_cat_t1","T1 Self report pubertal development scale categories","haven_labelled","Physical Health","Puberty and Development",47,"ok","high",TRUE,1,"t1","T1","hlt_pds_cat","hlt_pds_cat",TRUE
"h4l15","hlt_pds_tot_t1","T1 Self report pubertal development scale total sum score","numeric","Physical Health","Puberty and Development",48,"ok","high",TRUE,1,"t1","T1","hlt_pds_tot",NA,FALSE
"h4l15","hlt_pds_01_t1","T1 Would you say that your growth in height:","haven_labelled","Physical Health","Puberty and Development",49,"ok","high",TRUE,1,"t1","T1","hlt_pds_01","hlt_pds_01",TRUE
"h4l15","hlt_pds_02_t2","T2 And how about the growth of your body hair? (“Body hair” means hair any place other than your head, such as under your arms.) Would you say that your body hair:","haven_labelled","Physical Health","Puberty and Development",50,"ok","high",TRUE,2,"t2","T2","hlt_pds_02","hlt_pds_02",TRUE
"h4l15","hlt_pds_05_t2","T2 Have you begun to grow hair on your face?","haven_labelled","Physical Health","Puberty and Development",51,"ok","high",TRUE,2,"t2","T2","hlt_pds_05","hlt_pds_05",TRUE
"h4l15","hlt_pds_07_t2","T2 Have you begun to menstruate (started to have your period)?","haven_labelled","Physical Health","Puberty and Development",52,"ok","high",TRUE,2,"t2","T2","hlt_pds_07","hlt_pds_07",TRUE
"h4l15","hlt_pds_04_t2","T2 Have you noticed a deepening of your voice?","haven_labelled","Physical Health","Puberty and Development",53,"ok","high",TRUE,2,"t2","T2","hlt_pds_04","hlt_pds_04",TRUE
"h4l15","hlt_pds_03_t2","T2 Have you noticed any skin changes, especially pimples?","haven_labelled","Physical Health","Puberty and Development",54,"ok","high",TRUE,2,"t2","T2","hlt_pds_03","hlt_pds_03",TRUE
"h4l15","hlt_pds_06_t2","T2 Have you noticed that your breasts have begun to grow?","haven_labelled","Physical Health","Puberty and Development",55,"ok","high",TRUE,2,"t2","T2","hlt_pds_06","hlt_pds_06",TRUE
"h4l15","hlt_pds_07_yrs_t2","T2 If yes, how old were you when you had your first period (started to menstruate)? (Years)","haven_labelled","Physical Health","Puberty and Development",56,"ok","high",TRUE,2,"t2","T2","hlt_pds_07_yrs","hlt_pds_07_yrs",TRUE
"h4l15","hlt_pds_avg_t2","T2 Self report pubertal development scale average score","numeric","Physical Health","Puberty and Development",57,"ok","high",TRUE,2,"t2","T2","hlt_pds_avg",NA,FALSE
"h4l15","hlt_pds_avg_pror_t2","T2 Self report pubertal development scale average score prorated","numeric","Physical Health","Puberty and Development",58,"ok","high",TRUE,2,"t2","T2","hlt_pds_avg_pror",NA,FALSE
"h4l15","hlt_pds_cat_t2","T2 Self report pubertal development scale categories","haven_labelled","Physical Health","Puberty and Development",59,"ok","high",TRUE,2,"t2","T2","hlt_pds_cat","hlt_pds_cat",TRUE
"h4l15","hlt_pds_tot_t2","T2 Self report pubertal development scale total sum score","numeric","Physical Health","Puberty and Development",60,"ok","high",TRUE,2,"t2","T2","hlt_pds_tot",NA,FALSE
"h4l15","hlt_pds_01_t2","T2 Would you say that your growth in height:","haven_labelled","Physical Health","Puberty and Development",61,"ok","high",TRUE,2,"t2","T2","hlt_pds_01","hlt_pds_01",TRUE
"h4l15","hlt_pds_02_t3","T3 And how about the growth of your body hair? (“Body hair” means hair any place other than your head, such as under your arms.) Would you say that your body hair:","haven_labelled","Physical Health","Puberty and Development",62,"ok","high",TRUE,3,"t3","T3","hlt_pds_02","hlt_pds_02",TRUE
"h4l15","hlt_pds_05_t3","T3 Have you begun to grow hair on your face?","haven_labelled","Physical Health","Puberty and Development",63,"ok","high",TRUE,3,"t3","T3","hlt_pds_05","hlt_pds_05",TRUE
"h4l15","hlt_pds_07_t3","T3 Have you begun to menstruate (started to have your period)?","haven_labelled","Physical Health","Puberty and Development",64,"ok","high",TRUE,3,"t3","T3","hlt_pds_07","hlt_pds_07",TRUE
"h4l15","hlt_pds_04_t3","T3 Have you noticed a deepening of your voice?","haven_labelled","Physical Health","Puberty and Development",65,"ok","high",TRUE,3,"t3","T3","hlt_pds_04","hlt_pds_04",TRUE
"h4l15","hlt_pds_03_t3","T3 Have you noticed any skin changes, especially pimples?","haven_labelled","Physical Health","Puberty and Development",66,"ok","high",TRUE,3,"t3","T3","hlt_pds_03","hlt_pds_03",TRUE
"h4l15","hlt_pds_06_t3","T3 Have you noticed that your breasts have begun to grow?","haven_labelled","Physical Health","Puberty and Development",67,"ok","high",TRUE,3,"t3","T3","hlt_pds_06","hlt_pds_06",TRUE
"h4l15","hlt_pds_07_yrs_t3","T3 If yes, how old were you when you had your first period (started to menstruate)? (Years)","haven_labelled","Physical Health","Puberty and Development",68,"ok","high",TRUE,3,"t3","T3","hlt_pds_07_yrs","hlt_pds_07_yrs",TRUE
"h4l15","hlt_pds_avg_t3","T3 Self report pubertal development scale average score","numeric","Physical Health","Puberty and Development",69,"ok","high",TRUE,3,"t3","T3","hlt_pds_avg",NA,FALSE
"h4l15","hlt_pds_avg_pror_t3","T3 Self report pubertal development scale average score prorated","numeric","Physical Health","Puberty and Development",70,"ok","high",TRUE,3,"t3","T3","hlt_pds_avg_pror",NA,FALSE
"h4l15","hlt_pds_cat_t3","T3 Self report pubertal development scale categories","haven_labelled","Physical Health","Puberty and Development",71,"ok","high",TRUE,3,"t3","T3","hlt_pds_cat","hlt_pds_cat",TRUE
"h4l15","hlt_pds_tot_t3","T3 Self report pubertal development scale total sum score","numeric","Physical Health","Puberty and Development",72,"ok","high",TRUE,3,"t3","T3","hlt_pds_tot",NA,FALSE
"h4l15","hlt_pds_01_t3","T3 Would you say that your growth in height:","haven_labelled","Physical Health","Puberty and Development",73,"ok","high",TRUE,3,"t3","T3","hlt_pds_01","hlt_pds_01",TRUE
"h4l15","hlt_pds_02_t4","T4 And how about the growth of your body hair? (“Body hair” means hair any place other than your head, such as under your arms.) Would you say that your body hair:","haven_labelled","Physical Health","Puberty and Development",74,"ok","high",TRUE,4,"t4","T4","hlt_pds_02","hlt_pds_02",TRUE
"h4l15","hlt_pds_05_t4","T4 Have you begun to grow hair on your face?","haven_labelled","Physical Health","Puberty and Development",75,"ok","high",TRUE,4,"t4","T4","hlt_pds_05","hlt_pds_05",TRUE
"h4l15","hlt_pds_07_t4","T4 Have you begun to menstruate (started to have your period)?","haven_labelled","Physical Health","Puberty and Development",76,"ok","high",TRUE,4,"t4","T4","hlt_pds_07","hlt_pds_07",TRUE
"h4l15","hlt_pds_04_t4","T4 Have you noticed a deepening of your voice?","haven_labelled","Physical Health","Puberty and Development",77,"ok","high",TRUE,4,"t4","T4","hlt_pds_04","hlt_pds_04",TRUE
"h4l15","hlt_pds_03_t4","T4 Have you noticed any skin changes, especially pimples?","haven_labelled","Physical Health","Puberty and Development",78,"ok","high",TRUE,4,"t4","T4","hlt_pds_03","hlt_pds_03",TRUE
"h4l15","hlt_pds_06_t4","T4 Have you noticed that your breasts have begun to grow?","haven_labelled","Physical Health","Puberty and Development",79,"ok","high",TRUE,4,"t4","T4","hlt_pds_06","hlt_pds_06",TRUE
"h4l15","hlt_pds_07_yrs_t4","T4 If yes, how old were you when you had your first period (started to menstruate)? (Years)","haven_labelled","Physical Health","Puberty and Development",80,"ok","high",TRUE,4,"t4","T4","hlt_pds_07_yrs","hlt_pds_07_yrs",TRUE
"h4l15","hlt_pds_avg_t4","T4 Self report pubertal development scale average score","numeric","Physical Health","Puberty and Development",81,"ok","high",TRUE,4,"t4","T4","hlt_pds_avg",NA,FALSE
"h4l15","hlt_pds_avg_pror_t4","T4 Self report pubertal development scale average score prorated","numeric","Physical Health","Puberty and Development",82,"ok","high",TRUE,4,"t4","T4","hlt_pds_avg_pror",NA,FALSE
"h4l15","hlt_pds_cat_t4","T4 Self report pubertal development scale categories","haven_labelled","Physical Health","Puberty and Development",83,"ok","high",TRUE,4,"t4","T4","hlt_pds_cat","hlt_pds_cat",TRUE
"h4l15","hlt_pds_tot_t4","T4 Self report pubertal development scale total sum score","numeric","Physical Health","Puberty and Development",84,"ok","high",TRUE,4,"t4","T4","hlt_pds_tot",NA,FALSE
"h4l15","hlt_pds_01_t4","T4 Would you say that your growth in height:","haven_labelled","Physical Health","Puberty and Development",85,"ok","high",TRUE,4,"t4","T4","hlt_pds_01","hlt_pds_01",TRUE
"h4l15","hlt_pds_avg_t5","T5 Self report pubertal development scale average score","numeric","Physical Health","Puberty and Development",86,"ok","high",TRUE,5,"t5","T5","hlt_pds_avg",NA,FALSE
"h4l15","hlt_pds_avg_pror_t5","T5 Self report pubertal development scale average score prorated","numeric","Physical Health","Puberty and Development",87,"ok","high",TRUE,5,"t5","T5","hlt_pds_avg_pror",NA,FALSE
"h4l15","hlt_pds_cat_t5","T5 Self report pubertal development scale categories","haven_labelled","Physical Health","Puberty and Development",88,"ok","high",TRUE,5,"t5","T5","hlt_pds_cat","hlt_pds_cat",TRUE
"h4l15","hlt_pds_tot_t5","T5 Self report pubertal development scale total sum score","numeric","Physical Health","Puberty and Development",89,"ok","high",TRUE,5,"t5","T5","hlt_pds_tot",NA,FALSE
"h4l15","hlt_pds_01_t5","Would you say that your growth in height:","haven_labelled","Physical Health","Puberty and Development",90,"ok","high",TRUE,5,"t5","T5","hlt_pds_01","hlt_pds_01",TRUE
"h4l15","hlt_pdss_03_t5","Are you usually alert most of the day?","haven_labelled","Physical Health","Sleep",91,"ok","high",TRUE,5,"t5","T5","hlt_pdss_03","hlt_pdss_03",TRUE
"h4l15","hlt_pdss_04_t5","How often are you ever tired and grumpy during the day?","haven_labelled","Physical Health","Sleep",92,"ok","high",TRUE,5,"t5","T5","hlt_pdss_04","hlt_pdss_04",TRUE
"h4l15","hlt_pdss_01_t5","How often do you fall asleep or feel drowsy in class?","haven_labelled","Physical Health","Sleep",93,"ok","high",TRUE,5,"t5","T5","hlt_pdss_01","hlt_pdss_01",TRUE
"h4l15","hlt_pdss_06_t5","How often do you fall back to sleep after being woken in the morning?","haven_labelled","Physical Health","Sleep",94,"ok","high",TRUE,5,"t5","T5","hlt_pdss_06","hlt_pdss_06",TRUE
"h4l15","hlt_pdss_02_t5","How often do you feel sleepy or drowsy while doing your homework?","haven_labelled","Physical Health","Sleep",95,"ok","high",TRUE,5,"t5","T5","hlt_pdss_02","hlt_pdss_02",TRUE
"h4l15","hlt_pdss_05_t5","How often do you have trouble getting out of bed in the morning?","haven_labelled","Physical Health","Sleep",96,"ok","high",TRUE,5,"t5","T5","hlt_pdss_05","hlt_pdss_05",TRUE
"h4l15","hlt_pdss_07_t5","How often do you need someone to wake you in the morning?","haven_labelled","Physical Health","Sleep",97,"ok","high",TRUE,5,"t5","T5","hlt_pdss_07","hlt_pdss_07",TRUE
"h4l15","hlt_pdss_08_t5","How often do you think that you need more sleep?","haven_labelled","Physical Health","Sleep",98,"ok","high",TRUE,5,"t5","T5","hlt_pdss_08","hlt_pdss_08",TRUE
"h4l15","hlt_pdss_03_t1","T1 Are you usually alert most of the day?","haven_labelled","Physical Health","Sleep",99,"ok","high",TRUE,1,"t1","T1","hlt_pdss_03","hlt_pdss_03",TRUE
"h4l15","hlt_pdss_04_t1","T1 How often are you ever tired and grumpy during the day?","haven_labelled","Physical Health","Sleep",100,"ok","high",TRUE,1,"t1","T1","hlt_pdss_04","hlt_pdss_04",TRUE
"h4l15","hlt_pdss_01_t1","T1 How often do you fall asleep or feel drowsy in class?","haven_labelled","Physical Health","Sleep",101,"ok","high",TRUE,1,"t1","T1","hlt_pdss_01","hlt_pdss_01",TRUE
"h4l15","hlt_pdss_06_t1","T1 How often do you fall back to sleep after being woken in the morning?","haven_labelled","Physical Health","Sleep",102,"ok","high",TRUE,1,"t1","T1","hlt_pdss_06","hlt_pdss_06",TRUE
"h4l15","hlt_pdss_02_t1","T1 How often do you feel sleepy or drowsy while doing your homework?","haven_labelled","Physical Health","Sleep",103,"ok","high",TRUE,1,"t1","T1","hlt_pdss_02","hlt_pdss_02",TRUE
"h4l15","hlt_pdss_05_t1","T1 How often do you have trouble getting out of bed in the morning?","haven_labelled","Physical Health","Sleep",104,"ok","high",TRUE,1,"t1","T1","hlt_pdss_05","hlt_pdss_05",TRUE
"h4l15","hlt_pdss_07_t1","T1 How often do you need someone to wake you in the morning?","haven_labelled","Physical Health","Sleep",105,"ok","high",TRUE,1,"t1","T1","hlt_pdss_07","hlt_pdss_07",TRUE
"h4l15","hlt_pdss_08_t1","T1 How often do you think that you need more sleep?","haven_labelled","Physical Health","Sleep",106,"ok","high",TRUE,1,"t1","T1","hlt_pdss_08","hlt_pdss_08",TRUE
"h4l15","hlt_pdss_cat_t1","T1 PDSS categories for excessive daytime sleepiness","haven_labelled","Physical Health","Sleep",107,"ok","high",TRUE,1,"t1","T1","hlt_pdss_cat","hlt_pdss_cat",TRUE
"h4l15","hlt_pdss_sum_t1","T1 Total PDSS score","numeric","Physical Health","Sleep",108,"ok","high",TRUE,1,"t1","T1","hlt_pdss_sum",NA,FALSE
"h4l15","hlt_pdss_sum_pror_t1","T1 Total PDSS score prorated","numeric","Physical Health","Sleep",109,"ok","high",TRUE,1,"t1","T1","hlt_pdss_sum_pror",NA,FALSE
"h4l15","hlt_pdss_03_rev_t1","T1_PDSS3r","numeric","Physical Health","Sleep",110,"ok","high",TRUE,1,"t1","T1","hlt_pdss_03_rev",NA,FALSE
"h4l15","hlt_pdss_03_t2","T2 Are you usually alert most of the day?","haven_labelled","Physical Health","Sleep",111,"ok","high",TRUE,2,"t2","T2","hlt_pdss_03","hlt_pdss_03",TRUE
"h4l15","hlt_pdss_04_t2","T2 How often are you ever tired and grumpy during the day?","haven_labelled","Physical Health","Sleep",112,"ok","high",TRUE,2,"t2","T2","hlt_pdss_04","hlt_pdss_04",TRUE
"h4l15","hlt_pdss_01_t2","T2 How often do you fall asleep or feel drowsy in class?","haven_labelled","Physical Health","Sleep",113,"ok","high",TRUE,2,"t2","T2","hlt_pdss_01","hlt_pdss_01",TRUE
"h4l15","hlt_pdss_06_t2","T2 How often do you fall back to sleep after being woken in the morning?","haven_labelled","Physical Health","Sleep",114,"ok","high",TRUE,2,"t2","T2","hlt_pdss_06","hlt_pdss_06",TRUE
"h4l15","hlt_pdss_02_t2","T2 How often do you feel sleepy or drowsy while doing your homework?","haven_labelled","Physical Health","Sleep",115,"ok","high",TRUE,2,"t2","T2","hlt_pdss_02","hlt_pdss_02",TRUE
"h4l15","hlt_pdss_05_t2","T2 How often do you have trouble getting out of bed in the morning?","haven_labelled","Physical Health","Sleep",116,"ok","high",TRUE,2,"t2","T2","hlt_pdss_05","hlt_pdss_05",TRUE
"h4l15","hlt_pdss_07_t2","T2 How often do you need someone to wake you in the morning?","haven_labelled","Physical Health","Sleep",117,"ok","high",TRUE,2,"t2","T2","hlt_pdss_07","hlt_pdss_07",TRUE
"h4l15","hlt_pdss_08_t2","T2 How often do you think that you need more sleep?","haven_labelled","Physical Health","Sleep",118,"ok","high",TRUE,2,"t2","T2","hlt_pdss_08","hlt_pdss_08",TRUE
"h4l15","hlt_pdss_cat_t2","T2 PDSS categories for excessive daytime sleepiness","haven_labelled","Physical Health","Sleep",119,"ok","high",TRUE,2,"t2","T2","hlt_pdss_cat","hlt_pdss_cat",TRUE
"h4l15","hlt_pdss_sum_t2","T2 Total PDSS score","numeric","Physical Health","Sleep",120,"ok","high",TRUE,2,"t2","T2","hlt_pdss_sum",NA,FALSE
"h4l15","hlt_pdss_sum_pror_t2","T2 Total PDSS score prorated","numeric","Physical Health","Sleep",121,"ok","high",TRUE,2,"t2","T2","hlt_pdss_sum_pror",NA,FALSE
"h4l15","hlt_pdss_03_rev_t2","T2_PDSS3r","numeric","Physical Health","Sleep",122,"ok","high",TRUE,2,"t2","T2","hlt_pdss_03_rev",NA,FALSE
"h4l15","hlt_pdss_03_t3","T3 Are you usually alert most of the day?","haven_labelled","Physical Health","Sleep",123,"ok","high",TRUE,3,"t3","T3","hlt_pdss_03","hlt_pdss_03",TRUE
"h4l15","hlt_pdss_04_t3","T3 How often are you ever tired and grumpy during the day?","haven_labelled","Physical Health","Sleep",124,"ok","high",TRUE,3,"t3","T3","hlt_pdss_04","hlt_pdss_04",TRUE
"h4l15","hlt_pdss_01_t3","T3 How often do you fall asleep or feel drowsy in class?","haven_labelled","Physical Health","Sleep",125,"ok","high",TRUE,3,"t3","T3","hlt_pdss_01","hlt_pdss_01",TRUE
"h4l15","hlt_pdss_06_t3","T3 How often do you fall back to sleep after being woken in the morning?","haven_labelled","Physical Health","Sleep",126,"ok","high",TRUE,3,"t3","T3","hlt_pdss_06","hlt_pdss_06",TRUE
"h4l15","hlt_pdss_02_t3","T3 How often do you feel sleepy or drowsy while doing your homework?","haven_labelled","Physical Health","Sleep",127,"ok","high",TRUE,3,"t3","T3","hlt_pdss_02","hlt_pdss_02",TRUE
"h4l15","hlt_pdss_05_t3","T3 How often do you have trouble getting out of bed in the morning?","haven_labelled","Physical Health","Sleep",128,"ok","high",TRUE,3,"t3","T3","hlt_pdss_05","hlt_pdss_05",TRUE
"h4l15","hlt_pdss_07_t3","T3 How often do you need someone to wake you in the morning?","haven_labelled","Physical Health","Sleep",129,"ok","high",TRUE,3,"t3","T3","hlt_pdss_07","hlt_pdss_07",TRUE
"h4l15","hlt_pdss_08_t3","T3 How often do you think that you need more sleep?","haven_labelled","Physical Health","Sleep",130,"ok","high",TRUE,3,"t3","T3","hlt_pdss_08","hlt_pdss_08",TRUE
"h4l15","hlt_pdss_cat_t3","T3 PDSS categories for excessive daytime sleepiness","numeric","Physical Health","Sleep",131,"ok","high",TRUE,3,"t3","T3","hlt_pdss_cat",NA,FALSE
"h4l15","htl_pdss_sum_t3","T3 Total PDSS score","numeric","Physical Health","Sleep",132,"ok","high",TRUE,3,"t3","T3","htl_pdss_sum",NA,FALSE
"h4l15","htl_pdss_sum_pror_t3","T3 Total PDSS score prorated","numeric","Physical Health","Sleep",133,"ok","high",TRUE,3,"t3","T3","htl_pdss_sum_pror",NA,FALSE
"h4l15","hlt_pdss_03_rev_t3","T3_PDSS3r","numeric","Physical Health","Sleep",134,"ok","high",TRUE,3,"t3","T3","hlt_pdss_03_rev",NA,FALSE
"h4l15","hlt_pdss_03_t4","T4 Are you usually alert most of the day?","haven_labelled","Physical Health","Sleep",135,"ok","high",TRUE,4,"t4","T4","hlt_pdss_03","hlt_pdss_03",TRUE
"h4l15","hlt_pdss_04_t4","T4 How often are you ever tired and grumpy during the day?","haven_labelled","Physical Health","Sleep",136,"ok","high",TRUE,4,"t4","T4","hlt_pdss_04","hlt_pdss_04",TRUE
"h4l15","hlt_pdss_01_t4","T4 How often do you fall asleep or feel drowsy in class?","haven_labelled","Physical Health","Sleep",137,"ok","high",TRUE,4,"t4","T4","hlt_pdss_01","hlt_pdss_01",TRUE
"h4l15","hlt_pdss_06_t4","T4 How often do you fall back to sleep after being woken in the morning?","haven_labelled","Physical Health","Sleep",138,"ok","high",TRUE,4,"t4","T4","hlt_pdss_06","hlt_pdss_06",TRUE
"h4l15","hlt_pdss_02_t4","T4 How often do you feel sleepy or drowsy while doing your homework?","haven_labelled","Physical Health","Sleep",139,"ok","high",TRUE,4,"t4","T4","hlt_pdss_02","hlt_pdss_02",TRUE
"h4l15","hlt_pdss_05_t4","T4 How often do you have trouble getting out of bed in the morning?","haven_labelled","Physical Health","Sleep",140,"ok","high",TRUE,4,"t4","T4","hlt_pdss_05","hlt_pdss_05",TRUE
"h4l15","hlt_pdss_07_t4","T4 How often do you need someone to wake you in the morning?","haven_labelled","Physical Health","Sleep",141,"ok","high",TRUE,4,"t4","T4","hlt_pdss_07","hlt_pdss_07",TRUE
"h4l15","hlt_pdss_08_t4","T4 How often do you think that you need more sleep?","haven_labelled","Physical Health","Sleep",142,"ok","high",TRUE,4,"t4","T4","hlt_pdss_08","hlt_pdss_08",TRUE
"h4l15","hlt_pdss_cat_t4","T4 PDSS categories for excessive daytime sleepiness","numeric","Physical Health","Sleep",143,"ok","high",TRUE,4,"t4","T4","hlt_pdss_cat",NA,FALSE
"h4l15","htl_pdss_sum_t4","T4 Total PDSS score","numeric","Physical Health","Sleep",144,"ok","high",TRUE,4,"t4","T4","htl_pdss_sum",NA,FALSE
"h4l15","htl_pdss_sum_pror_t4","T4 Total PDSS score prorated","numeric","Physical Health","Sleep",145,"ok","high",TRUE,4,"t4","T4","htl_pdss_sum_pror",NA,FALSE
"h4l15","hlt_pdss_03_rev_t4","T4_PDSS3r","numeric","Physical Health","Sleep",146,"ok","high",TRUE,4,"t4","T4","hlt_pdss_03_rev",NA,FALSE
"h4l15","hlt_pdss_cat_t5","T5 PDSS categories for excessive daytime sleepiness","numeric","Physical Health","Sleep",147,"ok","high",TRUE,5,"t5","T5","hlt_pdss_cat",NA,FALSE
"h4l15","hlt_pdss_sum_t5","T5 Total PDSS score","numeric","Physical Health","Sleep",148,"ok","high",TRUE,5,"t5","T5","hlt_pdss_sum",NA,FALSE
"h4l15","hlt_pdss_sum_pror_t5","T5 Total PDSS score prorated","numeric","Physical Health","Sleep",149,"ok","high",TRUE,5,"t5","T5","hlt_pdss_sum_pror",NA,FALSE
"h4l15","hlt_pdss_03_rev_t5","T5 pdss item 3 reverse coded","numeric","Physical Health","Sleep",150,"ok","high",TRUE,5,"t5","T5","hlt_pdss_03_rev",NA,FALSE
"h4l15","ses_fas_02_t5","Do you have your own bedroom for yourself?","haven_labelled","Socio-Economic Status","Housing",1,"ok","high",TRUE,5,"t5","T5","ses_fas_02","ses_fas_02",TRUE
"h4l15","ses_fas_04_t5","How many bathrooms (room with a bath or shower) are in your home?","haven_labelled","Socio-Economic Status","Housing",2,"ok","high",TRUE,5,"t5","T5","ses_fas_04","ses_fas_04",TRUE
"h4l15","ses_fas_02_t1","T1 Do you have your own bedroom for yourself?","haven_labelled","Socio-Economic Status","Housing",3,"ok","high",TRUE,1,"t1","T1","ses_fas_02","ses_fas_02",TRUE
"h4l15","ses_fas_04_t1","T1 How many bathrooms (room with a bath or shower) are in your home?","haven_labelled","Socio-Economic Status","Housing",4,"ok","high",TRUE,1,"t1","T1","ses_fas_04","ses_fas_04",TRUE
"h4l15","ses_fas_05_t5","Does your family have a dishwasher at home?","haven_labelled","Socio-Economic Status","Income and Finances",5,"ok","high",TRUE,5,"t5","T5","ses_fas_05","ses_fas_05",TRUE
"h4l15","ses_fas_01_t5","Does your family own a car, van or truck?","haven_labelled","Socio-Economic Status","Income and Finances",6,"ok","high",TRUE,5,"t5","T5","ses_fas_01","ses_fas_01",TRUE
"h4l15","ses_fas_03_t5","How many computers does your family own (including laptops and tablets, not including game consoles and smartphones)?","haven_labelled","Socio-Economic Status","Income and Finances",7,"ok","high",TRUE,5,"t5","T5","ses_fas_03","ses_fas_03",TRUE
"h4l15","ses_fas_06_t5","How many times did you and your family travel out of Australia for holidays last year?","haven_labelled","Socio-Economic Status","Income and Finances",8,"ok","high",TRUE,5,"t5","T5","ses_fas_06","ses_fas_06",TRUE
"h4l15","ses_fas_05_t1","T1 Does your family have a dishwasher at home?","haven_labelled","Socio-Economic Status","Income and Finances",9,"ok","high",TRUE,1,"t1","T1","ses_fas_05","ses_fas_05",TRUE
"h4l15","ses_fas_01_t1","T1 Does your family own a car, van or truck?","haven_labelled","Socio-Economic Status","Income and Finances",10,"ok","high",TRUE,1,"t1","T1","ses_fas_01","ses_fas_01",TRUE
"h4l15","ses_fas_sum_t1","T1 Family affulance scale 3 total score","numeric","Socio-Economic Status","Income and Finances",11,"ok","high",TRUE,1,"t1","T1","ses_fas_sum",NA,FALSE
"h4l15","ses_fas_ridit_T1","T1 Family affulance scale RIDIT scores","numeric","Socio-Economic Status","Income and Finances",12,"ok","high",TRUE,1,"T1","T1","ses_fas_ridit",NA,FALSE
"h4l15","ses_fas_03_t1","T1 How many computers does your family own (including laptops and tablets, not including game consoles and smartphones)?","haven_labelled","Socio-Economic Status","Income and Finances",13,"ok","high",TRUE,1,"t1","T1","ses_fas_03","ses_fas_03",TRUE
"h4l15","ses_fas_06_t1","T1 How many times did you and your family travel out of Australia for holidays last year?","haven_labelled","Socio-Economic Status","Income and Finances",14,"ok","high",TRUE,1,"t1","T1","ses_fas_06","ses_fas_06",TRUE
"h4l15","ses_fas_cat_t1","T1 Relative socio-economic status based on FAS-3 RIDIT scores","haven_labelled","Socio-Economic Status","Income and Finances",15,"ok","high",TRUE,1,"t1","T1","ses_fas_cat","ses_fas_cat",TRUE
"h4l15","ses_fas_up80_t1","T1 SES with upper 80%","haven_labelled","Socio-Economic Status","Income and Finances",16,"ok","high",TRUE,1,"t1","T1","ses_fas_up80","ses_fas_up80",TRUE
"h4l15","ses_ra_t1","T1 ABS Remoteness area code based on school postcode","haven_labelled","Socio-Economic Status","Social Disadvantage",17,"ok","high",TRUE,1,"t1","T1","ses_ra","ses_ra",TRUE
"h4l15","ses_icsea_t1","T1 School ICSEA score","numeric","Socio-Economic Status","Social Disadvantage",18,"ok","high",TRUE,1,"t1","T1","ses_icsea",NA,FALSE
"h4l15","ses_schtype_t1","T1 School type","haven_labelled","Socio-Economic Status","Social Disadvantage",19,"ok","high",TRUE,1,"t1","T1","ses_schtype","ses_schtype",TRUE
"cap17","ses_schtype_t3","T3 School Type","haven_labelled","Socio-Economic Status","Social Disadvantage",20,"ok","high",TRUE,3,"t3","T3","ses_schtype","ses_schtype",TRUE
"cap17","ses_schtype_t4","T4 School Type","haven_labelled","Socio-Economic Status","Social Disadvantage",21,"ok","high",TRUE,4,"t4","T4","ses_schtype","ses_schtype",TRUE
"cap17","ses_schtype_t5","T5 School Type","haven_labelled","Socio-Economic Status","Social Disadvantage",22,"ok","high",TRUE,5,"t5","T5","ses_schtype","ses_schtype",TRUE
"cap17","ses_schtype_t1","Time 1 School Type","haven_labelled","Socio-Economic Status","Social Disadvantage",23,"ok","high",TRUE,1,"t1","T1","ses_schtype","ses_schtype",TRUE
"cap17","ses_schtype_t2","Time 2 School Type","haven_labelled","Socio-Economic Status","Social Disadvantage",24,"ok","high",TRUE,2,"t2","T2","ses_schtype","ses_schtype",TRUE
"cap17","sub_alc_int_t1","T1 Alcohol Intentions","haven_labelled","Substance Use","Alcohol",1,"ok","high",TRUE,1,"t1","T1","sub_alc_int","sub_alc_int",TRUE
"cap17","sub_alc_sip_age_t1","T1- Age first sip of alcohol","haven_labelled","Substance Use","Alcohol",2,"ok","high",TRUE,1,"t1","T1","sub_alc_sip_age","sub_alc_sip_age",TRUE
"cap17","sub_alc_full_6m_t1","T1- Have you had a std alcoholic drink in the past 6 months?","haven_labelled","Substance Use","Alcohol",3,"ok","high",TRUE,1,"t1","T1","sub_alc_full_6m","sub_alc_full_6m",TRUE
"cap17","sub_alc_drunk_age_t1","T1-Age first drunk","haven_labelled","Substance Use","Alcohol",4,"ok","high",TRUE,1,"t1","T1","sub_alc_drunk_age","sub_alc_drunk_age",TRUE
"cap17","sub_alc_full_age_t1","T1-Age first full alcoholic drink","haven_labelled","Substance Use","Alcohol",5,"ok","high",TRUE,1,"t1","T1","sub_alc_full_age","sub_alc_full_age",TRUE
"cap17","sub_alc_binge_age_t1","T1-Age first had 5+ std alcohol drinks on one occasion?","haven_labelled","Substance Use","Alcohol",6,"ok","high",TRUE,1,"t1","T1","sub_alc_binge_age","sub_alc_binge_age",TRUE
"cap17","sub_alc_att_05_t1","T1-Alcohol education should aim to stop young people from drinking","haven_labelled","Substance Use","Alcohol",7,"ok","high",TRUE,1,"t1","T1","sub_alc_att_05","sub_alc_att_05",TRUE
"cap17","sub_alc_int_raw_t1","T1-Future Intentions Alcohol","haven_labelled","Substance Use","Alcohol",8,"ok","high",TRUE,1,"t1","T1","sub_alc_int_raw","sub_alc_int_raw",TRUE
"cap17","sub_alc_sup_6m_t1","T1-Have you consumed any alcohol (even a sip or taste) in past 6 mnths?","haven_labelled","Substance Use","Alcohol",9,"ok","high",TRUE,1,"t1","T1","sub_alc_sup_6m","sub_alc_sup_6m",TRUE
"cap17","sub_alc_full_6m_freq_t1","T1-How often did you have a std alcoholic drink of any kind in the past 6 mths?","haven_labelled","Substance Use","Alcohol",10,"ok","high",TRUE,1,"t1","T1","sub_alc_full_6m_freq","sub_alc_full_6m_freq",TRUE
"cap17","sub_alc_binge_6m_t1","T1-How often do you have 5+ std drinks in the past 6 mths?","haven_labelled","Substance Use","Alcohol",11,"ok","high",TRUE,1,"t1","T1","sub_alc_binge_6m","sub_alc_binge_6m",TRUE
"cap17","sub_alc_att_08_t1","T1-I feel confident about being able to make safe decisions in regards to alcohol use","haven_labelled","Substance Use","Alcohol",12,"ok","high",TRUE,1,"t1","T1","sub_alc_att_08","sub_alc_att_08",TRUE
"cap17","sub_alc_att_02_t1","T1-I know a lot about alcohol","haven_labelled","Substance Use","Alcohol",13,"ok","high",TRUE,1,"t1","T1","sub_alc_att_02","sub_alc_att_02",TRUE
"cap17","sub_alc_att_06_t1","T1-I think that there are harms that can come from drinking","haven_labelled","Substance Use","Alcohol",14,"ok","high",TRUE,1,"t1","T1","sub_alc_att_06","sub_alc_att_06",TRUE
"cap17","sub_alc_att_01_t1","T1-I would accept a lift from a person who had been drinking a lot","haven_labelled","Substance Use","Alcohol",15,"ok","high",TRUE,1,"t1","T1","sub_alc_att_01","sub_alc_att_01",TRUE
"cap17","sub_alc_full_6m_qty_raw_t1","T1-In the past 6 mths, how many std drinks on a typical day?","haven_labelled","Substance Use","Alcohol",16,"ok","high",TRUE,1,"t1","T1","sub_alc_full_6m_qty_raw","sub_alc_full_6m_qty_raw",TRUE
"cap17","sub_alc_att_04_t1","T1-It's OK for young people to drink alcohol as long as they are doing it safely","haven_labelled","Substance Use","Alcohol",17,"ok","high",TRUE,1,"t1","T1","sub_alc_att_04","sub_alc_att_04",TRUE
"cap17","sub_alc_att_03_t1","T1-People my age have a good time at parties when they get drunk","haven_labelled","Substance Use","Alcohol",18,"ok","high",TRUE,1,"t1","T1","sub_alc_att_03","sub_alc_att_03",TRUE
"cap17","sub_alc_att_09_t1","T1-Sometimes I plan to get drunk","haven_labelled","Substance Use","Alcohol",19,"ok","high",TRUE,1,"t1","T1","sub_alc_att_09","sub_alc_att_09",TRUE
"cap17","sub_alc_friends_drink_t1","T1-What proportion of friends/aquaintances drink any alcohol at all (even a sip)?","haven_labelled","Substance Use","Alcohol",20,"ok","high",TRUE,1,"t1","T1","sub_alc_friends_drink","sub_alc_friends_drink",TRUE
"cap17","sub_alc_friends_drunk_t1","T1-What proportion of your friends/acquaintances drink alcohol to get drunk?","haven_labelled","Substance Use","Alcohol",21,"ok","high",TRUE,1,"t1","T1","sub_alc_friends_drunk","sub_alc_friends_drunk",TRUE
"cap17","sub_alc_att_07_t1","T1-Young people can enjoy alcohol without getting drunk","haven_labelled","Substance Use","Alcohol",22,"ok","high",TRUE,1,"t1","T1","sub_alc_att_07","sub_alc_att_07",TRUE
"cap17","sub_alc_sip_age_t2","T2- Age first sip of alcohol","haven_labelled","Substance Use","Alcohol",23,"ok","high",TRUE,2,"t2","T2","sub_alc_sip_age","sub_alc_sip_age",TRUE
"cap17","sub_alc_full_6m_t2","T2- Have you had a std alcoholic drink in the past 6 months?","haven_labelled","Substance Use","Alcohol",24,"ok","high",TRUE,2,"t2","T2","sub_alc_full_6m","sub_alc_full_6m",TRUE
"cap17","sub_alc_drunk_age_t2","T2-Age first drunk","haven_labelled","Substance Use","Alcohol",25,"ok","high",TRUE,2,"t2","T2","sub_alc_drunk_age","sub_alc_drunk_age",TRUE
"cap17","sub_alc_full_age_t2","T2-Age first full alcoholic drink","haven_labelled","Substance Use","Alcohol",26,"ok","high",TRUE,2,"t2","T2","sub_alc_full_age","sub_alc_full_age",TRUE
"cap17","sub_alc_binge_age_t2","T2-Age first had 5+ std alcohol drinks on one occasion?","haven_labelled","Substance Use","Alcohol",27,"ok","high",TRUE,2,"t2","T2","sub_alc_binge_age","sub_alc_binge_age",TRUE
"cap17","sub_alc_att_05_t2","T2-Alcohol education should aim to stop young people from drinking","haven_labelled","Substance Use","Alcohol",28,"ok","high",TRUE,2,"t2","T2","sub_alc_att_05","sub_alc_att_05",TRUE
"cap17","sub_alc_int_raw_t2","T2-Future Intentions Alcohol","haven_labelled","Substance Use","Alcohol",29,"ok","high",TRUE,2,"t2","T2","sub_alc_int_raw","sub_alc_int_raw",TRUE
"cap17","sub_alc_sup_6m_t2","T2-Have you consumed any alcohol (even a sip or taste) in past 6 mnths?","haven_labelled","Substance Use","Alcohol",30,"ok","high",TRUE,2,"t2","T2","sub_alc_sup_6m","sub_alc_sup_6m",TRUE
"cap17","sub_alc_full_6m_freq_t2","T2-How often did you have a std alcoholic drink of any kind in the past 6 mths?","haven_labelled","Substance Use","Alcohol",31,"ok","high",TRUE,2,"t2","T2","sub_alc_full_6m_freq","sub_alc_full_6m_freq",TRUE
"cap17","sub_alc_binge_6m_t2","T2-How often do you have 5+ std drinks in the past 6 mths?","haven_labelled","Substance Use","Alcohol",32,"ok","high",TRUE,2,"t2","T2","sub_alc_binge_6m","sub_alc_binge_6m",TRUE
"cap17","sub_alc_att_08_t2","T2-I feel confident about being able to make safe decisions in regards to alcohol use","haven_labelled","Substance Use","Alcohol",33,"ok","high",TRUE,2,"t2","T2","sub_alc_att_08","sub_alc_att_08",TRUE
"cap17","sub_alc_att_02_t2","T2-I know a lot about alcohol","haven_labelled","Substance Use","Alcohol",34,"ok","high",TRUE,2,"t2","T2","sub_alc_att_02","sub_alc_att_02",TRUE
"cap17","sub_alc_att_06_t2","T2-I think that there are harms that can come from drinking","haven_labelled","Substance Use","Alcohol",35,"ok","high",TRUE,2,"t2","T2","sub_alc_att_06","sub_alc_att_06",TRUE
"cap17","sub_alc_att_01_t2","T2-I would accept a lift from a person who had been drinking a lot","haven_labelled","Substance Use","Alcohol",36,"ok","high",TRUE,2,"t2","T2","sub_alc_att_01","sub_alc_att_01",TRUE
"cap17","sub_alc_full_6m_qty_raw_t2","T2-In the past 6 mths, how many std drinks on a typical day?","haven_labelled","Substance Use","Alcohol",37,"ok","high",TRUE,2,"t2","T2","sub_alc_full_6m_qty_raw","sub_alc_full_6m_qty_raw",TRUE
"cap17","sub_alc_att_04_t2","T2-It's OK for young people to drink alcohol as long as they are doing it safely","haven_labelled","Substance Use","Alcohol",38,"ok","high",TRUE,2,"t2","T2","sub_alc_att_04","sub_alc_att_04",TRUE
"cap17","sub_alc_att_03_t2","T2-People my age have a good time at parties when they get drunk","haven_labelled","Substance Use","Alcohol",39,"ok","high",TRUE,2,"t2","T2","sub_alc_att_03","sub_alc_att_03",TRUE
"cap17","sub_alc_att_09_t2","T2-Sometimes I plan to get drunk","haven_labelled","Substance Use","Alcohol",40,"ok","high",TRUE,2,"t2","T2","sub_alc_att_09","sub_alc_att_09",TRUE
"cap17","sub_alc_friends_drink_t2","T2-What proportion of friends/aquaintances drink any alcohol at all (even a sip)?","haven_labelled","Substance Use","Alcohol",41,"ok","high",TRUE,2,"t2","T2","sub_alc_friends_drink","sub_alc_friends_drink",TRUE
"cap17","sub_alc_friends_drunk_t2","T2-What proportion of your friends/acquaintances drink alcohol to get drunk?","haven_labelled","Substance Use","Alcohol",42,"ok","high",TRUE,2,"t2","T2","sub_alc_friends_drunk","sub_alc_friends_drunk",TRUE
"cap17","sub_alc_att_07_t2","T2-Young people can enjoy alcohol without getting drunk","haven_labelled","Substance Use","Alcohol",43,"ok","high",TRUE,2,"t2","T2","sub_alc_att_07","sub_alc_att_07",TRUE
"cap17","sub_alc_att_sum7_t3","T3 AA7 Total Score","numeric","Substance Use","Alcohol",44,"ok","high",TRUE,3,"t3","T3","sub_alc_att_sum7",NA,FALSE
"cap17","sub_alc_att_sum9_t3","T3 AA9 Total Score","numeric","Substance Use","Alcohol",45,"ok","high",TRUE,3,"t3","T3","sub_alc_att_sum9",NA,FALSE
"cap17","sub_alc_int_t3","T3 Alcohol Intentions","haven_labelled","Substance Use","Alcohol",46,"ok","high",TRUE,3,"t3","T3","sub_alc_int","sub_alc_int",TRUE
"cap17","sub_alc_sip_age_t3","T3- Age first sip of alcohol","haven_labelled","Substance Use","Alcohol",47,"ok","high",TRUE,3,"t3","T3","sub_alc_sip_age","sub_alc_sip_age",TRUE
"cap17","sub_alc_full_6m_t3","T3- Have you had a std alcoholic drink in the past 6 months?","haven_labelled","Substance Use","Alcohol",48,"ok","high",TRUE,3,"t3","T3","sub_alc_full_6m","sub_alc_full_6m",TRUE
"cap17","sub_alc_drunk_age_t3","T3-Age first drunk","haven_labelled","Substance Use","Alcohol",49,"ok","high",TRUE,3,"t3","T3","sub_alc_drunk_age","sub_alc_drunk_age",TRUE
"cap17","sub_alc_full_age_t3","T3-Age first full alcoholic drink","haven_labelled","Substance Use","Alcohol",50,"ok","high",TRUE,3,"t3","T3","sub_alc_full_age","sub_alc_full_age",TRUE
"cap17","sub_alc_binge_age_t3","T3-Age first had 5+ std alcohol drinks on one occasion?","haven_labelled","Substance Use","Alcohol",51,"ok","high",TRUE,3,"t3","T3","sub_alc_binge_age","sub_alc_binge_age",TRUE
"cap17","sub_alc_att_05_t3","T3-Alcohol education should aim to stop young people from drinking","haven_labelled","Substance Use","Alcohol",52,"ok","high",TRUE,3,"t3","T3","sub_alc_att_05","sub_alc_att_05",TRUE
"cap17","sub_alc_int_raw_t3","T3-Future Intentions Alcohol","haven_labelled","Substance Use","Alcohol",53,"ok","high",TRUE,3,"t3","T3","sub_alc_int_raw","sub_alc_int_raw",TRUE
"cap17","sub_alc_sup_6m_t3","T3-Have you consumed any alcohol (even a sip or taste) in past 6 mnths?","haven_labelled","Substance Use","Alcohol",54,"ok","high",TRUE,3,"t3","T3","sub_alc_sup_6m","sub_alc_sup_6m",TRUE
"cap17","sub_alc_full_6m_freq_t3","T3-How often did you have a std alcoholic drink of any kind in the past 6 mths?","haven_labelled","Substance Use","Alcohol",55,"ok","high",TRUE,3,"t3","T3","sub_alc_full_6m_freq","sub_alc_full_6m_freq",TRUE
"cap17","sub_alc_binge_6m_t3","T3-How often do you have 5+ std drinks in the past 6 mths?","haven_labelled","Substance Use","Alcohol",56,"ok","high",TRUE,3,"t3","T3","sub_alc_binge_6m","sub_alc_binge_6m",TRUE
"cap17","sub_alc_att_08_t3","T3-I feel confident about being able to make safe decisions in regards to alcohol use","haven_labelled","Substance Use","Alcohol",57,"ok","high",TRUE,3,"t3","T3","sub_alc_att_08","sub_alc_att_08",TRUE
"cap17","sub_alc_att_02_t3","T3-I know a lot about alcohol","haven_labelled","Substance Use","Alcohol",58,"ok","high",TRUE,3,"t3","T3","sub_alc_att_02","sub_alc_att_02",TRUE
"cap17","sub_alc_att_06_t3","T3-I think that there are harms that can come from drinking","haven_labelled","Substance Use","Alcohol",59,"ok","high",TRUE,3,"t3","T3","sub_alc_att_06","sub_alc_att_06",TRUE
"cap17","sub_alc_att_01_t3","T3-I would accept a lift from a person who had been drinking a lot","haven_labelled","Substance Use","Alcohol",60,"ok","high",TRUE,3,"t3","T3","sub_alc_att_01","sub_alc_att_01",TRUE
"cap17","sub_alc_full_6m_qty_raw_t3","T3-In the past 6 mths, how many std drinks on a typical day?","haven_labelled","Substance Use","Alcohol",61,"ok","high",TRUE,3,"t3","T3","sub_alc_full_6m_qty_raw","sub_alc_full_6m_qty_raw",TRUE
"cap17","sub_alc_att_04_t3","T3-It's OK for young people to drink alcohol as long as they are doing it safely","haven_labelled","Substance Use","Alcohol",62,"ok","high",TRUE,3,"t3","T3","sub_alc_att_04","sub_alc_att_04",TRUE
"cap17","sub_alc_att_03_t3","T3-People my age have a good time at parties when they get drunk","haven_labelled","Substance Use","Alcohol",63,"ok","high",TRUE,3,"t3","T3","sub_alc_att_03","sub_alc_att_03",TRUE
"cap17","sub_alc_att_09_t3","T3-Sometimes I plan to get drunk","haven_labelled","Substance Use","Alcohol",64,"ok","high",TRUE,3,"t3","T3","sub_alc_att_09","sub_alc_att_09",TRUE
"cap17","sub_alc_friends_drink_t3","T3-What proportion of friends/aquaintances drink any alcohol at all (even a sip)?","haven_labelled","Substance Use","Alcohol",65,"ok","high",TRUE,3,"t3","T3","sub_alc_friends_drink","sub_alc_friends_drink",TRUE
"cap17","sub_alc_friends_drunk_t3","T3-What proportion of your friends/acquaintances drink alcohol to get drunk?","haven_labelled","Substance Use","Alcohol",66,"ok","high",TRUE,3,"t3","T3","sub_alc_friends_drunk","sub_alc_friends_drunk",TRUE
"cap17","sub_alc_att_07_t3","T3-Young people can enjoy alcohol without getting drunk","haven_labelled","Substance Use","Alcohol",67,"ok","high",TRUE,3,"t3","T3","sub_alc_att_07","sub_alc_att_07",TRUE
"cap17","sub_alc_att_sum7_t4","T4 AA7 Total Score","numeric","Substance Use","Alcohol",68,"ok","high",TRUE,4,"t4","T4","sub_alc_att_sum7",NA,FALSE
"cap17","sub_alc_att_sum9_t4","T4 AA9 Total Score","numeric","Substance Use","Alcohol",69,"ok","high",TRUE,4,"t4","T4","sub_alc_att_sum9",NA,FALSE
"cap17","sub_alc_int_t4","T4 Alcohol Intentions","haven_labelled","Substance Use","Alcohol",70,"ok","high",TRUE,4,"t4","T4","sub_alc_int","sub_alc_int",TRUE
"cap17","sub_alc_full_qxf_t4","T4 Alcohol Quantity x Frequency (times per month)","numeric","Substance Use","Alcohol",71,"ok","high",TRUE,4,"t4","T4","sub_alc_full_qxf",NA,FALSE
"cap17","sub_alc_full_6m_qty_t4","T4 Average daily quantity in standard drinks in past 6 months","numeric","Substance Use","Alcohol",72,"ok","high",TRUE,4,"t4","T4","sub_alc_full_6m_qty",NA,FALSE
"cap17","sub_alc_drunk_t4","T4 Ever been drunk","haven_labelled","Substance Use","Alcohol",73,"ok","high",TRUE,4,"t4","T4","sub_alc_drunk","sub_alc_drunk",TRUE
"cap17","sub_alc_binge_t4","T4 Ever had 5 or more standard drinks on one occassion","haven_labelled","Substance Use","Alcohol",74,"ok","high",TRUE,4,"t4","T4","sub_alc_binge","sub_alc_binge",TRUE
"cap17","sub_alc_full_t4","T4 Ever had a full serve of alcohol","haven_labelled","Substance Use","Alcohol",75,"ok","high",TRUE,4,"t4","T4","sub_alc_full","sub_alc_full",TRUE
"cap17","sub_alc_sip_t4","T4 Ever had a sip of alcohol","haven_labelled","Substance Use","Alcohol",76,"ok","high",TRUE,4,"t4","T4","sub_alc_sip","sub_alc_sip",TRUE
"cap17","sub_alc_sip_age_t4","T4- Age first sip of alcohol","haven_labelled","Substance Use","Alcohol",77,"ok","high",TRUE,4,"t4","T4","sub_alc_sip_age","sub_alc_sip_age",TRUE
"cap17","sub_alc_full_6m_t4","T4- Have you had a std alcoholic drink in the past 6 months?","haven_labelled","Substance Use","Alcohol",78,"ok","high",TRUE,4,"t4","T4","sub_alc_full_6m","sub_alc_full_6m",TRUE
"cap17","sub_alc_drunk_age_t4","T4-Age first drunk","haven_labelled","Substance Use","Alcohol",79,"ok","high",TRUE,4,"t4","T4","sub_alc_drunk_age","sub_alc_drunk_age",TRUE
"cap17","sub_alc_full_age_t4","T4-Age first full alcoholic drink","haven_labelled","Substance Use","Alcohol",80,"ok","high",TRUE,4,"t4","T4","sub_alc_full_age","sub_alc_full_age",TRUE
"cap17","sub_alc_binge_age_t4","T4-Age first had 5+ std alcohol drinks on one occasion?","haven_labelled","Substance Use","Alcohol",81,"ok","high",TRUE,4,"t4","T4","sub_alc_binge_age","sub_alc_binge_age",TRUE
"cap17","sub_alc_att_05_t4","T4-Alcohol education should aim to stop young people from drinking","haven_labelled","Substance Use","Alcohol",82,"ok","high",TRUE,4,"t4","T4","sub_alc_att_05","sub_alc_att_05",TRUE
"cap17","sub_alc_int_raw_t4","T4-Future Intentions Alcohol","haven_labelled","Substance Use","Alcohol",83,"ok","high",TRUE,4,"t4","T4","sub_alc_int_raw","sub_alc_int_raw",TRUE
"cap17","sub_alc_sup_6m_t4","T4-Have you consumed any alcohol (even a sip or taste) in past 6 mnths?","haven_labelled","Substance Use","Alcohol",84,"ok","high",TRUE,4,"t4","T4","sub_alc_sup_6m","sub_alc_sup_6m",TRUE
"cap17","sub_alc_full_6m_freq_t4","T4-How often did you have a std alcoholic drink of any kind in the past 6 mths?","haven_labelled","Substance Use","Alcohol",85,"ok","high",TRUE,4,"t4","T4","sub_alc_full_6m_freq","sub_alc_full_6m_freq",TRUE
"cap17","sub_alc_binge_6m_t4","T4-How often do you have 5+ std drinks in the past 6 mths?","haven_labelled","Substance Use","Alcohol",86,"ok","high",TRUE,4,"t4","T4","sub_alc_binge_6m","sub_alc_binge_6m",TRUE
"cap17","sub_alc_att_08_t4","T4-I feel confident about being able to make safe decisions in regards to alcohol use","haven_labelled","Substance Use","Alcohol",87,"ok","high",TRUE,4,"t4","T4","sub_alc_att_08","sub_alc_att_08",TRUE
"cap17","sub_alc_att_02_t4","T4-I know a lot about alcohol","haven_labelled","Substance Use","Alcohol",88,"ok","high",TRUE,4,"t4","T4","sub_alc_att_02","sub_alc_att_02",TRUE
"cap17","sub_alc_att_06_t4","T4-I think that there are harms that can come from drinking","haven_labelled","Substance Use","Alcohol",89,"ok","high",TRUE,4,"t4","T4","sub_alc_att_06","sub_alc_att_06",TRUE
"cap17","sub_alc_att_01_t4","T4-I would accept a lift from a person who had been drinking a lot","haven_labelled","Substance Use","Alcohol",90,"ok","high",TRUE,4,"t4","T4","sub_alc_att_01","sub_alc_att_01",TRUE
"cap17","sub_alc_full_6m_qty_raw_t4","T4-In the past 6 mths, how many std drinks on a typical day?","haven_labelled","Substance Use","Alcohol",91,"ok","high",TRUE,4,"t4","T4","sub_alc_full_6m_qty_raw","sub_alc_full_6m_qty_raw",TRUE
"cap17","sub_alc_att_04_t4","T4-It's OK for young people to drink alcohol as long as they are doing it safely","haven_labelled","Substance Use","Alcohol",92,"ok","high",TRUE,4,"t4","T4","sub_alc_att_04","sub_alc_att_04",TRUE
"cap17","sub_alc_att_03_t4","T4-People my age have a good time at parties when they get drunk","haven_labelled","Substance Use","Alcohol",93,"ok","high",TRUE,4,"t4","T4","sub_alc_att_03","sub_alc_att_03",TRUE
"cap17","sub_alc_att_09_t4","T4-Sometimes I plan to get drunk","haven_labelled","Substance Use","Alcohol",94,"ok","high",TRUE,4,"t4","T4","sub_alc_att_09","sub_alc_att_09",TRUE
"cap17","sub_alc_friends_drink_t4","T4-What proportion of friends/aquaintances drink any alcohol at all (even a sip)?","haven_labelled","Substance Use","Alcohol",95,"ok","high",TRUE,4,"t4","T4","sub_alc_friends_drink","sub_alc_friends_drink",TRUE
"cap17","sub_alc_friends_drunk_t4","T4-What proportion of your friends/acquaintances drink alcohol to get drunk?","haven_labelled","Substance Use","Alcohol",96,"ok","high",TRUE,4,"t4","T4","sub_alc_friends_drunk","sub_alc_friends_drunk",TRUE
"cap17","sub_alc_att_07_t4","T4-Young people can enjoy alcohol without getting drunk","haven_labelled","Substance Use","Alcohol",97,"ok","high",TRUE,4,"t4","T4","sub_alc_att_07","sub_alc_att_07",TRUE
"cap17","sub_alc_att_sum7_t5","T5 AA7 Total Score","numeric","Substance Use","Alcohol",98,"ok","high",TRUE,5,"t5","T5","sub_alc_att_sum7",NA,FALSE
"cap17","sub_alc_att_sum9_t5","T5 AA9 Total Score","numeric","Substance Use","Alcohol",99,"ok","high",TRUE,5,"t5","T5","sub_alc_att_sum9",NA,FALSE
"cap17","sub_alc_int_t5","T5 Alcohol Intentions","haven_labelled","Substance Use","Alcohol",100,"ok","high",TRUE,5,"t5","T5","sub_alc_int","sub_alc_int",TRUE
"cap17","sub_alc_full_qxf_t5","T5 Alcohol Quantity x Frequency (times per month)","numeric","Substance Use","Alcohol",101,"ok","high",TRUE,5,"t5","T5","sub_alc_full_qxf",NA,FALSE
"cap17","sub_alc_full_6m_qty_t5","T5 Average daily quantity in standard drinks in past 6 months","numeric","Substance Use","Alcohol",102,"ok","high",TRUE,5,"t5","T5","sub_alc_full_6m_qty",NA,FALSE
"cap17","sub_alc_drunk_t5","T5 Ever been drunk","haven_labelled","Substance Use","Alcohol",103,"ok","high",TRUE,5,"t5","T5","sub_alc_drunk","sub_alc_drunk",TRUE
"cap17","sub_alc_binge_t5","T5 Ever had 5 or more standard drinks on one occassion","haven_labelled","Substance Use","Alcohol",104,"ok","high",TRUE,5,"t5","T5","sub_alc_binge","sub_alc_binge",TRUE
"cap17","sub_alc_full_t5","T5 Ever had a full serve of alcohol","haven_labelled","Substance Use","Alcohol",105,"ok","high",TRUE,5,"t5","T5","sub_alc_full","sub_alc_full",TRUE
"cap17","sub_alc_sip_t5","T5 Ever had a sip of alcohol","haven_labelled","Substance Use","Alcohol",106,"ok","high",TRUE,5,"t5","T5","sub_alc_sip","sub_alc_sip",TRUE
"cap17","sub_alc_sip_age_t5","T5- Age first sip of alcohol","haven_labelled","Substance Use","Alcohol",107,"ok","high",TRUE,5,"t5","T5","sub_alc_sip_age","sub_alc_sip_age",TRUE
"cap17","sub_alc_full_6m_t5","T5- Have you had a std alcoholic drink in the past 6 months?","haven_labelled","Substance Use","Alcohol",108,"ok","high",TRUE,5,"t5","T5","sub_alc_full_6m","sub_alc_full_6m",TRUE
"cap17","sub_alc_drunk_age_t5","T5-Age first drunk","haven_labelled","Substance Use","Alcohol",109,"ok","high",TRUE,5,"t5","T5","sub_alc_drunk_age","sub_alc_drunk_age",TRUE
"cap17","sub_alc_full_age_t5","T5-Age first full alcoholic drink","haven_labelled","Substance Use","Alcohol",110,"ok","high",TRUE,5,"t5","T5","sub_alc_full_age","sub_alc_full_age",TRUE
"cap17","sub_alc_binge_age_t5","T5-Age first had 5+ std alcohol drinks on one occasion?","haven_labelled","Substance Use","Alcohol",111,"ok","high",TRUE,5,"t5","T5","sub_alc_binge_age","sub_alc_binge_age",TRUE
"cap17","sub_alc_att_05_t5","T5-Alcohol education should aim to stop young people from drinking","haven_labelled","Substance Use","Alcohol",112,"ok","high",TRUE,5,"t5","T5","sub_alc_att_05","sub_alc_att_05",TRUE
"cap17","sub_alc_int_raw_t5","T5-Future Intentions Alcohol","haven_labelled","Substance Use","Alcohol",113,"ok","high",TRUE,5,"t5","T5","sub_alc_int_raw","sub_alc_int_raw",TRUE
"cap17","sub_alc_sup_6m_t5","T5-Have you consumed any alcohol (even a sip or taste) in past 6 mnths?","haven_labelled","Substance Use","Alcohol",114,"ok","high",TRUE,5,"t5","T5","sub_alc_sup_6m","sub_alc_sup_6m",TRUE
"cap17","sub_alc_full_6m_freq_t5","T5-How often did you have a std alcoholic drink of any kind in the past 6 mths?","haven_labelled","Substance Use","Alcohol",115,"ok","high",TRUE,5,"t5","T5","sub_alc_full_6m_freq","sub_alc_full_6m_freq",TRUE
"cap17","sub_alc_binge_6m_t5","T5-How often do you have 5+ std drinks in the past 6 mths?","haven_labelled","Substance Use","Alcohol",116,"ok","high",TRUE,5,"t5","T5","sub_alc_binge_6m","sub_alc_binge_6m",TRUE
"cap17","sub_alc_att_08_t5","T5-I feel confident about being able to make safe decisions in regards to alcohol use","haven_labelled","Substance Use","Alcohol",117,"ok","high",TRUE,5,"t5","T5","sub_alc_att_08","sub_alc_att_08",TRUE
"cap17","sub_alc_att_02_t5","T5-I know a lot about alcohol","haven_labelled","Substance Use","Alcohol",118,"ok","high",TRUE,5,"t5","T5","sub_alc_att_02","sub_alc_att_02",TRUE
"cap17","sub_alc_att_06_t5","T5-I think that there are harms that can come from drinking","haven_labelled","Substance Use","Alcohol",119,"ok","high",TRUE,5,"t5","T5","sub_alc_att_06","sub_alc_att_06",TRUE
"cap17","sub_alc_att_01_t5","T5-I would accept a lift from a person who had been drinking a lot","haven_labelled","Substance Use","Alcohol",120,"ok","high",TRUE,5,"t5","T5","sub_alc_att_01","sub_alc_att_01",TRUE
"cap17","sub_alc_full_6m_qty_raw_t5","T5-In the past 6 mths, how many std drinks on a typical day?","haven_labelled","Substance Use","Alcohol",121,"ok","high",TRUE,5,"t5","T5","sub_alc_full_6m_qty_raw","sub_alc_full_6m_qty_raw",TRUE
"cap17","sub_alc_att_04_t5","T5-It's OK for young people to drink alcohol as long as they are doing it safely","haven_labelled","Substance Use","Alcohol",122,"ok","high",TRUE,5,"t5","T5","sub_alc_att_04","sub_alc_att_04",TRUE
"cap17","sub_alc_att_03_t5","T5-People my age have a good time at parties when they get drunk","haven_labelled","Substance Use","Alcohol",123,"ok","high",TRUE,5,"t5","T5","sub_alc_att_03","sub_alc_att_03",TRUE
"cap17","sub_alc_att_09_t5","T5-Sometimes I plan to get drunk","haven_labelled","Substance Use","Alcohol",124,"ok","high",TRUE,5,"t5","T5","sub_alc_att_09","sub_alc_att_09",TRUE
"cap17","sub_alc_friends_drink_t5","T5-What proportion of friends/aquaintances drink any alcohol at all (even a sip)?","haven_labelled","Substance Use","Alcohol",125,"ok","high",TRUE,5,"t5","T5","sub_alc_friends_drink","sub_alc_friends_drink",TRUE
"cap17","sub_alc_friends_drunk_t5","T5-What proportion of your friends/acquaintances drink alcohol to get drunk?","haven_labelled","Substance Use","Alcohol",126,"ok","high",TRUE,5,"t5","T5","sub_alc_friends_drunk","sub_alc_friends_drunk",TRUE
"cap17","sub_alc_att_07_t5","T5-Young people can enjoy alcohol without getting drunk","haven_labelled","Substance Use","Alcohol",127,"ok","high",TRUE,5,"t5","T5","sub_alc_att_07","sub_alc_att_07",TRUE
"cap17","sub_alc_att_sum7_t1","Time 1 AA Total Score 7 items","numeric","Substance Use","Alcohol",128,"ok","high",TRUE,1,"t1","T1","sub_alc_att_sum7",NA,FALSE
"cap17","sub_alc_att_sum9_t1","Time 1 AA Total Score 9 items","numeric","Substance Use","Alcohol",129,"ok","high",TRUE,1,"t1","T1","sub_alc_att_sum9",NA,FALSE
"cap17","sub_alc_full_qxf_t1","Time 1 Alcohol Quantity x Frequency (times per month)","numeric","Substance Use","Alcohol",130,"ok","high",TRUE,1,"t1","T1","sub_alc_full_qxf",NA,FALSE
"cap17","sub_alc_full_6m_qty_t1","Time 1 Average daily quantity in standard drinks in past 6 months","numeric","Substance Use","Alcohol",131,"ok","high",TRUE,1,"t1","T1","sub_alc_full_6m_qty",NA,FALSE
"cap17","sub_alc_drunk_t1","Time 1 Ever been drunk","haven_labelled","Substance Use","Alcohol",132,"ok","high",TRUE,1,"t1","T1","sub_alc_drunk","sub_alc_drunk",TRUE
"cap17","sub_alc_binge_t1","Time 1 Ever had 5 or more standard drinks on one occassion","haven_labelled","Substance Use","Alcohol",133,"ok","high",TRUE,1,"t1","T1","sub_alc_binge","sub_alc_binge",TRUE
"cap17","sub_alc_full_t1","Time 1 Ever had a full serve of alcohol","haven_labelled","Substance Use","Alcohol",134,"ok","high",TRUE,1,"t1","T1","sub_alc_full","sub_alc_full",TRUE
"cap17","sub_alc_sip_t1","Time 1 Ever had a sip of alcohol","haven_labelled","Substance Use","Alcohol",135,"ok","high",TRUE,1,"t1","T1","sub_alc_sip","sub_alc_sip",TRUE
"cap17","sub_alc_binge_1m_freq_t1","Time 1 Number of times per month binge drinking","haven_labelled","Substance Use","Alcohol",136,"ok","high",TRUE,1,"t1","T1","sub_alc_binge_1m_freq","sub_alc_binge_1m_freq",TRUE
"cap17","sub_alc_full_1m_freq_t1","Time 1 Number of times per month drinking","haven_labelled","Substance Use","Alcohol",137,"ok","high",TRUE,1,"t1","T1","sub_alc_full_1m_freq","sub_alc_full_1m_freq",TRUE
"cap17","sub_alc_int_t2","Time 2 Alcohol Intentions","haven_labelled","Substance Use","Alcohol",138,"ok","high",TRUE,2,"t2","T2","sub_alc_int","sub_alc_int",TRUE
"cap17","sub_alc_full_qxf_t2","Time 2 Alcohol Quantity x Frequency (times per month)","numeric","Substance Use","Alcohol",139,"ok","high",TRUE,2,"t2","T2","sub_alc_full_qxf",NA,FALSE
"cap17","sub_alc_full_6m_qty_t2","Time 2 Average daily quantity in standard drinks in past 6 months","numeric","Substance Use","Alcohol",140,"ok","high",TRUE,2,"t2","T2","sub_alc_full_6m_qty",NA,FALSE
"cap17","sub_alc_drunk_t2","Time 2 Ever been drunk","haven_labelled","Substance Use","Alcohol",141,"ok","high",TRUE,2,"t2","T2","sub_alc_drunk","sub_alc_drunk",TRUE
"cap17","sub_alc_binge_t2","Time 2 Ever had 5 or more standard drinks on one occassion","haven_labelled","Substance Use","Alcohol",142,"ok","high",TRUE,2,"t2","T2","sub_alc_binge","sub_alc_binge",TRUE
"cap17","sub_alc_full_t2","Time 2 Ever had a full serve of alcohol","haven_labelled","Substance Use","Alcohol",143,"ok","high",TRUE,2,"t2","T2","sub_alc_full","sub_alc_full",TRUE
"cap17","sub_alc_sip_t2","Time 2 Ever had a sip of alcohol","haven_labelled","Substance Use","Alcohol",144,"ok","high",TRUE,2,"t2","T2","sub_alc_sip","sub_alc_sip",TRUE
"cap17","sub_alc_full_1m_freq_t2","Time 2 Number of times per month drinking","haven_labelled","Substance Use","Alcohol",145,"ok","high",TRUE,2,"t2","T2","sub_alc_full_1m_freq","sub_alc_full_1m_freq",TRUE
"cap17","sub_alc_full_qxf_t3","Time 3 Alcohol Quantity x Frequency (times per month)","numeric","Substance Use","Alcohol",146,"ok","high",TRUE,3,"t3","T3","sub_alc_full_qxf",NA,FALSE
"cap17","sub_alc_full_6m_qty_t3","Time 3 Average daily quantity in standard drinks in past 6 months","numeric","Substance Use","Alcohol",147,"ok","high",TRUE,3,"t3","T3","sub_alc_full_6m_qty",NA,FALSE
"cap17","sub_alc_drunk_t3","Time 3 Ever been drunk","haven_labelled","Substance Use","Alcohol",148,"ok","high",TRUE,3,"t3","T3","sub_alc_drunk","sub_alc_drunk",TRUE
"cap17","sub_alc_binge_t3","Time 3 Ever had 5 or more standard drinks on one occassion","haven_labelled","Substance Use","Alcohol",149,"ok","high",TRUE,3,"t3","T3","sub_alc_binge","sub_alc_binge",TRUE
"cap17","sub_alc_full_t3","Time 3 Ever had a full serve of alcohol","haven_labelled","Substance Use","Alcohol",150,"ok","high",TRUE,3,"t3","T3","sub_alc_full","sub_alc_full",TRUE
"cap17","sub_alc_sip_t3","Time 3 Ever had a sip of alcohol","haven_labelled","Substance Use","Alcohol",151,"ok","high",TRUE,3,"t3","T3","sub_alc_sip","sub_alc_sip",TRUE
"cap17","sub_alc_full_1m_freq_t3","Time 3 Number of times per month drinking","haven_labelled","Substance Use","Alcohol",152,"ok","high",TRUE,3,"t3","T3","sub_alc_full_1m_freq","sub_alc_full_1m_freq",TRUE
"cap17","sub_alc_full_1m_freq_t4","Time 4 Number of times per month drinking","haven_labelled","Substance Use","Alcohol",153,"ok","high",TRUE,4,"t4","T4","sub_alc_full_1m_freq","sub_alc_full_1m_freq",TRUE
"cap17","sub_alc_full_1m_freq_t5","Time 5 Number of times per month drinking","haven_labelled","Substance Use","Alcohol",154,"ok","high",TRUE,5,"t5","T5","sub_alc_full_1m_freq","sub_alc_full_1m_freq",TRUE
"cap17","sub_alc_int_t6","Time 6 Alcohol Intentions","haven_labelled","Substance Use","Alcohol",155,"ok","high",TRUE,6,"t6","T6","sub_alc_int","sub_alc_int",TRUE
"cap17","sub_alc_int_t7","Time 7 Alcohol Intentions","haven_labelled","Substance Use","Alcohol",156,"ok","high",TRUE,7,"t7","T7","sub_alc_int","sub_alc_int",TRUE
"cap17","sub_alc_disc_42_t1","T1- Did you have trouble sleeping?","haven_labelled","Substance Use","Harms and Consequences",157,"ok","high",TRUE,1,"t1","T1","sub_alc_disc_42","sub_alc_disc_42",TRUE
"cap17","sub_alc_disc_50_t1","T1- did you ever discover you couldn’t remember things you had said or done while you were drinking?","haven_labelled","Substance Use","Harms and Consequences",158,"ok","high",TRUE,1,"t1","T1","sub_alc_disc_50","sub_alc_disc_50",TRUE
"cap17","sub_alc_disc_25_t1","T1-Could you drink a lot more alcohol than you used to before you got drunk?","haven_labelled","Substance Use","Harms and Consequences",159,"ok","high",TRUE,1,"t1","T1","sub_alc_disc_25","sub_alc_disc_25",TRUE
"cap17","sub_alc_disc_11_t1","T1-Did any of your friends not want to be with you because you were drinking?","haven_labelled","Substance Use","Harms and Consequences",160,"ok","high",TRUE,1,"t1","T1","sub_alc_disc_11","sub_alc_disc_11",TRUE
"cap17","sub_alc_disc_26_t1","T1-Did it seem the same amount had less effect on you?","haven_labelled","Substance Use","Harms and Consequences",161,"ok","high",TRUE,1,"t1","T1","sub_alc_disc_26","sub_alc_disc_26",TRUE
"cap17","sub_alc_disc_38_t1","T1-Did you become nervous or worried?","haven_labelled","Substance Use","Harms and Consequences",162,"ok","high",TRUE,1,"t1","T1","sub_alc_disc_38","sub_alc_disc_38",TRUE
"cap17","sub_alc_disc_36_t1","T1-Did you continue drinking even though it made you feel this way?","haven_labelled","Substance Use","Harms and Consequences",163,"ok","high",TRUE,1,"t1","T1","sub_alc_disc_36","sub_alc_disc_36",TRUE
"cap17","sub_alc_disc_34_t1","T1-Did you continue drinking even though it was causing you a physical problem?","haven_labelled","Substance Use","Harms and Consequences",164,"ok","high",TRUE,1,"t1","T1","sub_alc_disc_34","sub_alc_disc_34",TRUE
"cap17","sub_alc_disc_04_t1","T1-Did you drink at school/work more than once?","haven_labelled","Substance Use","Harms and Consequences",165,"ok","high",TRUE,1,"t1","T1","sub_alc_disc_04","sub_alc_disc_04",TRUE
"cap17","sub_alc_disc_07_t1","T1-Did you drink before/during something important like babysitting?","haven_labelled","Substance Use","Harms and Consequences",166,"ok","high",TRUE,1,"t1","T1","sub_alc_disc_07","sub_alc_disc_07",TRUE
"cap17","sub_alc_disc_08_t1","T1-Did you drink before/during something important more than once?","haven_labelled","Substance Use","Harms and Consequences",167,"ok","high",TRUE,1,"t1","T1","sub_alc_disc_08","sub_alc_disc_08",TRUE
"cap17","sub_alc_disc_20_t1","T1-Did you drink more than you thought you would?","haven_labelled","Substance Use","Harms and Consequences",168,"ok","high",TRUE,1,"t1","T1","sub_alc_disc_20","sub_alc_disc_20",TRUE
"cap17","sub_alc_disc_49_t1","T1-Did you ever drink alcohol or take any medicines like tranquilisers or sedatives so that you wouldn’t feel bad or sick from cutting down?","haven_labelled","Substance Use","Harms and Consequences",169,"ok","high",TRUE,1,"t1","T1","sub_alc_disc_49","sub_alc_disc_49",TRUE
"cap17","sub_alc_disc_17_t1","T1-Did you ever drink in situations where you could get hurt more than once?","haven_labelled","Substance Use","Harms and Consequences",170,"ok","high",TRUE,1,"t1","T1","sub_alc_disc_17","sub_alc_disc_17",TRUE
"cap17","sub_alc_disc_16_t1","T1-Did you ever drink in situations where you could get hurt?","haven_labelled","Substance Use","Harms and Consequences",171,"ok","high",TRUE,1,"t1","T1","sub_alc_disc_16","sub_alc_disc_16",TRUE
"cap17","sub_alc_disc_46_t1","T1-Did you ever have any fits or seizures?","haven_labelled","Substance Use","Harms and Consequences",172,"ok","high",TRUE,1,"t1","T1","sub_alc_disc_46","sub_alc_disc_46",TRUE
"cap17","sub_alc_disc_39_t1","T1-Did you feel restless, like you couldn’t sit still?","haven_labelled","Substance Use","Harms and Consequences",173,"ok","high",TRUE,1,"t1","T1","sub_alc_disc_39","sub_alc_disc_39",TRUE
"cap17","sub_alc_disc_41_t1","T1-Did you feel sick to your stomach or have to vomit or throw up?","haven_labelled","Substance Use","Harms and Consequences",174,"ok","high",TRUE,1,"t1","T1","sub_alc_disc_41","sub_alc_disc_41",TRUE
"cap17","sub_alc_disc_45_t1","T1-Did you feel weak?","haven_labelled","Substance Use","Harms and Consequences",175,"ok","high",TRUE,1,"t1","T1","sub_alc_disc_45","sub_alc_disc_45",TRUE
"cap17","sub_alc_disc_40_t1","T1-Did you feel your heart beating fast?","haven_labelled","Substance Use","Harms and Consequences",176,"ok","high",TRUE,1,"t1","T1","sub_alc_disc_40","sub_alc_disc_40",TRUE
"cap17","sub_alc_disc_43_t1","T1-Did you get headaches?","haven_labelled","Substance Use","Harms and Consequences",177,"ok","high",TRUE,1,"t1","T1","sub_alc_disc_43","sub_alc_disc_43",TRUE
"cap17","sub_alc_disc_06_t1","T1-Did you get in trouble/have problems more than once?","haven_labelled","Substance Use","Harms and Consequences",178,"ok","high",TRUE,1,"t1","T1","sub_alc_disc_06","sub_alc_disc_06",TRUE
"cap17","sub_alc_disc_05_t1","T1-Did you get into trouble/have problems at school/work or have problems because of drinking?","haven_labelled","Substance Use","Harms and Consequences",179,"ok","high",TRUE,1,"t1","T1","sub_alc_disc_05","sub_alc_disc_05",TRUE
"cap17","sub_alc_disc_03_t1","T1-Did you go to school/work right after you had been drinking or drink while you were at school or work?","haven_labelled","Substance Use","Harms and Consequences",180,"ok","high",TRUE,1,"t1","T1","sub_alc_disc_03","sub_alc_disc_03",TRUE
"cap17","sub_alc_disc_21_t1","T1-Did you often end up drinking for a longer time than you thought you would?","haven_labelled","Substance Use","Harms and Consequences",181,"ok","high",TRUE,1,"t1","T1","sub_alc_disc_21","sub_alc_disc_21",TRUE
"cap17","sub_alc_disc_48_t1","T1-Did you see, feel, or hear things that other people couldn’t?","haven_labelled","Substance Use","Harms and Consequences",182,"ok","high",TRUE,1,"t1","T1","sub_alc_disc_48","sub_alc_disc_48",TRUE
"cap17","sub_alc_disc_28_t1","T1-Did you spend a lot of time drinking?","haven_labelled","Substance Use","Harms and Consequences",183,"ok","high",TRUE,1,"t1","T1","sub_alc_disc_28","sub_alc_disc_28",TRUE
"cap17","sub_alc_disc_29_t1","T1-Did you spend a lot of time planning how you would get alcohol?","haven_labelled","Substance Use","Harms and Consequences",184,"ok","high",TRUE,1,"t1","T1","sub_alc_disc_29","sub_alc_disc_29",TRUE
"cap17","sub_alc_disc_44_t1","T1-Did you sweat a lot?","haven_labelled","Substance Use","Harms and Consequences",185,"ok","high",TRUE,1,"t1","T1","sub_alc_disc_44","sub_alc_disc_44",TRUE
"cap17","sub_alc_disc_47_t1","T1-Did your hands shake? If you select no, did your tongue tremble or eyes twitch?","haven_labelled","Substance Use","Harms and Consequences",186,"ok","high",TRUE,1,"t1","T1","sub_alc_disc_47","sub_alc_disc_47",TRUE
"cap17","sub_alc_disc_15_t1","T1-Even though you got into physical fights, did you drink alcohol anyway?","haven_labelled","Substance Use","Harms and Consequences",187,"ok","high",TRUE,1,"t1","T1","sub_alc_disc_15","sub_alc_disc_15",TRUE
"cap17","sub_alc_disc_10_t1","T1-Even though you had problems with your family or friends, did you drink anyway?","haven_labelled","Substance Use","Harms and Consequences",188,"ok","high",TRUE,1,"t1","T1","sub_alc_disc_10","sub_alc_disc_10",TRUE
"cap17","sub_alc_disc_12_t1","T1-Even though your friends didn’t want to be with you, did you drink anyway?","haven_labelled","Substance Use","Harms and Consequences",189,"ok","high",TRUE,1,"t1","T1","sub_alc_disc_12","sub_alc_disc_12",TRUE
"cap17","sub_alc_rapi_06_t1","T1-Felt I needed more alcohol than I used to drink in order to get the same effect","haven_labelled","Substance Use","Harms and Consequences",190,"ok","high",TRUE,1,"t1","T1","sub_alc_rapi_06","sub_alc_rapi_06",TRUE
"cap17","sub_alc_rapi_08_t1","T1-Felt I was going crazy","haven_labelled","Substance Use","Harms and Consequences",191,"ok","high",TRUE,1,"t1","T1","sub_alc_rapi_08","sub_alc_rapi_08",TRUE
"cap17","sub_alc_disc_24_t1","T1-Have you often felt you should quit or cut down?","haven_labelled","Substance Use","Harms and Consequences",192,"ok","high",TRUE,1,"t1","T1","sub_alc_disc_24","sub_alc_disc_24",TRUE
"cap17","sub_alc_disc_02_t1","T1-Miss school >1 time because of drinking?","haven_labelled","Substance Use","Harms and Consequences",193,"ok","high",TRUE,1,"t1","T1","sub_alc_disc_02","sub_alc_disc_02",TRUE
"cap17","sub_alc_disc_01_t1","T1-Miss school/work to go drinking or because you were hung over?","haven_labelled","Substance Use","Harms and Consequences",194,"ok","high",TRUE,1,"t1","T1","sub_alc_disc_01","sub_alc_disc_01",TRUE
"cap17","sub_can_harm_03_t1","T1-Peers/friends /partner complained about your use of cannabis?","haven_labelled","Substance Use","Harms and Consequences",195,"ok","high",TRUE,1,"t1","T1","sub_can_harm_03","sub_can_harm_03",TRUE
"cap17","sub_can_harm_05_t1","T1-Profession help as a result of using cannabis?","haven_labelled","Substance Use","Harms and Consequences",196,"ok","high",TRUE,1,"t1","T1","sub_can_harm_05","sub_can_harm_05",TRUE
"cap17","sub_can_harm_01_t1","T1-School performance affected by cannabis?","haven_labelled","Substance Use","Harms and Consequences",197,"ok","high",TRUE,1,"t1","T1","sub_can_harm_01","sub_can_harm_01",TRUE
"cap17","sub_alc_rapi_07_t1","T1-Tried to cut down on drinking","haven_labelled","Substance Use","Harms and Consequences",198,"ok","high",TRUE,1,"t1","T1","sub_alc_rapi_07","sub_alc_rapi_07",TRUE
"cap17","sub_can_harm_02_t1","T1-Trouble with adults as a result of using cannabis?","haven_labelled","Substance Use","Harms and Consequences",199,"ok","high",TRUE,1,"t1","T1","sub_can_harm_02","sub_can_harm_02",TRUE
"cap17","sub_alc_disc_19_t1","T1-Trouble with the police more than once?","haven_labelled","Substance Use","Harms and Consequences",200,"ok","high",TRUE,1,"t1","T1","sub_alc_disc_19","sub_alc_disc_19",TRUE
"cap17","sub_alc_disc_18_t1","T1-Trouble with the police when you were drunk or because you had been drinking?","haven_labelled","Substance Use","Harms and Consequences",201,"ok","high",TRUE,1,"t1","T1","sub_alc_disc_18","sub_alc_disc_18",TRUE
"cap17","sub_alc_disc_27_t1","T1-Were there many days when you felt sick or hung-over after drinking?","haven_labelled","Substance Use","Harms and Consequences",202,"ok","high",TRUE,1,"t1","T1","sub_alc_disc_27","sub_alc_disc_27",TRUE
"cap17","sub_alc_disc_23_t1","T1-When you decided to quit or cut down in the last year, were you always able to do so for at least one month?","haven_labelled","Substance Use","Harms and Consequences",203,"ok","high",TRUE,1,"t1","T1","sub_alc_disc_23","sub_alc_disc_23",TRUE
"cap17","sub_alc_disc_37_t1","T1-When you didn’t drink or when you cut down in the last year, did you feel bad or feel sick?","haven_labelled","Substance Use","Harms and Consequences",204,"ok","high",TRUE,1,"t1","T1","sub_alc_disc_37","sub_alc_disc_37",TRUE
"cap17","sub_can_harm_04_t1","T1-Worried about money or finances because of your cannabis use?","haven_labelled","Substance Use","Harms and Consequences",205,"ok","high",TRUE,1,"t1","T1","sub_can_harm_04","sub_can_harm_04",TRUE
"cap17","sub_can_harm_06_t1","T1-Worried about you use of cannabis?","haven_labelled","Substance Use","Harms and Consequences",206,"ok","high",TRUE,1,"t1","T1","sub_can_harm_06","sub_can_harm_06",TRUE
"cap17","sub_alc_rapi_02_t1","T1-caused shame or embarrasment to someone","haven_labelled","Substance Use","Harms and Consequences",207,"ok","high",TRUE,1,"t1","T1","sub_alc_rapi_02","sub_alc_rapi_02",TRUE
"cap17","sub_alc_disc_35_t1","T1-did drinking cause you to get very sad or depressed or irritable?","haven_labelled","Substance Use","Harms and Consequences",208,"ok","high",TRUE,1,"t1","T1","sub_alc_disc_35","sub_alc_disc_35",TRUE
"cap17","sub_alc_disc_33_t1","T1-did drinking cause you to have any physical health problems or did drinking make a health problem worse?","haven_labelled","Substance Use","Harms and Consequences",209,"ok","high",TRUE,1,"t1","T1","sub_alc_disc_33","sub_alc_disc_33",TRUE
"cap17","sub_alc_disc_51_t1","T1-did you ever discover you couldn’t remember things you had said or done more than once?","haven_labelled","Substance Use","Harms and Consequences",210,"ok","high",TRUE,1,"t1","T1","sub_alc_disc_51","sub_alc_disc_51",TRUE
"cap17","sub_alc_disc_22_t1","T1-did you ever try to quit or cut down on your drinking?","haven_labelled","Substance Use","Harms and Consequences",211,"ok","high",TRUE,1,"t1","T1","sub_alc_disc_22","sub_alc_disc_22",TRUE
"cap17","sub_alc_disc_31_t1","T1-did you ever want a drink so badly that you could not think about anything else?","haven_labelled","Substance Use","Harms and Consequences",212,"ok","high",TRUE,1,"t1","T1","sub_alc_disc_31","sub_alc_disc_31",TRUE
"cap17","sub_alc_disc_30_t1","T1-did you feel such a strong desire or urge to drink that you could not keep from drinking?","haven_labelled","Substance Use","Harms and Consequences",213,"ok","high",TRUE,1,"t1","T1","sub_alc_disc_30","sub_alc_disc_30",TRUE
"cap17","sub_alc_disc_14_t1","T1-did you get into any physical fights while drinking more than once?","haven_labelled","Substance Use","Harms and Consequences",214,"ok","high",TRUE,1,"t1","T1","sub_alc_disc_14","sub_alc_disc_14",TRUE
"cap17","sub_alc_disc_13_t1","T1-did you get into any physical fights while drinking?","haven_labelled","Substance Use","Harms and Consequences",215,"ok","high",TRUE,1,"t1","T1","sub_alc_disc_13","sub_alc_disc_13",TRUE
"cap17","sub_alc_disc_09_t1","T1-did you get into arguments with your family or friends because of your drinking?","haven_labelled","Substance Use","Harms and Consequences",216,"ok","high",TRUE,1,"t1","T1","sub_alc_disc_09","sub_alc_disc_09",TRUE
"cap17","sub_alc_rapi_01_t1","T1-got into fights, acted bad or did mean things","haven_labelled","Substance Use","Harms and Consequences",217,"ok","high",TRUE,1,"t1","T1","sub_alc_rapi_01","sub_alc_rapi_01",TRUE
"cap17","sub_alc_rapi_03_t1","T1-neglected my responsibilities","haven_labelled","Substance Use","Harms and Consequences",218,"ok","high",TRUE,1,"t1","T1","sub_alc_rapi_03","sub_alc_rapi_03",TRUE
"cap17","sub_alc_rapi_04_t1","T1-noticed a change in my personality","haven_labelled","Substance Use","Harms and Consequences",219,"ok","high",TRUE,1,"t1","T1","sub_alc_rapi_04","sub_alc_rapi_04",TRUE
"cap17","sub_alc_rapi_05_t1","T1-suddenly found myself in a place that I could not remember getting into","haven_labelled","Substance Use","Harms and Consequences",220,"ok","high",TRUE,1,"t1","T1","sub_alc_rapi_05","sub_alc_rapi_05",TRUE
"cap17","sub_alc_disc_32_t1","T1-were there often things you cut down on or did not do because of drinking?","haven_labelled","Substance Use","Harms and Consequences",221,"ok","high",TRUE,1,"t1","T1","sub_alc_disc_32","sub_alc_disc_32",TRUE
"cap17","sub_alc_disc_42_t2","T2- Did you have trouble sleeping?","haven_labelled","Substance Use","Harms and Consequences",222,"ok","high",TRUE,2,"t2","T2","sub_alc_disc_42","sub_alc_disc_42",TRUE
"cap17","sub_alc_disc_50_t2","T2- did you ever discover you couldn’t remember things you had said or done while you were drinking?","haven_labelled","Substance Use","Harms and Consequences",223,"ok","high",TRUE,2,"t2","T2","sub_alc_disc_50","sub_alc_disc_50",TRUE
"cap17","sub_alc_disc_25_t2","T2-Could you drink a lot more alcohol than you used to before you got drunk?","haven_labelled","Substance Use","Harms and Consequences",224,"ok","high",TRUE,2,"t2","T2","sub_alc_disc_25","sub_alc_disc_25",TRUE
"cap17","sub_alc_disc_11_t2","T2-Did any of your friends not want to be with you because you were drinking?","haven_labelled","Substance Use","Harms and Consequences",225,"ok","high",TRUE,2,"t2","T2","sub_alc_disc_11","sub_alc_disc_11",TRUE
"cap17","sub_alc_disc_26_t2","T2-Did it seem the same amount had less effect on you?","haven_labelled","Substance Use","Harms and Consequences",226,"ok","high",TRUE,2,"t2","T2","sub_alc_disc_26","sub_alc_disc_26",TRUE
"cap17","sub_alc_disc_38_t2","T2-Did you become nervous or worried?","haven_labelled","Substance Use","Harms and Consequences",227,"ok","high",TRUE,2,"t2","T2","sub_alc_disc_38","sub_alc_disc_38",TRUE
"cap17","sub_alc_disc_36_t2","T2-Did you continue drinking even though it made you feel this way?","haven_labelled","Substance Use","Harms and Consequences",228,"ok","high",TRUE,2,"t2","T2","sub_alc_disc_36","sub_alc_disc_36",TRUE
"cap17","sub_alc_disc_34_t2","T2-Did you continue drinking even though it was causing you a physical problem?","haven_labelled","Substance Use","Harms and Consequences",229,"ok","high",TRUE,2,"t2","T2","sub_alc_disc_34","sub_alc_disc_34",TRUE
"cap17","sub_alc_disc_04_t2","T2-Did you drink at school/work more than once?","haven_labelled","Substance Use","Harms and Consequences",230,"ok","high",TRUE,2,"t2","T2","sub_alc_disc_04","sub_alc_disc_04",TRUE
"cap17","sub_alc_disc_07_t2","T2-Did you drink before/during something important like babysitting?","haven_labelled","Substance Use","Harms and Consequences",231,"ok","high",TRUE,2,"t2","T2","sub_alc_disc_07","sub_alc_disc_07",TRUE
"cap17","sub_alc_disc_08_t2","T2-Did you drink before/during something important more than once?","haven_labelled","Substance Use","Harms and Consequences",232,"ok","high",TRUE,2,"t2","T2","sub_alc_disc_08","sub_alc_disc_08",TRUE
"cap17","sub_alc_disc_20_t2","T2-Did you drink more than you thought you would?","haven_labelled","Substance Use","Harms and Consequences",233,"ok","high",TRUE,2,"t2","T2","sub_alc_disc_20","sub_alc_disc_20",TRUE
"cap17","sub_alc_disc_49_t2","T2-Did you ever drink alcohol or take any medicines like tranquilisers or sedatives so that you wouldn’t feel bad or sick from cutting down?","haven_labelled","Substance Use","Harms and Consequences",234,"ok","high",TRUE,2,"t2","T2","sub_alc_disc_49","sub_alc_disc_49",TRUE
"cap17","sub_alc_disc_17_t2","T2-Did you ever drink in situations where you could get hurt more than once?","haven_labelled","Substance Use","Harms and Consequences",235,"ok","high",TRUE,2,"t2","T2","sub_alc_disc_17","sub_alc_disc_17",TRUE
"cap17","sub_alc_disc_16_t2","T2-Did you ever drink in situations where you could get hurt?","haven_labelled","Substance Use","Harms and Consequences",236,"ok","high",TRUE,2,"t2","T2","sub_alc_disc_16","sub_alc_disc_16",TRUE
"cap17","sub_alc_disc_46_t2","T2-Did you ever have any fits or seizures?","haven_labelled","Substance Use","Harms and Consequences",237,"ok","high",TRUE,2,"t2","T2","sub_alc_disc_46","sub_alc_disc_46",TRUE
"cap17","sub_alc_disc_39_t2","T2-Did you feel restless, like you couldn’t sit still?","haven_labelled","Substance Use","Harms and Consequences",238,"ok","high",TRUE,2,"t2","T2","sub_alc_disc_39","sub_alc_disc_39",TRUE
"cap17","sub_alc_disc_41_t2","T2-Did you feel sick to your stomach or have to vomit or throw up?","haven_labelled","Substance Use","Harms and Consequences",239,"ok","high",TRUE,2,"t2","T2","sub_alc_disc_41","sub_alc_disc_41",TRUE
"cap17","sub_alc_disc_45_t2","T2-Did you feel weak?","haven_labelled","Substance Use","Harms and Consequences",240,"ok","high",TRUE,2,"t2","T2","sub_alc_disc_45","sub_alc_disc_45",TRUE
"cap17","sub_alc_disc_40_t2","T2-Did you feel your heart beating fast?","haven_labelled","Substance Use","Harms and Consequences",241,"ok","high",TRUE,2,"t2","T2","sub_alc_disc_40","sub_alc_disc_40",TRUE
"cap17","sub_alc_disc_43_t2","T2-Did you get headaches?","haven_labelled","Substance Use","Harms and Consequences",242,"ok","high",TRUE,2,"t2","T2","sub_alc_disc_43","sub_alc_disc_43",TRUE
"cap17","sub_alc_disc_06_t2","T2-Did you get in trouble/have problems more than once?","haven_labelled","Substance Use","Harms and Consequences",243,"ok","high",TRUE,2,"t2","T2","sub_alc_disc_06","sub_alc_disc_06",TRUE
"cap17","sub_alc_disc_05_t2","T2-Did you get into trouble/have problems at school/work or have problems because of drinking?","haven_labelled","Substance Use","Harms and Consequences",244,"ok","high",TRUE,2,"t2","T2","sub_alc_disc_05","sub_alc_disc_05",TRUE
"cap17","sub_alc_disc_03_t2","T2-Did you go to school/work right after you had been drinking or drink while you were at school or work?","haven_labelled","Substance Use","Harms and Consequences",245,"ok","high",TRUE,2,"t2","T2","sub_alc_disc_03","sub_alc_disc_03",TRUE
"cap17","sub_alc_disc_21_t2","T2-Did you often end up drinking for a longer time than you thought you would?","haven_labelled","Substance Use","Harms and Consequences",246,"ok","high",TRUE,2,"t2","T2","sub_alc_disc_21","sub_alc_disc_21",TRUE
"cap17","sub_alc_disc_48_t2","T2-Did you see, feel, or hear things that other people couldn’t?","haven_labelled","Substance Use","Harms and Consequences",247,"ok","high",TRUE,2,"t2","T2","sub_alc_disc_48","sub_alc_disc_48",TRUE
"cap17","sub_alc_disc_28_t2","T2-Did you spend a lot of time drinking?","haven_labelled","Substance Use","Harms and Consequences",248,"ok","high",TRUE,2,"t2","T2","sub_alc_disc_28","sub_alc_disc_28",TRUE
"cap17","sub_alc_disc_29_t2","T2-Did you spend a lot of time planning how you would get alcohol?","haven_labelled","Substance Use","Harms and Consequences",249,"ok","high",TRUE,2,"t2","T2","sub_alc_disc_29","sub_alc_disc_29",TRUE
"cap17","sub_alc_disc_44_t2","T2-Did you sweat a lot?","haven_labelled","Substance Use","Harms and Consequences",250,"ok","high",TRUE,2,"t2","T2","sub_alc_disc_44","sub_alc_disc_44",TRUE
"cap17","sub_alc_disc_47_t2","T2-Did your hands shake? If you select no, did your tongue tremble or eyes twitch?","haven_labelled","Substance Use","Harms and Consequences",251,"ok","high",TRUE,2,"t2","T2","sub_alc_disc_47","sub_alc_disc_47",TRUE
"cap17","sub_alc_disc_15_t2","T2-Even though you got into physical fights, did you drink alcohol anyway?","haven_labelled","Substance Use","Harms and Consequences",252,"ok","high",TRUE,2,"t2","T2","sub_alc_disc_15","sub_alc_disc_15",TRUE
"cap17","sub_alc_disc_10_t2","T2-Even though you had problems with your family or friends, did you drink anyway?","haven_labelled","Substance Use","Harms and Consequences",253,"ok","high",TRUE,2,"t2","T2","sub_alc_disc_10","sub_alc_disc_10",TRUE
"cap17","sub_alc_disc_12_t2","T2-Even though your friends didn’t want to be with you, did you drink anyway?","haven_labelled","Substance Use","Harms and Consequences",254,"ok","high",TRUE,2,"t2","T2","sub_alc_disc_12","sub_alc_disc_12",TRUE
"cap17","sub_alc_rapi_06_t2","T2-Felt I needed more alcohol than I used to drink in order to get the same effect","haven_labelled","Substance Use","Harms and Consequences",255,"ok","high",TRUE,2,"t2","T2","sub_alc_rapi_06","sub_alc_rapi_06",TRUE
"cap17","sub_alc_rapi_08_t2","T2-Felt I was going crazy","haven_labelled","Substance Use","Harms and Consequences",256,"ok","high",TRUE,2,"t2","T2","sub_alc_rapi_08","sub_alc_rapi_08",TRUE
"cap17","sub_alc_disc_24_t2","T2-Have you often felt you should quit or cut down?","haven_labelled","Substance Use","Harms and Consequences",257,"ok","high",TRUE,2,"t2","T2","sub_alc_disc_24","sub_alc_disc_24",TRUE
"cap17","sub_alc_disc_02_t2","T2-Miss school >1 time because of drinking?","haven_labelled","Substance Use","Harms and Consequences",258,"ok","high",TRUE,2,"t2","T2","sub_alc_disc_02","sub_alc_disc_02",TRUE
"cap17","sub_alc_disc_01_t2","T2-Miss school/work to go drinking or because you were hung over?","haven_labelled","Substance Use","Harms and Consequences",259,"ok","high",TRUE,2,"t2","T2","sub_alc_disc_01","sub_alc_disc_01",TRUE
"cap17","sub_can_harm_03_t2","T2-Peers/friends /partner complained about your use of cannabis?","haven_labelled","Substance Use","Harms and Consequences",260,"ok","high",TRUE,2,"t2","T2","sub_can_harm_03","sub_can_harm_03",TRUE
"cap17","sub_can_harm_05_t2","T2-Profession help as a result of using cannabis?","haven_labelled","Substance Use","Harms and Consequences",261,"ok","high",TRUE,2,"t2","T2","sub_can_harm_05","sub_can_harm_05",TRUE
"cap17","sub_can_harm_01_t2","T2-School performance affected by cannabis?","haven_labelled","Substance Use","Harms and Consequences",262,"ok","high",TRUE,2,"t2","T2","sub_can_harm_01","sub_can_harm_01",TRUE
"cap17","sub_alc_rapi_07_t2","T2-Tried to cut down on drinking","haven_labelled","Substance Use","Harms and Consequences",263,"ok","high",TRUE,2,"t2","T2","sub_alc_rapi_07","sub_alc_rapi_07",TRUE
"cap17","sub_can_harm_02_t2","T2-Trouble with adults as a result of using cannabis?","haven_labelled","Substance Use","Harms and Consequences",264,"ok","high",TRUE,2,"t2","T2","sub_can_harm_02","sub_can_harm_02",TRUE
"cap17","sub_alc_disc_19_t2","T2-Trouble with the police more than once?","haven_labelled","Substance Use","Harms and Consequences",265,"ok","high",TRUE,2,"t2","T2","sub_alc_disc_19","sub_alc_disc_19",TRUE
"cap17","sub_alc_disc_18_t2","T2-Trouble with the police when you were drunk or because you had been drinking?","haven_labelled","Substance Use","Harms and Consequences",266,"ok","high",TRUE,2,"t2","T2","sub_alc_disc_18","sub_alc_disc_18",TRUE
"cap17","sub_alc_disc_27_t2","T2-Were there many days when you felt sick or hung-over after drinking?","haven_labelled","Substance Use","Harms and Consequences",267,"ok","high",TRUE,2,"t2","T2","sub_alc_disc_27","sub_alc_disc_27",TRUE
"cap17","sub_alc_disc_23_t2","T2-When you decided to quit or cut down in the last year, were you always able to do so for at least one month?","haven_labelled","Substance Use","Harms and Consequences",268,"ok","high",TRUE,2,"t2","T2","sub_alc_disc_23","sub_alc_disc_23",TRUE
"cap17","sub_alc_disc_37_t2","T2-When you didn’t drink or when you cut down in the last year, did you feel bad or feel sick?","haven_labelled","Substance Use","Harms and Consequences",269,"ok","high",TRUE,2,"t2","T2","sub_alc_disc_37","sub_alc_disc_37",TRUE
"cap17","sub_can_harm_04_t2","T2-Worried about money or finances because of your cannabis use?","haven_labelled","Substance Use","Harms and Consequences",270,"ok","high",TRUE,2,"t2","T2","sub_can_harm_04","sub_can_harm_04",TRUE
"cap17","sub_can_harm_06_t2","T2-Worried about you use of cannabis?","haven_labelled","Substance Use","Harms and Consequences",271,"ok","high",TRUE,2,"t2","T2","sub_can_harm_06","sub_can_harm_06",TRUE
"cap17","sub_alc_rapi_02_t2","T2-caused shame or embarrasment to someone","haven_labelled","Substance Use","Harms and Consequences",272,"ok","high",TRUE,2,"t2","T2","sub_alc_rapi_02","sub_alc_rapi_02",TRUE
"cap17","sub_alc_disc_35_t2","T2-did drinking cause you to get very sad or depressed or irritable?","haven_labelled","Substance Use","Harms and Consequences",273,"ok","high",TRUE,2,"t2","T2","sub_alc_disc_35","sub_alc_disc_35",TRUE
"cap17","sub_alc_disc_33_t2","T2-did drinking cause you to have any physical health problems or did drinking make a health problem worse?","haven_labelled","Substance Use","Harms and Consequences",274,"ok","high",TRUE,2,"t2","T2","sub_alc_disc_33","sub_alc_disc_33",TRUE
"cap17","sub_alc_disc_51_t2","T2-did you ever discover you couldn’t remember things you had said or done more than once?","haven_labelled","Substance Use","Harms and Consequences",275,"ok","high",TRUE,2,"t2","T2","sub_alc_disc_51","sub_alc_disc_51",TRUE
"cap17","sub_alc_disc_22_t2","T2-did you ever try to quit or cut down on your drinking?","haven_labelled","Substance Use","Harms and Consequences",276,"ok","high",TRUE,2,"t2","T2","sub_alc_disc_22","sub_alc_disc_22",TRUE
"cap17","sub_alc_disc_31_t2","T2-did you ever want a drink so badly that you could not think about anything else?","haven_labelled","Substance Use","Harms and Consequences",277,"ok","high",TRUE,2,"t2","T2","sub_alc_disc_31","sub_alc_disc_31",TRUE
"cap17","sub_alc_disc_30_t2","T2-did you feel such a strong desire or urge to drink that you could not keep from drinking?","haven_labelled","Substance Use","Harms and Consequences",278,"ok","high",TRUE,2,"t2","T2","sub_alc_disc_30","sub_alc_disc_30",TRUE
"cap17","sub_alc_disc_14_t2","T2-did you get into any physical fights while drinking more than once?","haven_labelled","Substance Use","Harms and Consequences",279,"ok","high",TRUE,2,"t2","T2","sub_alc_disc_14","sub_alc_disc_14",TRUE
"cap17","sub_alc_disc_13_t2","T2-did you get into any physical fights while drinking?","haven_labelled","Substance Use","Harms and Consequences",280,"ok","high",TRUE,2,"t2","T2","sub_alc_disc_13","sub_alc_disc_13",TRUE
"cap17","sub_alc_disc_09_t2","T2-did you get into arguments with your family or friends because of your drinking?","haven_labelled","Substance Use","Harms and Consequences",281,"ok","high",TRUE,2,"t2","T2","sub_alc_disc_09","sub_alc_disc_09",TRUE
"cap17","sub_alc_rapi_01_t2","T2-got into fights, acted bad or did mean things","haven_labelled","Substance Use","Harms and Consequences",282,"ok","high",TRUE,2,"t2","T2","sub_alc_rapi_01","sub_alc_rapi_01",TRUE
"cap17","sub_alc_rapi_03_t2","T2-neglected my responsibilities","haven_labelled","Substance Use","Harms and Consequences",283,"ok","high",TRUE,2,"t2","T2","sub_alc_rapi_03","sub_alc_rapi_03",TRUE
"cap17","sub_alc_rapi_04_t2","T2-noticed a change in my personality","haven_labelled","Substance Use","Harms and Consequences",284,"ok","high",TRUE,2,"t2","T2","sub_alc_rapi_04","sub_alc_rapi_04",TRUE
"cap17","sub_alc_rapi_05_t2","T2-suddenly found myself in a place that I could not remember getting into","haven_labelled","Substance Use","Harms and Consequences",285,"ok","high",TRUE,2,"t2","T2","sub_alc_rapi_05","sub_alc_rapi_05",TRUE
"cap17","sub_alc_disc_32_t2","T2-were there often things you cut down on or did not do because of drinking?","haven_labelled","Substance Use","Harms and Consequences",286,"ok","high",TRUE,2,"t2","T2","sub_alc_disc_32","sub_alc_disc_32",TRUE
"cap17","sub_alc_harm_sum_t3","T3 AH Total Score","numeric","Substance Use","Harms and Consequences",287,"ok","high",TRUE,3,"t3","T3","sub_alc_harm_sum",NA,FALSE
"cap17","sub_can_harm_sum_t3","T3 CH Total Score","numeric","Substance Use","Harms and Consequences",288,"ok","high",TRUE,3,"t3","T3","sub_can_harm_sum",NA,FALSE
"cap17","sub_alc_disc_42_t3","T3- Did you have trouble sleeping?","haven_labelled","Substance Use","Harms and Consequences",289,"ok","high",TRUE,3,"t3","T3","sub_alc_disc_42","sub_alc_disc_42",TRUE
"cap17","sub_alc_disc_50_t3","T3- did you ever discover you couldn’t remember things you had said or done while you were drinking?","haven_labelled","Substance Use","Harms and Consequences",290,"ok","high",TRUE,3,"t3","T3","sub_alc_disc_50","sub_alc_disc_50",TRUE
"cap17","sub_alc_disc_25_t3","T3-Could you drink a lot more alcohol than you used to before you got drunk?","haven_labelled","Substance Use","Harms and Consequences",291,"ok","high",TRUE,3,"t3","T3","sub_alc_disc_25","sub_alc_disc_25",TRUE
"cap17","sub_alc_disc_11_t3","T3-Did any of your friends not want to be with you because you were drinking?","haven_labelled","Substance Use","Harms and Consequences",292,"ok","high",TRUE,3,"t3","T3","sub_alc_disc_11","sub_alc_disc_11",TRUE
"cap17","sub_alc_disc_26_t3","T3-Did it seem the same amount had less effect on you?","haven_labelled","Substance Use","Harms and Consequences",293,"ok","high",TRUE,3,"t3","T3","sub_alc_disc_26","sub_alc_disc_26",TRUE
"cap17","sub_alc_disc_38_t3","T3-Did you become nervous or worried?","haven_labelled","Substance Use","Harms and Consequences",294,"ok","high",TRUE,3,"t3","T3","sub_alc_disc_38","sub_alc_disc_38",TRUE
"cap17","sub_alc_disc_36_t3","T3-Did you continue drinking even though it made you feel this way?","haven_labelled","Substance Use","Harms and Consequences",295,"ok","high",TRUE,3,"t3","T3","sub_alc_disc_36","sub_alc_disc_36",TRUE
"cap17","sub_alc_disc_34_t3","T3-Did you continue drinking even though it was causing you a physical problem?","haven_labelled","Substance Use","Harms and Consequences",296,"ok","high",TRUE,3,"t3","T3","sub_alc_disc_34","sub_alc_disc_34",TRUE
"cap17","sub_alc_disc_04_t3","T3-Did you drink at school/work more than once?","haven_labelled","Substance Use","Harms and Consequences",297,"ok","high",TRUE,3,"t3","T3","sub_alc_disc_04","sub_alc_disc_04",TRUE
"cap17","sub_alc_disc_07_t3","T3-Did you drink before/during something important like babysitting?","haven_labelled","Substance Use","Harms and Consequences",298,"ok","high",TRUE,3,"t3","T3","sub_alc_disc_07","sub_alc_disc_07",TRUE
"cap17","sub_alc_disc_08_t3","T3-Did you drink before/during something important more than once?","haven_labelled","Substance Use","Harms and Consequences",299,"ok","high",TRUE,3,"t3","T3","sub_alc_disc_08","sub_alc_disc_08",TRUE
"cap17","sub_alc_disc_20_t3","T3-Did you drink more than you thought you would?","haven_labelled","Substance Use","Harms and Consequences",300,"ok","high",TRUE,3,"t3","T3","sub_alc_disc_20","sub_alc_disc_20",TRUE
"cap17","sub_alc_disc_49_t3","T3-Did you ever drink alcohol or take any medicines like tranquilisers or sedatives so that you wouldn’t feel bad or sick from cutting down?","haven_labelled","Substance Use","Harms and Consequences",301,"ok","high",TRUE,3,"t3","T3","sub_alc_disc_49","sub_alc_disc_49",TRUE
"cap17","sub_alc_disc_17_t3","T3-Did you ever drink in situations where you could get hurt more than once?","haven_labelled","Substance Use","Harms and Consequences",302,"ok","high",TRUE,3,"t3","T3","sub_alc_disc_17","sub_alc_disc_17",TRUE
"cap17","sub_alc_disc_16_t3","T3-Did you ever drink in situations where you could get hurt?","haven_labelled","Substance Use","Harms and Consequences",303,"ok","high",TRUE,3,"t3","T3","sub_alc_disc_16","sub_alc_disc_16",TRUE
"cap17","sub_alc_disc_46_t3","T3-Did you ever have any fits or seizures?","haven_labelled","Substance Use","Harms and Consequences",304,"ok","high",TRUE,3,"t3","T3","sub_alc_disc_46","sub_alc_disc_46",TRUE
"cap17","sub_alc_disc_39_t3","T3-Did you feel restless, like you couldn’t sit still?","haven_labelled","Substance Use","Harms and Consequences",305,"ok","high",TRUE,3,"t3","T3","sub_alc_disc_39","sub_alc_disc_39",TRUE
"cap17","sub_alc_disc_41_t3","T3-Did you feel sick to your stomach or have to vomit or throw up?","haven_labelled","Substance Use","Harms and Consequences",306,"ok","high",TRUE,3,"t3","T3","sub_alc_disc_41","sub_alc_disc_41",TRUE
"cap17","sub_alc_disc_45_t3","T3-Did you feel weak?","haven_labelled","Substance Use","Harms and Consequences",307,"ok","high",TRUE,3,"t3","T3","sub_alc_disc_45","sub_alc_disc_45",TRUE
"cap17","sub_alc_disc_40_t3","T3-Did you feel your heart beating fast?","haven_labelled","Substance Use","Harms and Consequences",308,"ok","high",TRUE,3,"t3","T3","sub_alc_disc_40","sub_alc_disc_40",TRUE
"cap17","sub_alc_disc_43_t3","T3-Did you get headaches?","haven_labelled","Substance Use","Harms and Consequences",309,"ok","high",TRUE,3,"t3","T3","sub_alc_disc_43","sub_alc_disc_43",TRUE
"cap17","sub_alc_disc_06_t3","T3-Did you get in trouble/have problems more than once?","haven_labelled","Substance Use","Harms and Consequences",310,"ok","high",TRUE,3,"t3","T3","sub_alc_disc_06","sub_alc_disc_06",TRUE
"cap17","sub_alc_disc_05_t3","T3-Did you get into trouble/have problems at school/work or have problems because of drinking?","haven_labelled","Substance Use","Harms and Consequences",311,"ok","high",TRUE,3,"t3","T3","sub_alc_disc_05","sub_alc_disc_05",TRUE
"cap17","sub_alc_disc_03_t3","T3-Did you go to school/work right after you had been drinking or drink while you were at school or work?","haven_labelled","Substance Use","Harms and Consequences",312,"ok","high",TRUE,3,"t3","T3","sub_alc_disc_03","sub_alc_disc_03",TRUE
"cap17","sub_alc_disc_21_t3","T3-Did you often end up drinking for a longer time than you thought you would?","haven_labelled","Substance Use","Harms and Consequences",313,"ok","high",TRUE,3,"t3","T3","sub_alc_disc_21","sub_alc_disc_21",TRUE
"cap17","sub_alc_disc_48_t3","T3-Did you see, feel, or hear things that other people couldn’t?","haven_labelled","Substance Use","Harms and Consequences",314,"ok","high",TRUE,3,"t3","T3","sub_alc_disc_48","sub_alc_disc_48",TRUE
"cap17","sub_alc_disc_28_t3","T3-Did you spend a lot of time drinking?","haven_labelled","Substance Use","Harms and Consequences",315,"ok","high",TRUE,3,"t3","T3","sub_alc_disc_28","sub_alc_disc_28",TRUE
"cap17","sub_alc_disc_29_t3","T3-Did you spend a lot of time planning how you would get alcohol?","haven_labelled","Substance Use","Harms and Consequences",316,"ok","high",TRUE,3,"t3","T3","sub_alc_disc_29","sub_alc_disc_29",TRUE
"cap17","sub_alc_disc_44_t3","T3-Did you sweat a lot?","haven_labelled","Substance Use","Harms and Consequences",317,"ok","high",TRUE,3,"t3","T3","sub_alc_disc_44","sub_alc_disc_44",TRUE
"cap17","sub_alc_disc_47_t3","T3-Did your hands shake? If you select no, did your tongue tremble or eyes twitch?","haven_labelled","Substance Use","Harms and Consequences",318,"ok","high",TRUE,3,"t3","T3","sub_alc_disc_47","sub_alc_disc_47",TRUE
"cap17","sub_alc_disc_15_t3","T3-Even though you got into physical fights, did you drink alcohol anyway?","haven_labelled","Substance Use","Harms and Consequences",319,"ok","high",TRUE,3,"t3","T3","sub_alc_disc_15","sub_alc_disc_15",TRUE
"cap17","sub_alc_disc_10_t3","T3-Even though you had problems with your family or friends, did you drink anyway?","haven_labelled","Substance Use","Harms and Consequences",320,"ok","high",TRUE,3,"t3","T3","sub_alc_disc_10","sub_alc_disc_10",TRUE
"cap17","sub_alc_disc_12_t3","T3-Even though your friends didn’t want to be with you, did you drink anyway?","haven_labelled","Substance Use","Harms and Consequences",321,"ok","high",TRUE,3,"t3","T3","sub_alc_disc_12","sub_alc_disc_12",TRUE
"cap17","sub_alc_rapi_06_t3","T3-Felt I needed more alcohol than I used to drink in order to get the same effect","haven_labelled","Substance Use","Harms and Consequences",322,"ok","high",TRUE,3,"t3","T3","sub_alc_rapi_06","sub_alc_rapi_06",TRUE
"cap17","sub_alc_rapi_08_t3","T3-Felt I was going crazy","haven_labelled","Substance Use","Harms and Consequences",323,"ok","high",TRUE,3,"t3","T3","sub_alc_rapi_08","sub_alc_rapi_08",TRUE
"cap17","sub_alc_disc_24_t3","T3-Have you often felt you should quit or cut down?","haven_labelled","Substance Use","Harms and Consequences",324,"ok","high",TRUE,3,"t3","T3","sub_alc_disc_24","sub_alc_disc_24",TRUE
"cap17","sub_alc_disc_02_t3","T3-Miss school >1 time because of drinking?","haven_labelled","Substance Use","Harms and Consequences",325,"ok","high",TRUE,3,"t3","T3","sub_alc_disc_02","sub_alc_disc_02",TRUE
"cap17","sub_alc_disc_01_t3","T3-Miss school/work to go drinking or because you were hung over?","haven_labelled","Substance Use","Harms and Consequences",326,"ok","high",TRUE,3,"t3","T3","sub_alc_disc_01","sub_alc_disc_01",TRUE
"cap17","sub_can_harm_03_t3","T3-Peers/friends /partner complained about your use of cannabis?","haven_labelled","Substance Use","Harms and Consequences",327,"ok","high",TRUE,3,"t3","T3","sub_can_harm_03","sub_can_harm_03",TRUE
"cap17","sub_can_harm_05_t3","T3-Profession help as a result of using cannabis?","haven_labelled","Substance Use","Harms and Consequences",328,"ok","high",TRUE,3,"t3","T3","sub_can_harm_05","sub_can_harm_05",TRUE
"cap17","sub_can_harm_01_t3","T3-School performance affected by cannabis?","haven_labelled","Substance Use","Harms and Consequences",329,"ok","high",TRUE,3,"t3","T3","sub_can_harm_01","sub_can_harm_01",TRUE
"cap17","sub_alc_rapi_07_t3","T3-Tried to cut down on drinking","haven_labelled","Substance Use","Harms and Consequences",330,"ok","high",TRUE,3,"t3","T3","sub_alc_rapi_07","sub_alc_rapi_07",TRUE
"cap17","sub_can_harm_02_t3","T3-Trouble with adults as a result of using cannabis?","haven_labelled","Substance Use","Harms and Consequences",331,"ok","high",TRUE,3,"t3","T3","sub_can_harm_02","sub_can_harm_02",TRUE
"cap17","sub_alc_disc_19_t3","T3-Trouble with the police more than once?","haven_labelled","Substance Use","Harms and Consequences",332,"ok","high",TRUE,3,"t3","T3","sub_alc_disc_19","sub_alc_disc_19",TRUE
"cap17","sub_alc_disc_18_t3","T3-Trouble with the police when you were drunk or because you had been drinking?","haven_labelled","Substance Use","Harms and Consequences",333,"ok","high",TRUE,3,"t3","T3","sub_alc_disc_18","sub_alc_disc_18",TRUE
"cap17","sub_alc_disc_27_t3","T3-Were there many days when you felt sick or hung-over after drinking?","haven_labelled","Substance Use","Harms and Consequences",334,"ok","high",TRUE,3,"t3","T3","sub_alc_disc_27","sub_alc_disc_27",TRUE
"cap17","sub_alc_disc_23_t3","T3-When you decided to quit or cut down in the last year, were you always able to do so for at least one month?","haven_labelled","Substance Use","Harms and Consequences",335,"ok","high",TRUE,3,"t3","T3","sub_alc_disc_23","sub_alc_disc_23",TRUE
"cap17","sub_alc_disc_37_t3","T3-When you didn’t drink or when you cut down in the last year, did you feel bad or feel sick?","haven_labelled","Substance Use","Harms and Consequences",336,"ok","high",TRUE,3,"t3","T3","sub_alc_disc_37","sub_alc_disc_37",TRUE
"cap17","sub_can_harm_04_t3","T3-Worried about money or finances because of your cannabis use?","haven_labelled","Substance Use","Harms and Consequences",337,"ok","high",TRUE,3,"t3","T3","sub_can_harm_04","sub_can_harm_04",TRUE
"cap17","sub_can_harm_06_t3","T3-Worried about you use of cannabis?","haven_labelled","Substance Use","Harms and Consequences",338,"ok","high",TRUE,3,"t3","T3","sub_can_harm_06","sub_can_harm_06",TRUE
"cap17","sub_alc_rapi_02_t3","T3-caused shame or embarrasment to someone","haven_labelled","Substance Use","Harms and Consequences",339,"ok","high",TRUE,3,"t3","T3","sub_alc_rapi_02","sub_alc_rapi_02",TRUE
"cap17","sub_alc_disc_35_t3","T3-did drinking cause you to get very sad or depressed or irritable?","haven_labelled","Substance Use","Harms and Consequences",340,"ok","high",TRUE,3,"t3","T3","sub_alc_disc_35","sub_alc_disc_35",TRUE
"cap17","sub_alc_disc_33_t3","T3-did drinking cause you to have any physical health problems or did drinking make a health problem worse?","haven_labelled","Substance Use","Harms and Consequences",341,"ok","high",TRUE,3,"t3","T3","sub_alc_disc_33","sub_alc_disc_33",TRUE
"cap17","sub_alc_disc_51_t3","T3-did you ever discover you couldn’t remember things you had said or done more than once?","haven_labelled","Substance Use","Harms and Consequences",342,"ok","high",TRUE,3,"t3","T3","sub_alc_disc_51","sub_alc_disc_51",TRUE
"cap17","sub_alc_disc_22_t3","T3-did you ever try to quit or cut down on your drinking?","haven_labelled","Substance Use","Harms and Consequences",343,"ok","high",TRUE,3,"t3","T3","sub_alc_disc_22","sub_alc_disc_22",TRUE
"cap17","sub_alc_disc_31_t3","T3-did you ever want a drink so badly that you could not think about anything else?","haven_labelled","Substance Use","Harms and Consequences",344,"ok","high",TRUE,3,"t3","T3","sub_alc_disc_31","sub_alc_disc_31",TRUE
"cap17","sub_alc_disc_30_t3","T3-did you feel such a strong desire or urge to drink that you could not keep from drinking?","haven_labelled","Substance Use","Harms and Consequences",345,"ok","high",TRUE,3,"t3","T3","sub_alc_disc_30","sub_alc_disc_30",TRUE
"cap17","sub_alc_disc_14_t3","T3-did you get into any physical fights while drinking more than once?","haven_labelled","Substance Use","Harms and Consequences",346,"ok","high",TRUE,3,"t3","T3","sub_alc_disc_14","sub_alc_disc_14",TRUE
"cap17","sub_alc_disc_13_t3","T3-did you get into any physical fights while drinking?","haven_labelled","Substance Use","Harms and Consequences",347,"ok","high",TRUE,3,"t3","T3","sub_alc_disc_13","sub_alc_disc_13",TRUE
"cap17","sub_alc_disc_09_t3","T3-did you get into arguments with your family or friends because of your drinking?","haven_labelled","Substance Use","Harms and Consequences",348,"ok","high",TRUE,3,"t3","T3","sub_alc_disc_09","sub_alc_disc_09",TRUE
"cap17","sub_alc_rapi_01_t3","T3-got into fights, acted bad or did mean things","haven_labelled","Substance Use","Harms and Consequences",349,"ok","high",TRUE,3,"t3","T3","sub_alc_rapi_01","sub_alc_rapi_01",TRUE
"cap17","sub_alc_rapi_03_t3","T3-neglected my responsibilities","haven_labelled","Substance Use","Harms and Consequences",350,"ok","high",TRUE,3,"t3","T3","sub_alc_rapi_03","sub_alc_rapi_03",TRUE
"cap17","sub_alc_rapi_04_t3","T3-noticed a change in my personality","haven_labelled","Substance Use","Harms and Consequences",351,"ok","high",TRUE,3,"t3","T3","sub_alc_rapi_04","sub_alc_rapi_04",TRUE
"cap17","sub_alc_rapi_05_t3","T3-suddenly found myself in a place that I could not remember getting into","haven_labelled","Substance Use","Harms and Consequences",352,"ok","high",TRUE,3,"t3","T3","sub_alc_rapi_05","sub_alc_rapi_05",TRUE
"cap17","sub_alc_disc_32_t3","T3-were there often things you cut down on or did not do because of drinking?","haven_labelled","Substance Use","Harms and Consequences",353,"ok","high",TRUE,3,"t3","T3","sub_alc_disc_32","sub_alc_disc_32",TRUE
"cap17","sub_alc_harm_sum_t4","T4 AH Total Score","numeric","Substance Use","Harms and Consequences",354,"ok","high",TRUE,4,"t4","T4","sub_alc_harm_sum",NA,FALSE
"cap17","sub_can_harm_sum_t4","T4 CH Total Score","numeric","Substance Use","Harms and Consequences",355,"ok","high",TRUE,4,"t4","T4","sub_can_harm_sum",NA,FALSE
"cap17","sub_alc_disc_42_t4","T4- Did you have trouble sleeping?","haven_labelled","Substance Use","Harms and Consequences",356,"ok","high",TRUE,4,"t4","T4","sub_alc_disc_42","sub_alc_disc_42",TRUE
"cap17","sub_alc_disc_50_t4","T4- did you ever discover you couldn’t remember things you had said or done while you were drinking?","haven_labelled","Substance Use","Harms and Consequences",357,"ok","high",TRUE,4,"t4","T4","sub_alc_disc_50","sub_alc_disc_50",TRUE
"cap17","sub_alc_disc_25_t4","T4-Could you drink a lot more alcohol than you used to before you got drunk?","haven_labelled","Substance Use","Harms and Consequences",358,"ok","high",TRUE,4,"t4","T4","sub_alc_disc_25","sub_alc_disc_25",TRUE
"cap17","sub_alc_disc_11_t4","T4-Did any of your friends not want to be with you because you were drinking?","haven_labelled","Substance Use","Harms and Consequences",359,"ok","high",TRUE,4,"t4","T4","sub_alc_disc_11","sub_alc_disc_11",TRUE
"cap17","sub_alc_disc_26_t4","T4-Did it seem the same amount had less effect on you?","haven_labelled","Substance Use","Harms and Consequences",360,"ok","high",TRUE,4,"t4","T4","sub_alc_disc_26","sub_alc_disc_26",TRUE
"cap17","sub_alc_disc_38_t4","T4-Did you become nervous or worried?","haven_labelled","Substance Use","Harms and Consequences",361,"ok","high",TRUE,4,"t4","T4","sub_alc_disc_38","sub_alc_disc_38",TRUE
"cap17","sub_alc_disc_36_t4","T4-Did you continue drinking even though it made you feel this way?","haven_labelled","Substance Use","Harms and Consequences",362,"ok","high",TRUE,4,"t4","T4","sub_alc_disc_36","sub_alc_disc_36",TRUE
"cap17","sub_alc_disc_34_t4","T4-Did you continue drinking even though it was causing you a physical problem?","haven_labelled","Substance Use","Harms and Consequences",363,"ok","high",TRUE,4,"t4","T4","sub_alc_disc_34","sub_alc_disc_34",TRUE
"cap17","sub_alc_disc_04_t4","T4-Did you drink at school/work more than once?","haven_labelled","Substance Use","Harms and Consequences",364,"ok","high",TRUE,4,"t4","T4","sub_alc_disc_04","sub_alc_disc_04",TRUE
"cap17","sub_alc_disc_07_t4","T4-Did you drink before/during something important like babysitting?","haven_labelled","Substance Use","Harms and Consequences",365,"ok","high",TRUE,4,"t4","T4","sub_alc_disc_07","sub_alc_disc_07",TRUE
"cap17","sub_alc_disc_08_t4","T4-Did you drink before/during something important more than once?","haven_labelled","Substance Use","Harms and Consequences",366,"ok","high",TRUE,4,"t4","T4","sub_alc_disc_08","sub_alc_disc_08",TRUE
"cap17","sub_alc_disc_20_t4","T4-Did you drink more than you thought you would?","haven_labelled","Substance Use","Harms and Consequences",367,"ok","high",TRUE,4,"t4","T4","sub_alc_disc_20","sub_alc_disc_20",TRUE
"cap17","sub_alc_disc_49_t4","T4-Did you ever drink alcohol or take any medicines like tranquilisers or sedatives so that you wouldn’t feel bad or sick from cutting down?","haven_labelled","Substance Use","Harms and Consequences",368,"ok","high",TRUE,4,"t4","T4","sub_alc_disc_49","sub_alc_disc_49",TRUE
"cap17","sub_alc_disc_17_t4","T4-Did you ever drink in situations where you could get hurt more than once?","haven_labelled","Substance Use","Harms and Consequences",369,"ok","high",TRUE,4,"t4","T4","sub_alc_disc_17","sub_alc_disc_17",TRUE
"cap17","sub_alc_disc_16_t4","T4-Did you ever drink in situations where you could get hurt?","haven_labelled","Substance Use","Harms and Consequences",370,"ok","high",TRUE,4,"t4","T4","sub_alc_disc_16","sub_alc_disc_16",TRUE
"cap17","sub_alc_disc_46_t4","T4-Did you ever have any fits or seizures?","haven_labelled","Substance Use","Harms and Consequences",371,"ok","high",TRUE,4,"t4","T4","sub_alc_disc_46","sub_alc_disc_46",TRUE
"cap17","sub_alc_disc_39_t4","T4-Did you feel restless, like you couldn’t sit still?","haven_labelled","Substance Use","Harms and Consequences",372,"ok","high",TRUE,4,"t4","T4","sub_alc_disc_39","sub_alc_disc_39",TRUE
"cap17","sub_alc_disc_41_t4","T4-Did you feel sick to your stomach or have to vomit or throw up?","haven_labelled","Substance Use","Harms and Consequences",373,"ok","high",TRUE,4,"t4","T4","sub_alc_disc_41","sub_alc_disc_41",TRUE
"cap17","sub_alc_disc_45_t4","T4-Did you feel weak?","haven_labelled","Substance Use","Harms and Consequences",374,"ok","high",TRUE,4,"t4","T4","sub_alc_disc_45","sub_alc_disc_45",TRUE
"cap17","sub_alc_disc_40_t4","T4-Did you feel your heart beating fast?","haven_labelled","Substance Use","Harms and Consequences",375,"ok","high",TRUE,4,"t4","T4","sub_alc_disc_40","sub_alc_disc_40",TRUE
"cap17","sub_alc_disc_43_t4","T4-Did you get headaches?","haven_labelled","Substance Use","Harms and Consequences",376,"ok","high",TRUE,4,"t4","T4","sub_alc_disc_43","sub_alc_disc_43",TRUE
"cap17","sub_alc_disc_06_t4","T4-Did you get in trouble/have problems more than once?","haven_labelled","Substance Use","Harms and Consequences",377,"ok","high",TRUE,4,"t4","T4","sub_alc_disc_06","sub_alc_disc_06",TRUE
"cap17","sub_alc_disc_05_t4","T4-Did you get into trouble/have problems at school/work or have problems because of drinking?","haven_labelled","Substance Use","Harms and Consequences",378,"ok","high",TRUE,4,"t4","T4","sub_alc_disc_05","sub_alc_disc_05",TRUE
"cap17","sub_alc_disc_03_t4","T4-Did you go to school/work right after you had been drinking or drink while you were at school or work?","haven_labelled","Substance Use","Harms and Consequences",379,"ok","high",TRUE,4,"t4","T4","sub_alc_disc_03","sub_alc_disc_03",TRUE
"cap17","sub_alc_disc_21_t4","T4-Did you often end up drinking for a longer time than you thought you would?","haven_labelled","Substance Use","Harms and Consequences",380,"ok","high",TRUE,4,"t4","T4","sub_alc_disc_21","sub_alc_disc_21",TRUE
"cap17","sub_alc_disc_48_t4","T4-Did you see, feel, or hear things that other people couldn’t?","haven_labelled","Substance Use","Harms and Consequences",381,"ok","high",TRUE,4,"t4","T4","sub_alc_disc_48","sub_alc_disc_48",TRUE
"cap17","sub_alc_disc_28_t4","T4-Did you spend a lot of time drinking?","haven_labelled","Substance Use","Harms and Consequences",382,"ok","high",TRUE,4,"t4","T4","sub_alc_disc_28","sub_alc_disc_28",TRUE
"cap17","sub_alc_disc_29_t4","T4-Did you spend a lot of time planning how you would get alcohol?","haven_labelled","Substance Use","Harms and Consequences",383,"ok","high",TRUE,4,"t4","T4","sub_alc_disc_29","sub_alc_disc_29",TRUE
"cap17","sub_alc_disc_44_t4","T4-Did you sweat a lot?","haven_labelled","Substance Use","Harms and Consequences",384,"ok","high",TRUE,4,"t4","T4","sub_alc_disc_44","sub_alc_disc_44",TRUE
"cap17","sub_alc_disc_47_t4","T4-Did your hands shake? If you select no, did your tongue tremble or eyes twitch?","haven_labelled","Substance Use","Harms and Consequences",385,"ok","high",TRUE,4,"t4","T4","sub_alc_disc_47","sub_alc_disc_47",TRUE
"cap17","sub_alc_disc_15_t4","T4-Even though you got into physical fights, did you drink alcohol anyway?","haven_labelled","Substance Use","Harms and Consequences",386,"ok","high",TRUE,4,"t4","T4","sub_alc_disc_15","sub_alc_disc_15",TRUE
"cap17","sub_alc_disc_10_t4","T4-Even though you had problems with your family or friends, did you drink anyway?","haven_labelled","Substance Use","Harms and Consequences",387,"ok","high",TRUE,4,"t4","T4","sub_alc_disc_10","sub_alc_disc_10",TRUE
"cap17","sub_alc_disc_12_t4","T4-Even though your friends didn’t want to be with you, did you drink anyway?","haven_labelled","Substance Use","Harms and Consequences",388,"ok","high",TRUE,4,"t4","T4","sub_alc_disc_12","sub_alc_disc_12",TRUE
"cap17","sub_alc_rapi_06_t4","T4-Felt I needed more alcohol than I used to drink in order to get the same effect","haven_labelled","Substance Use","Harms and Consequences",389,"ok","high",TRUE,4,"t4","T4","sub_alc_rapi_06","sub_alc_rapi_06",TRUE
"cap17","sub_alc_rapi_08_t4","T4-Felt I was going crazy","haven_labelled","Substance Use","Harms and Consequences",390,"ok","high",TRUE,4,"t4","T4","sub_alc_rapi_08","sub_alc_rapi_08",TRUE
"cap17","sub_alc_disc_24_t4","T4-Have you often felt you should quit or cut down?","haven_labelled","Substance Use","Harms and Consequences",391,"ok","high",TRUE,4,"t4","T4","sub_alc_disc_24","sub_alc_disc_24",TRUE
"cap17","sub_alc_disc_02_t4","T4-Miss school >1 time because of drinking?","haven_labelled","Substance Use","Harms and Consequences",392,"ok","high",TRUE,4,"t4","T4","sub_alc_disc_02","sub_alc_disc_02",TRUE
"cap17","sub_alc_disc_01_t4","T4-Miss school/work to go drinking or because you were hung over?","haven_labelled","Substance Use","Harms and Consequences",393,"ok","high",TRUE,4,"t4","T4","sub_alc_disc_01","sub_alc_disc_01",TRUE
"cap17","sub_can_harm_03_t4","T4-Peers/friends /partner complained about your use of cannabis?","haven_labelled","Substance Use","Harms and Consequences",394,"ok","high",TRUE,4,"t4","T4","sub_can_harm_03","sub_can_harm_03",TRUE
"cap17","sub_can_harm_05_t4","T4-Profession help as a result of using cannabis?","haven_labelled","Substance Use","Harms and Consequences",395,"ok","high",TRUE,4,"t4","T4","sub_can_harm_05","sub_can_harm_05",TRUE
"cap17","sub_can_harm_01_t4","T4-School performance affected by cannabis?","haven_labelled","Substance Use","Harms and Consequences",396,"ok","high",TRUE,4,"t4","T4","sub_can_harm_01","sub_can_harm_01",TRUE
"cap17","sub_alc_rapi_07_t4","T4-Tried to cut down on drinking","haven_labelled","Substance Use","Harms and Consequences",397,"ok","high",TRUE,4,"t4","T4","sub_alc_rapi_07","sub_alc_rapi_07",TRUE
"cap17","sub_can_harm_02_t4","T4-Trouble with adults as a result of using cannabis?","haven_labelled","Substance Use","Harms and Consequences",398,"ok","high",TRUE,4,"t4","T4","sub_can_harm_02","sub_can_harm_02",TRUE
"cap17","sub_alc_disc_19_t4","T4-Trouble with the police more than once?","haven_labelled","Substance Use","Harms and Consequences",399,"ok","high",TRUE,4,"t4","T4","sub_alc_disc_19","sub_alc_disc_19",TRUE
"cap17","sub_alc_disc_18_t4","T4-Trouble with the police when you were drunk or because you had been drinking?","haven_labelled","Substance Use","Harms and Consequences",400,"ok","high",TRUE,4,"t4","T4","sub_alc_disc_18","sub_alc_disc_18",TRUE
"cap17","sub_alc_disc_27_t4","T4-Were there many days when you felt sick or hung-over after drinking?","haven_labelled","Substance Use","Harms and Consequences",401,"ok","high",TRUE,4,"t4","T4","sub_alc_disc_27","sub_alc_disc_27",TRUE
"cap17","sub_alc_disc_23_t4","T4-When you decided to quit or cut down in the last year, were you always able to do so for at least one month?","haven_labelled","Substance Use","Harms and Consequences",402,"ok","high",TRUE,4,"t4","T4","sub_alc_disc_23","sub_alc_disc_23",TRUE
"cap17","sub_alc_disc_37_t4","T4-When you didn’t drink or when you cut down in the last year, did you feel bad or feel sick?","haven_labelled","Substance Use","Harms and Consequences",403,"ok","high",TRUE,4,"t4","T4","sub_alc_disc_37","sub_alc_disc_37",TRUE
"cap17","sub_can_harm_04_t4","T4-Worried about money or finances because of your cannabis use?","haven_labelled","Substance Use","Harms and Consequences",404,"ok","high",TRUE,4,"t4","T4","sub_can_harm_04","sub_can_harm_04",TRUE
"cap17","sub_can_harm_06_t4","T4-Worried about you use of cannabis?","haven_labelled","Substance Use","Harms and Consequences",405,"ok","high",TRUE,4,"t4","T4","sub_can_harm_06","sub_can_harm_06",TRUE
"cap17","sub_alc_rapi_02_t4","T4-caused shame or embarrasment to someone","haven_labelled","Substance Use","Harms and Consequences",406,"ok","high",TRUE,4,"t4","T4","sub_alc_rapi_02","sub_alc_rapi_02",TRUE
"cap17","sub_alc_disc_35_t4","T4-did drinking cause you to get very sad or depressed or irritable?","haven_labelled","Substance Use","Harms and Consequences",407,"ok","high",TRUE,4,"t4","T4","sub_alc_disc_35","sub_alc_disc_35",TRUE
"cap17","sub_alc_disc_33_t4","T4-did drinking cause you to have any physical health problems or did drinking make a health problem worse?","haven_labelled","Substance Use","Harms and Consequences",408,"ok","high",TRUE,4,"t4","T4","sub_alc_disc_33","sub_alc_disc_33",TRUE
"cap17","sub_alc_disc_51_t4","T4-did you ever discover you couldn’t remember things you had said or done more than once?","haven_labelled","Substance Use","Harms and Consequences",409,"ok","high",TRUE,4,"t4","T4","sub_alc_disc_51","sub_alc_disc_51",TRUE
"cap17","sub_alc_disc_22_t4","T4-did you ever try to quit or cut down on your drinking?","haven_labelled","Substance Use","Harms and Consequences",410,"ok","high",TRUE,4,"t4","T4","sub_alc_disc_22","sub_alc_disc_22",TRUE
"cap17","sub_alc_disc_31_t4","T4-did you ever want a drink so badly that you could not think about anything else?","haven_labelled","Substance Use","Harms and Consequences",411,"ok","high",TRUE,4,"t4","T4","sub_alc_disc_31","sub_alc_disc_31",TRUE
"cap17","sub_alc_disc_30_t4","T4-did you feel such a strong desire or urge to drink that you could not keep from drinking?","haven_labelled","Substance Use","Harms and Consequences",412,"ok","high",TRUE,4,"t4","T4","sub_alc_disc_30","sub_alc_disc_30",TRUE
"cap17","sub_alc_disc_14_t4","T4-did you get into any physical fights while drinking more than once?","haven_labelled","Substance Use","Harms and Consequences",413,"ok","high",TRUE,4,"t4","T4","sub_alc_disc_14","sub_alc_disc_14",TRUE
"cap17","sub_alc_disc_13_t4","T4-did you get into any physical fights while drinking?","haven_labelled","Substance Use","Harms and Consequences",414,"ok","high",TRUE,4,"t4","T4","sub_alc_disc_13","sub_alc_disc_13",TRUE
"cap17","sub_alc_disc_09_t4","T4-did you get into arguments with your family or friends because of your drinking?","haven_labelled","Substance Use","Harms and Consequences",415,"ok","high",TRUE,4,"t4","T4","sub_alc_disc_09","sub_alc_disc_09",TRUE
"cap17","sub_alc_rapi_01_t4","T4-got into fights, acted bad or did mean things","haven_labelled","Substance Use","Harms and Consequences",416,"ok","high",TRUE,4,"t4","T4","sub_alc_rapi_01","sub_alc_rapi_01",TRUE
"cap17","sub_alc_rapi_03_t4","T4-neglected my responsibilities","haven_labelled","Substance Use","Harms and Consequences",417,"ok","high",TRUE,4,"t4","T4","sub_alc_rapi_03","sub_alc_rapi_03",TRUE
"cap17","sub_alc_rapi_04_t4","T4-noticed a change in my personality","haven_labelled","Substance Use","Harms and Consequences",418,"ok","high",TRUE,4,"t4","T4","sub_alc_rapi_04","sub_alc_rapi_04",TRUE
"cap17","sub_alc_rapi_05_t4","T4-suddenly found myself in a place that I could not remember getting into","haven_labelled","Substance Use","Harms and Consequences",419,"ok","high",TRUE,4,"t4","T4","sub_alc_rapi_05","sub_alc_rapi_05",TRUE
"cap17","sub_alc_disc_32_t4","T4-were there often things you cut down on or did not do because of drinking?","haven_labelled","Substance Use","Harms and Consequences",420,"ok","high",TRUE,4,"t4","T4","sub_alc_disc_32","sub_alc_disc_32",TRUE
"cap17","sub_alc_harm_sum_t5","T5 AH Total Score","numeric","Substance Use","Harms and Consequences",421,"ok","high",TRUE,5,"t5","T5","sub_alc_harm_sum",NA,FALSE
"cap17","sub_can_harm_sum_t5","T5 CH Total Score","numeric","Substance Use","Harms and Consequences",422,"ok","high",TRUE,5,"t5","T5","sub_can_harm_sum",NA,FALSE
"cap17","sub_alc_disc_42_t5","T5- Did you have trouble sleeping?","haven_labelled","Substance Use","Harms and Consequences",423,"ok","high",TRUE,5,"t5","T5","sub_alc_disc_42","sub_alc_disc_42",TRUE
"cap17","sub_alc_disc_50_t5","T5- did you ever discover you couldn’t remember things you had said or done while you were drinking?","haven_labelled","Substance Use","Harms and Consequences",424,"ok","high",TRUE,5,"t5","T5","sub_alc_disc_50","sub_alc_disc_50",TRUE
"cap17","sub_alc_disc_25_t5","T5-Could you drink a lot more alcohol than you used to before you got drunk?","haven_labelled","Substance Use","Harms and Consequences",425,"ok","high",TRUE,5,"t5","T5","sub_alc_disc_25","sub_alc_disc_25",TRUE
"cap17","sub_alc_disc_11_t5","T5-Did any of your friends not want to be with you because you were drinking?","haven_labelled","Substance Use","Harms and Consequences",426,"ok","high",TRUE,5,"t5","T5","sub_alc_disc_11","sub_alc_disc_11",TRUE
"cap17","sub_alc_disc_26_t5","T5-Did it seem the same amount had less effect on you?","haven_labelled","Substance Use","Harms and Consequences",427,"ok","high",TRUE,5,"t5","T5","sub_alc_disc_26","sub_alc_disc_26",TRUE
"cap17","sub_alc_disc_38_t5","T5-Did you become nervous or worried?","haven_labelled","Substance Use","Harms and Consequences",428,"ok","high",TRUE,5,"t5","T5","sub_alc_disc_38","sub_alc_disc_38",TRUE
"cap17","sub_alc_disc_36_t5","T5-Did you continue drinking even though it made you feel this way?","haven_labelled","Substance Use","Harms and Consequences",429,"ok","high",TRUE,5,"t5","T5","sub_alc_disc_36","sub_alc_disc_36",TRUE
"cap17","sub_alc_disc_34_t5","T5-Did you continue drinking even though it was causing you a physical problem?","haven_labelled","Substance Use","Harms and Consequences",430,"ok","high",TRUE,5,"t5","T5","sub_alc_disc_34","sub_alc_disc_34",TRUE
"cap17","sub_alc_disc_04_t5","T5-Did you drink at school/work more than once?","haven_labelled","Substance Use","Harms and Consequences",431,"ok","high",TRUE,5,"t5","T5","sub_alc_disc_04","sub_alc_disc_04",TRUE
"cap17","sub_alc_disc_07_t5","T5-Did you drink before/during something important like babysitting?","haven_labelled","Substance Use","Harms and Consequences",432,"ok","high",TRUE,5,"t5","T5","sub_alc_disc_07","sub_alc_disc_07",TRUE
"cap17","sub_alc_disc_08_t5","T5-Did you drink before/during something important more than once?","haven_labelled","Substance Use","Harms and Consequences",433,"ok","high",TRUE,5,"t5","T5","sub_alc_disc_08","sub_alc_disc_08",TRUE
"cap17","sub_alc_disc_20_t5","T5-Did you drink more than you thought you would?","haven_labelled","Substance Use","Harms and Consequences",434,"ok","high",TRUE,5,"t5","T5","sub_alc_disc_20","sub_alc_disc_20",TRUE
"cap17","sub_alc_disc_49_t5","T5-Did you ever drink alcohol or take any medicines like tranquilisers or sedatives so that you wouldn’t feel bad or sick from cutting down?","haven_labelled","Substance Use","Harms and Consequences",435,"ok","high",TRUE,5,"t5","T5","sub_alc_disc_49","sub_alc_disc_49",TRUE
"cap17","sub_alc_disc_17_t5","T5-Did you ever drink in situations where you could get hurt more than once?","haven_labelled","Substance Use","Harms and Consequences",436,"ok","high",TRUE,5,"t5","T5","sub_alc_disc_17","sub_alc_disc_17",TRUE
"cap17","sub_alc_disc_16_t5","T5-Did you ever drink in situations where you could get hurt?","haven_labelled","Substance Use","Harms and Consequences",437,"ok","high",TRUE,5,"t5","T5","sub_alc_disc_16","sub_alc_disc_16",TRUE
"cap17","sub_alc_disc_46_t5","T5-Did you ever have any fits or seizures?","haven_labelled","Substance Use","Harms and Consequences",438,"ok","high",TRUE,5,"t5","T5","sub_alc_disc_46","sub_alc_disc_46",TRUE
"cap17","sub_alc_disc_39_t5","T5-Did you feel restless, like you couldn’t sit still?","haven_labelled","Substance Use","Harms and Consequences",439,"ok","high",TRUE,5,"t5","T5","sub_alc_disc_39","sub_alc_disc_39",TRUE
"cap17","sub_alc_disc_41_t5","T5-Did you feel sick to your stomach or have to vomit or throw up?","haven_labelled","Substance Use","Harms and Consequences",440,"ok","high",TRUE,5,"t5","T5","sub_alc_disc_41","sub_alc_disc_41",TRUE
"cap17","sub_alc_disc_45_t5","T5-Did you feel weak?","haven_labelled","Substance Use","Harms and Consequences",441,"ok","high",TRUE,5,"t5","T5","sub_alc_disc_45","sub_alc_disc_45",TRUE
"cap17","sub_alc_disc_40_t5","T5-Did you feel your heart beating fast?","haven_labelled","Substance Use","Harms and Consequences",442,"ok","high",TRUE,5,"t5","T5","sub_alc_disc_40","sub_alc_disc_40",TRUE
"cap17","sub_alc_disc_43_t5","T5-Did you get headaches?","haven_labelled","Substance Use","Harms and Consequences",443,"ok","high",TRUE,5,"t5","T5","sub_alc_disc_43","sub_alc_disc_43",TRUE
"cap17","sub_alc_disc_06_t5","T5-Did you get in trouble/have problems more than once?","haven_labelled","Substance Use","Harms and Consequences",444,"ok","high",TRUE,5,"t5","T5","sub_alc_disc_06","sub_alc_disc_06",TRUE
"cap17","sub_alc_disc_05_t5","T5-Did you get into trouble/have problems at school/work or have problems because of drinking?","haven_labelled","Substance Use","Harms and Consequences",445,"ok","high",TRUE,5,"t5","T5","sub_alc_disc_05","sub_alc_disc_05",TRUE
"cap17","sub_alc_disc_03_t5","T5-Did you go to school/work right after you had been drinking or drink while you were at school or work?","haven_labelled","Substance Use","Harms and Consequences",446,"ok","high",TRUE,5,"t5","T5","sub_alc_disc_03","sub_alc_disc_03",TRUE
"cap17","sub_alc_disc_21_t5","T5-Did you often end up drinking for a longer time than you thought you would?","haven_labelled","Substance Use","Harms and Consequences",447,"ok","high",TRUE,5,"t5","T5","sub_alc_disc_21","sub_alc_disc_21",TRUE
"cap17","sub_alc_disc_48_t5","T5-Did you see, feel, or hear things that other people couldn’t?","haven_labelled","Substance Use","Harms and Consequences",448,"ok","high",TRUE,5,"t5","T5","sub_alc_disc_48","sub_alc_disc_48",TRUE
"cap17","sub_alc_disc_28_t5","T5-Did you spend a lot of time drinking?","haven_labelled","Substance Use","Harms and Consequences",449,"ok","high",TRUE,5,"t5","T5","sub_alc_disc_28","sub_alc_disc_28",TRUE
"cap17","sub_alc_disc_29_t5","T5-Did you spend a lot of time planning how you would get alcohol?","haven_labelled","Substance Use","Harms and Consequences",450,"ok","high",TRUE,5,"t5","T5","sub_alc_disc_29","sub_alc_disc_29",TRUE
"cap17","sub_alc_disc_44_t5","T5-Did you sweat a lot?","haven_labelled","Substance Use","Harms and Consequences",451,"ok","high",TRUE,5,"t5","T5","sub_alc_disc_44","sub_alc_disc_44",TRUE
"cap17","sub_alc_disc_47_t5","T5-Did your hands shake? If you select no, did your tongue tremble or eyes twitch?","haven_labelled","Substance Use","Harms and Consequences",452,"ok","high",TRUE,5,"t5","T5","sub_alc_disc_47","sub_alc_disc_47",TRUE
"cap17","sub_alc_disc_15_t5","T5-Even though you got into physical fights, did you drink alcohol anyway?","haven_labelled","Substance Use","Harms and Consequences",453,"ok","high",TRUE,5,"t5","T5","sub_alc_disc_15","sub_alc_disc_15",TRUE
"cap17","sub_alc_disc_10_t5","T5-Even though you had problems with your family or friends, did you drink anyway?","haven_labelled","Substance Use","Harms and Consequences",454,"ok","high",TRUE,5,"t5","T5","sub_alc_disc_10","sub_alc_disc_10",TRUE
"cap17","sub_alc_disc_12_t5","T5-Even though your friends didn’t want to be with you, did you drink anyway?","haven_labelled","Substance Use","Harms and Consequences",455,"ok","high",TRUE,5,"t5","T5","sub_alc_disc_12","sub_alc_disc_12",TRUE
"cap17","sub_alc_rapi_06_t5","T5-Felt I needed more alcohol than I used to drink in order to get the same effect","haven_labelled","Substance Use","Harms and Consequences",456,"ok","high",TRUE,5,"t5","T5","sub_alc_rapi_06","sub_alc_rapi_06",TRUE
"cap17","sub_alc_rapi_08_t5","T5-Felt I was going crazy","haven_labelled","Substance Use","Harms and Consequences",457,"ok","high",TRUE,5,"t5","T5","sub_alc_rapi_08","sub_alc_rapi_08",TRUE
"cap17","sub_alc_disc_24_t5","T5-Have you often felt you should quit or cut down?","haven_labelled","Substance Use","Harms and Consequences",458,"ok","high",TRUE,5,"t5","T5","sub_alc_disc_24","sub_alc_disc_24",TRUE
"cap17","sub_alc_disc_02_t5","T5-Miss school >1 time because of drinking?","haven_labelled","Substance Use","Harms and Consequences",459,"ok","high",TRUE,5,"t5","T5","sub_alc_disc_02","sub_alc_disc_02",TRUE
"cap17","sub_alc_disc_01_t5","T5-Miss school/work to go drinking or because you were hung over?","haven_labelled","Substance Use","Harms and Consequences",460,"ok","high",TRUE,5,"t5","T5","sub_alc_disc_01","sub_alc_disc_01",TRUE
"cap17","sub_can_harm_03_t5","T5-Peers/friends /partner complained about your use of cannabis?","haven_labelled","Substance Use","Harms and Consequences",461,"ok","high",TRUE,5,"t5","T5","sub_can_harm_03","sub_can_harm_03",TRUE
"cap17","sub_can_harm_05_t5","T5-Profession help as a result of using cannabis?","haven_labelled","Substance Use","Harms and Consequences",462,"ok","high",TRUE,5,"t5","T5","sub_can_harm_05","sub_can_harm_05",TRUE
"cap17","sub_can_harm_01_t5","T5-School performance affected by cannabis?","haven_labelled","Substance Use","Harms and Consequences",463,"ok","high",TRUE,5,"t5","T5","sub_can_harm_01","sub_can_harm_01",TRUE
"cap17","sub_alc_rapi_07_t5","T5-Tried to cut down on drinking","haven_labelled","Substance Use","Harms and Consequences",464,"ok","high",TRUE,5,"t5","T5","sub_alc_rapi_07","sub_alc_rapi_07",TRUE
"cap17","sub_can_harm_02_t5","T5-Trouble with adults as a result of using cannabis?","haven_labelled","Substance Use","Harms and Consequences",465,"ok","high",TRUE,5,"t5","T5","sub_can_harm_02","sub_can_harm_02",TRUE
"cap17","sub_alc_disc_19_t5","T5-Trouble with the police more than once?","haven_labelled","Substance Use","Harms and Consequences",466,"ok","high",TRUE,5,"t5","T5","sub_alc_disc_19","sub_alc_disc_19",TRUE
"cap17","sub_alc_disc_18_t5","T5-Trouble with the police when you were drunk or because you had been drinking?","haven_labelled","Substance Use","Harms and Consequences",467,"ok","high",TRUE,5,"t5","T5","sub_alc_disc_18","sub_alc_disc_18",TRUE
"cap17","sub_alc_disc_27_t5","T5-Were there many days when you felt sick or hung-over after drinking?","haven_labelled","Substance Use","Harms and Consequences",468,"ok","high",TRUE,5,"t5","T5","sub_alc_disc_27","sub_alc_disc_27",TRUE
"cap17","sub_alc_disc_23_t5","T5-When you decided to quit or cut down in the last year, were you always able to do so for at least one month?","haven_labelled","Substance Use","Harms and Consequences",469,"ok","high",TRUE,5,"t5","T5","sub_alc_disc_23","sub_alc_disc_23",TRUE
"cap17","sub_alc_disc_37_t5","T5-When you didn’t drink or when you cut down in the last year, did you feel bad or feel sick?","haven_labelled","Substance Use","Harms and Consequences",470,"ok","high",TRUE,5,"t5","T5","sub_alc_disc_37","sub_alc_disc_37",TRUE
"cap17","sub_can_harm_04_t5","T5-Worried about money or finances because of your cannabis use?","haven_labelled","Substance Use","Harms and Consequences",471,"ok","high",TRUE,5,"t5","T5","sub_can_harm_04","sub_can_harm_04",TRUE
"cap17","sub_can_harm_06_t5","T5-Worried about you use of cannabis?","haven_labelled","Substance Use","Harms and Consequences",472,"ok","high",TRUE,5,"t5","T5","sub_can_harm_06","sub_can_harm_06",TRUE
"cap17","sub_alc_rapi_02_t5","T5-caused shame or embarrasment to someone","haven_labelled","Substance Use","Harms and Consequences",473,"ok","high",TRUE,5,"t5","T5","sub_alc_rapi_02","sub_alc_rapi_02",TRUE
"cap17","sub_alc_disc_35_t5","T5-did drinking cause you to get very sad or depressed or irritable?","haven_labelled","Substance Use","Harms and Consequences",474,"ok","high",TRUE,5,"t5","T5","sub_alc_disc_35","sub_alc_disc_35",TRUE
"cap17","sub_alc_disc_33_t5","T5-did drinking cause you to have any physical health problems or did drinking make a health problem worse?","haven_labelled","Substance Use","Harms and Consequences",475,"ok","high",TRUE,5,"t5","T5","sub_alc_disc_33","sub_alc_disc_33",TRUE
"cap17","sub_alc_disc_51_t5","T5-did you ever discover you couldn’t remember things you had said or done more than once?","haven_labelled","Substance Use","Harms and Consequences",476,"ok","high",TRUE,5,"t5","T5","sub_alc_disc_51","sub_alc_disc_51",TRUE
"cap17","sub_alc_disc_22_t5","T5-did you ever try to quit or cut down on your drinking?","haven_labelled","Substance Use","Harms and Consequences",477,"ok","high",TRUE,5,"t5","T5","sub_alc_disc_22","sub_alc_disc_22",TRUE
"cap17","sub_alc_disc_31_t5","T5-did you ever want a drink so badly that you could not think about anything else?","haven_labelled","Substance Use","Harms and Consequences",478,"ok","high",TRUE,5,"t5","T5","sub_alc_disc_31","sub_alc_disc_31",TRUE
"cap17","sub_alc_disc_30_t5","T5-did you feel such a strong desire or urge to drink that you could not keep from drinking?","haven_labelled","Substance Use","Harms and Consequences",479,"ok","high",TRUE,5,"t5","T5","sub_alc_disc_30","sub_alc_disc_30",TRUE
"cap17","sub_alc_disc_14_t5","T5-did you get into any physical fights while drinking more than once?","haven_labelled","Substance Use","Harms and Consequences",480,"ok","high",TRUE,5,"t5","T5","sub_alc_disc_14","sub_alc_disc_14",TRUE
"cap17","sub_alc_disc_13_t5","T5-did you get into any physical fights while drinking?","haven_labelled","Substance Use","Harms and Consequences",481,"ok","high",TRUE,5,"t5","T5","sub_alc_disc_13","sub_alc_disc_13",TRUE
"cap17","sub_alc_disc_09_t5","T5-did you get into arguments with your family or friends because of your drinking?","haven_labelled","Substance Use","Harms and Consequences",482,"ok","high",TRUE,5,"t5","T5","sub_alc_disc_09","sub_alc_disc_09",TRUE
"cap17","sub_alc_rapi_01_t5","T5-got into fights, acted bad or did mean things","haven_labelled","Substance Use","Harms and Consequences",483,"ok","high",TRUE,5,"t5","T5","sub_alc_rapi_01","sub_alc_rapi_01",TRUE
"cap17","sub_alc_rapi_03_t5","T5-neglected my responsibilities","haven_labelled","Substance Use","Harms and Consequences",484,"ok","high",TRUE,5,"t5","T5","sub_alc_rapi_03","sub_alc_rapi_03",TRUE
"cap17","sub_alc_rapi_04_t5","T5-noticed a change in my personality","haven_labelled","Substance Use","Harms and Consequences",485,"ok","high",TRUE,5,"t5","T5","sub_alc_rapi_04","sub_alc_rapi_04",TRUE
"cap17","sub_alc_rapi_05_t5","T5-suddenly found myself in a place that I could not remember getting into","haven_labelled","Substance Use","Harms and Consequences",486,"ok","high",TRUE,5,"t5","T5","sub_alc_rapi_05","sub_alc_rapi_05",TRUE
"cap17","sub_alc_disc_32_t5","T5-were there often things you cut down on or did not do because of drinking?","haven_labelled","Substance Use","Harms and Consequences",487,"ok","high",TRUE,5,"t5","T5","sub_alc_disc_32","sub_alc_disc_32",TRUE
"cap17","sub_alc_harm_sum_t1","Time 1 AH Total Score","numeric","Substance Use","Harms and Consequences",488,"ok","high",TRUE,1,"t1","T1","sub_alc_harm_sum",NA,FALSE
"cap17","sub_alc_legal_t1","Time 1 Alcohol-related legal problems","numeric","Substance Use","Harms and Consequences",489,"ok","high",TRUE,1,"t1","T1","sub_alc_legal",NA,FALSE
"cap17","sub_can_harm_sum_t1","Time 1 CH Total Score","numeric","Substance Use","Harms and Consequences",490,"ok","high",TRUE,1,"t1","T1","sub_can_harm_sum",NA,FALSE
"cap17","sub_alc_largelong_t1","Time 1 Drinking in larger amounts or over a longer period than intended","numeric","Substance Use","Harms and Consequences",491,"ok","high",TRUE,1,"t1","T1","sub_alc_largelong",NA,FALSE
"cap17","sub_alc_mrole_t1","Time 1 Failure to fulfil major role obligations","numeric","Substance Use","Harms and Consequences",492,"ok","high",TRUE,1,"t1","T1","sub_alc_mrole",NA,FALSE
"cap17","sub_alc_giveup","Time 1 Important social, occupational, or recreational activities given up or reduced because of drinking","numeric","Substance Use","Harms and Consequences",493,"ok","high",FALSE,NA,NA,NA,"sub_alc_giveup",NA,FALSE
"cap17","sub_alc_cutdown_t1","Time 1 Persistent desire or one or more unsuccessful efforts to cut down or control drinking","numeric","Substance Use","Harms and Consequences",494,"ok","high",TRUE,1,"t1","T1","sub_alc_cutdown",NA,FALSE
"cap17","sub_alc_hazard_t1","Time 1 Recurrent alcohol use in situations in which it is physically hazardous","numeric","Substance Use","Harms and Consequences",495,"ok","high",TRUE,1,"t1","T1","sub_alc_hazard",NA,FALSE
"cap17","sub_alc_social_t1","Time 1 Use despite social or interpersonal problems","numeric","Substance Use","Harms and Consequences",496,"ok","high",TRUE,1,"t1","T1","sub_alc_social",NA,FALSE
"cap17","sub_alc_harm_sum_t2","Time 2 AH Total Score","numeric","Substance Use","Harms and Consequences",497,"ok","high",TRUE,2,"t2","T2","sub_alc_harm_sum",NA,FALSE
"cap17","sub_alc_legal_t2","Time 2 Alcohol-related legal problems","numeric","Substance Use","Harms and Consequences",498,"ok","high",TRUE,2,"t2","T2","sub_alc_legal",NA,FALSE
"cap17","sub_can_harm_sum_t2","Time 2 CH Total Score","numeric","Substance Use","Harms and Consequences",499,"ok","high",TRUE,2,"t2","T2","sub_can_harm_sum",NA,FALSE
"cap17","sub_alc_largelong_t2","Time 2 Drinking in larger amounts or over a longer period than intended","numeric","Substance Use","Harms and Consequences",500,"ok","high",TRUE,2,"t2","T2","sub_alc_largelong",NA,FALSE
"cap17","sub_alc_mrole_t2","Time 2 Failure to fulfil major role obligations","numeric","Substance Use","Harms and Consequences",501,"ok","high",TRUE,2,"t2","T2","sub_alc_mrole",NA,FALSE
"cap17","sub_alc_giveup_t2","Time 2 Important social, occupational, or recreational activities given up or reduced because of drinking","numeric","Substance Use","Harms and Consequences",502,"ok","high",TRUE,2,"t2","T2","sub_alc_giveup",NA,FALSE
"cap17","sub_alc_cutdown_t2","Time 2 Persistent desire or one or more unsuccessful efforts to cut down or control drinking","numeric","Substance Use","Harms and Consequences",503,"ok","high",TRUE,2,"t2","T2","sub_alc_cutdown",NA,FALSE
"cap17","sub_alc_hazard_t2","Time 2 Recurrent alcohol use in situations in which it is physically hazardous","numeric","Substance Use","Harms and Consequences",504,"ok","high",TRUE,2,"t2","T2","sub_alc_hazard",NA,FALSE
"cap17","sub_alc_social_t2","Time 2 Use despite social or interpersonal problems","numeric","Substance Use","Harms and Consequences",505,"ok","high",TRUE,2,"t2","T2","sub_alc_social",NA,FALSE
"cap17","sub_alc_legal_t3","Time 3 Alcohol-related legal problems","numeric","Substance Use","Harms and Consequences",506,"ok","high",TRUE,3,"t3","T3","sub_alc_legal",NA,FALSE
"cap17","sub_alc_largelong_t3","Time 3 Drinking in larger amounts or over a longer period than intended","numeric","Substance Use","Harms and Consequences",507,"ok","high",TRUE,3,"t3","T3","sub_alc_largelong",NA,FALSE
"cap17","sub_alc_mrole_t3","Time 3 Failure to fulfil major role obligations","numeric","Substance Use","Harms and Consequences",508,"ok","high",TRUE,3,"t3","T3","sub_alc_mrole",NA,FALSE
"cap17","sub_alc_giveup_t3","Time 3 Important social, occupational, or recreational activities given up or reduced because of drinking","numeric","Substance Use","Harms and Consequences",509,"ok","high",TRUE,3,"t3","T3","sub_alc_giveup",NA,FALSE
"cap17","sub_alc_cutdown_t3","Time 3 Persistent desire or one or more unsuccessful efforts to cut down or control drinking","numeric","Substance Use","Harms and Consequences",510,"ok","high",TRUE,3,"t3","T3","sub_alc_cutdown",NA,FALSE
"cap17","sub_alc_hazard_t3","Time 3 Recurrent alcohol use in situations in which it is physically hazardous","numeric","Substance Use","Harms and Consequences",511,"ok","high",TRUE,3,"t3","T3","sub_alc_hazard",NA,FALSE
"cap17","sub_alc_social_t3","Time 3 Use despite social or interpersonal problems","numeric","Substance Use","Harms and Consequences",512,"ok","high",TRUE,3,"t3","T3","sub_alc_social",NA,FALSE
"cap17","sub_alc_legal_t4","Time 4 Alcohol-related legal problems","numeric","Substance Use","Harms and Consequences",513,"ok","high",TRUE,4,"t4","T4","sub_alc_legal",NA,FALSE
"cap17","sub_alc_largelong_t4","Time 4 Drinking in larger amounts or over a longer period than intended","numeric","Substance Use","Harms and Consequences",514,"ok","high",TRUE,4,"t4","T4","sub_alc_largelong",NA,FALSE
"cap17","sub_alc_mrole_t4","Time 4 Failure to fulfil major role obligations","numeric","Substance Use","Harms and Consequences",515,"ok","high",TRUE,4,"t4","T4","sub_alc_mrole",NA,FALSE
"cap17","sub_alc_giveup_t4","Time 4 Important social, occupational, or recreational activities given up or reduced because of drinking","numeric","Substance Use","Harms and Consequences",516,"ok","high",TRUE,4,"t4","T4","sub_alc_giveup",NA,FALSE
"cap17","sub_alc_cutdown_t4","Time 4 Persistent desire or one or more unsuccessful efforts to cut down or control drinking","numeric","Substance Use","Harms and Consequences",517,"ok","high",TRUE,4,"t4","T4","sub_alc_cutdown",NA,FALSE
"cap17","sub_alc_hazard_t4","Time 4 Recurrent alcohol use in situations in which it is physically hazardous","numeric","Substance Use","Harms and Consequences",518,"ok","high",TRUE,4,"t4","T4","sub_alc_hazard",NA,FALSE
"cap17","sub_alc_social_t4","Time 4 Use despite social or interpersonal problems","numeric","Substance Use","Harms and Consequences",519,"ok","high",TRUE,4,"t4","T4","sub_alc_social",NA,FALSE
"cap17","sub_can_harm_06_t6","Time 6 Ever worried about your use of cannabis","haven_labelled","Substance Use","Harms and Consequences",520,"ok","high",TRUE,6,"t6","T6","sub_can_harm_06","sub_can_harm_06",TRUE
"cap17","sub_can_harm_02_t6","Time 6 Got into trouble with adults as a result of using cannabis","haven_labelled","Substance Use","Harms and Consequences",521,"ok","high",TRUE,6,"t6","T6","sub_can_harm_02","sub_can_harm_02",TRUE
"cap17","sub_can_harm_05_t6","Time 6 Had to seek professional help as a result of using cannabis","haven_labelled","Substance Use","Harms and Consequences",522,"ok","high",TRUE,6,"t6","T6","sub_can_harm_05","sub_can_harm_05",TRUE
"cap17","sub_can_harm_03_t6","Time 6 Peers/friends/partner complained about use of cannabis","haven_labelled","Substance Use","Harms and Consequences",523,"ok","high",TRUE,6,"t6","T6","sub_can_harm_03","sub_can_harm_03",TRUE
"cap17","sub_can_harm_01_t6","Time 6 School performance affected by cannabis","haven_labelled","Substance Use","Harms and Consequences",524,"ok","high",TRUE,6,"t6","T6","sub_can_harm_01","sub_can_harm_01",TRUE
"cap17","sub_can_harm_04_t6","Time 6 Worried about money or finances because of cannabis use","haven_labelled","Substance Use","Harms and Consequences",525,"ok","high",TRUE,6,"t6","T6","sub_can_harm_04","sub_can_harm_04",TRUE
"cap17","sub_can_harm_06_t7","Time 7 Ever worried about your use of cannabis","haven_labelled","Substance Use","Harms and Consequences",526,"ok","high",TRUE,7,"t7","T7","sub_can_harm_06","sub_can_harm_06",TRUE
"cap17","sub_can_harm_02_t7","Time 7 Got into trouble with adults as a result of using cannabis","haven_labelled","Substance Use","Harms and Consequences",527,"ok","high",TRUE,7,"t7","T7","sub_can_harm_02","sub_can_harm_02",TRUE
"cap17","sub_can_harm_05_t7","Time 7 Had to seek professional help as a result of using cannabis","haven_labelled","Substance Use","Harms and Consequences",528,"ok","high",TRUE,7,"t7","T7","sub_can_harm_05","sub_can_harm_05",TRUE
"cap17","sub_can_harm_03_t7","Time 7 Peers/friends/partner complained about use of cannabis","haven_labelled","Substance Use","Harms and Consequences",529,"ok","high",TRUE,7,"t7","T7","sub_can_harm_03","sub_can_harm_03",TRUE
"cap17","sub_can_harm_01_t7","Time 7 Work or study performance affected by cannabis","haven_labelled","Substance Use","Harms and Consequences",530,"ok","high",TRUE,7,"t7","T7","sub_can_harm_01","sub_can_harm_01",TRUE
"cap17","sub_can_harm_04_t7","Time 7 Worried about money or finances because of cannabis use","haven_labelled","Substance Use","Harms and Consequences",531,"ok","high",TRUE,7,"t7","T7","sub_can_harm_04","sub_can_harm_04",TRUE
"cap17","sub_alc_legal_t5","time 5 Alcohol-related legal problems","numeric","Substance Use","Harms and Consequences",532,"ok","high",TRUE,5,"t5","T5","sub_alc_legal",NA,FALSE
"cap17","sub_alc_largelong_t5","time 5 Drinking in larger amounts or over a longer period than intended","numeric","Substance Use","Harms and Consequences",533,"ok","high",TRUE,5,"t5","T5","sub_alc_largelong",NA,FALSE
"cap17","sub_alc_mrole_t5","time 5 Failure to fulfil major role obligations","numeric","Substance Use","Harms and Consequences",534,"ok","high",TRUE,5,"t5","T5","sub_alc_mrole",NA,FALSE
"cap17","sub_alc_giveup_t5","time 5 Important social, occupational, or recreational activities given up or reduced because of drinking","numeric","Substance Use","Harms and Consequences",535,"ok","high",TRUE,5,"t5","T5","sub_alc_giveup",NA,FALSE
"cap17","sub_alc_cutdown_t5","time 5 Persistent desire or one or more unsuccessful efforts to cut down or control drinking","numeric","Substance Use","Harms and Consequences",536,"ok","high",TRUE,5,"t5","T5","sub_alc_cutdown",NA,FALSE
"cap17","sub_alc_hazard_t5","time 5 Recurrent alcohol use in situations in which it is physically hazardous","numeric","Substance Use","Harms and Consequences",537,"ok","high",TRUE,5,"t5","T5","sub_alc_hazard",NA,FALSE
"cap17","sub_alc_social_t5","time 5 Use despite social or interpersonal problems","numeric","Substance Use","Harms and Consequences",538,"ok","high",TRUE,5,"t5","T5","sub_alc_social",NA,FALSE
"cap17","sub_can_int_t1","T1 Cannabis Intentions","haven_labelled","Substance Use","Other Substances",539,"ok","high",TRUE,1,"t1","T1","sub_can_int","sub_can_int",TRUE
"cap17","sub_ecs_int_t1","T1 Ecstacy Intentions","haven_labelled","Substance Use","Other Substances",540,"ok","high",TRUE,1,"t1","T1","sub_ecs_int","sub_ecs_int",TRUE
"cap17","sub_meth_int_t1","T1 Meth Intentions","haven_labelled","Substance Use","Other Substances",541,"ok","high",TRUE,1,"t1","T1","sub_meth_int","sub_meth_int",TRUE
"cap17","sub_rses_sum_t1","T1 PP Total Score","numeric","Substance Use","Other Substances",542,"ok","high",TRUE,1,"t1","T1","sub_rses_sum",NA,FALSE
"cap17","sub_oth_6m_raw_t1","T1- Other susbstance use in past 6mths","haven_labelled","Substance Use","Other Substances",543,"ok","high",TRUE,1,"t1","T1","sub_oth_6m_raw","sub_oth_6m_raw",TRUE
"cap17","sub_can_age_t1","T1- age first tried cannabis","haven_labelled","Substance Use","Other Substances",544,"ok","high",TRUE,1,"t1","T1","sub_can_age","sub_can_age",TRUE
"cap17","sub_can_6m_raw_t1","T1- used cannabis in past 6 mths?","haven_labelled","Substance Use","Other Substances",545,"ok","high",TRUE,1,"t1","T1","sub_can_6m_raw","sub_can_6m_raw",TRUE
"cap17","sub_can_att_02_t1","T1-Adolescents who smoke cannabis are more grown up","haven_labelled","Substance Use","Other Substances",546,"ok","high",TRUE,1,"t1","T1","sub_can_att_02","sub_can_att_02",TRUE
"cap17","sub_can_att_04_t1","T1-Adolescents who use cannabis have more friends","haven_labelled","Substance Use","Other Substances",547,"ok","high",TRUE,1,"t1","T1","sub_can_att_04","sub_can_att_04",TRUE
"cap17","sub_ecs_6m_raw_t1","T1-Ecstasy use in last 6 months","haven_labelled","Substance Use","Other Substances",548,"ok","high",TRUE,1,"t1","T1","sub_ecs_6m_raw","sub_ecs_6m_raw",TRUE
"cap17","sub_can_int_raw_t1","T1-Future Intentions Cannabis","haven_labelled","Substance Use","Other Substances",549,"ok","high",TRUE,1,"t1","T1","sub_can_int_raw","sub_can_int_raw",TRUE
"cap17","sub_ecs_int_raw_t1","T1-Future Intentions Ecstasy","haven_labelled","Substance Use","Other Substances",550,"ok","high",TRUE,1,"t1","T1","sub_ecs_int_raw","sub_ecs_int_raw",TRUE
"cap17","sub_meth_int_raw_t1","T1-Future Intentions Methamphetamine/Amphetamine","haven_labelled","Substance Use","Other Substances",551,"ok","high",TRUE,1,"t1","T1","sub_meth_int_raw","sub_meth_int_raw",TRUE
"cap17","sub_meth_6m_raw_t1","T1-Methamphetamine/Amphetamine use in past 6 mths","haven_labelled","Substance Use","Other Substances",552,"ok","high",TRUE,1,"t1","T1","sub_meth_6m_raw","sub_meth_6m_raw",TRUE
"cap17","sub_oth_spec_6m_t1","T1-Please specify other substance use","character","Substance Use","Other Substances",553,"ok","high",TRUE,1,"t1","T1","sub_oth_spec_6m",NA,FALSE
"cap17","sub_can_att_03_t1","T1-Smoking cannabis lets you have more fun","haven_labelled","Substance Use","Other Substances",554,"ok","high",TRUE,1,"t1","T1","sub_can_att_03","sub_can_att_03",TRUE
"cap17","sub_can_att_01_t1","T1-Smoking cannabis makes you look cool","haven_labelled","Substance Use","Other Substances",555,"ok","high",TRUE,1,"t1","T1","sub_can_att_01","sub_can_att_01",TRUE
"cap17","sub_can_prop_t1","T1-What proportion of your friends/acquaintances use cannabis?","haven_labelled","Substance Use","Other Substances",556,"ok","high",TRUE,1,"t1","T1","sub_can_prop","sub_can_prop",TRUE
"cap17","sub_rses_sum_t2","T2 PP Total Score","numeric","Substance Use","Other Substances",557,"ok","high",TRUE,2,"t2","T2","sub_rses_sum",NA,FALSE
"cap17","sub_oth_6m_raw_t2","T2- Other susbstance use in past 6mths","haven_labelled","Substance Use","Other Substances",558,"ok","high",TRUE,2,"t2","T2","sub_oth_6m_raw","sub_oth_6m_raw",TRUE
"cap17","sub_can_age_t2","T2- age first tried cannabis","haven_labelled","Substance Use","Other Substances",559,"ok","high",TRUE,2,"t2","T2","sub_can_age","sub_can_age",TRUE
"cap17","sub_can_6m_raw_t2","T2- used cannabis in past 6 mths?","haven_labelled","Substance Use","Other Substances",560,"ok","high",TRUE,2,"t2","T2","sub_can_6m_raw","sub_can_6m_raw",TRUE
"cap17","sub_can_att_02_t2","T2-Adolescents who smoke cannabis are more grown up","haven_labelled","Substance Use","Other Substances",561,"ok","high",TRUE,2,"t2","T2","sub_can_att_02","sub_can_att_02",TRUE
"cap17","sub_can_att_04_t2","T2-Adolescents who use cannabis have more friends","haven_labelled","Substance Use","Other Substances",562,"ok","high",TRUE,2,"t2","T2","sub_can_att_04","sub_can_att_04",TRUE
"cap17","sub_ecs_6m_raw_t2","T2-Ecstasy use in last 6 months","haven_labelled","Substance Use","Other Substances",563,"ok","high",TRUE,2,"t2","T2","sub_ecs_6m_raw","sub_ecs_6m_raw",TRUE
"cap17","sub_can_int_raw_t2","T2-Future Intentions Cannabis","haven_labelled","Substance Use","Other Substances",564,"ok","high",TRUE,2,"t2","T2","sub_can_int_raw","sub_can_int_raw",TRUE
"cap17","sub_ecs_int_raw_t2","T2-Future Intentions Ecstasy","haven_labelled","Substance Use","Other Substances",565,"ok","high",TRUE,2,"t2","T2","sub_ecs_int_raw","sub_ecs_int_raw",TRUE
"cap17","sub_meth_int_raw_t2","T2-Future Intentions Methamphetamine/Amphetamine","haven_labelled","Substance Use","Other Substances",566,"ok","high",TRUE,2,"t2","T2","sub_meth_int_raw","sub_meth_int_raw",TRUE
"cap17","sub_meth_6m_raw_t2","T2-Methamphetamine/Amphetamine use in past 6 mths","haven_labelled","Substance Use","Other Substances",567,"ok","high",TRUE,2,"t2","T2","sub_meth_6m_raw","sub_meth_6m_raw",TRUE
"cap17","sub_oth_spec_6m_t2","T2-Please specify other substance use","character","Substance Use","Other Substances",568,"ok","high",TRUE,2,"t2","T2","sub_oth_spec_6m",NA,FALSE
"cap17","sub_can_att_03_t2","T2-Smoking cannabis lets you have more fun","haven_labelled","Substance Use","Other Substances",569,"ok","high",TRUE,2,"t2","T2","sub_can_att_03","sub_can_att_03",TRUE
"cap17","sub_can_att_01_t2","T2-Smoking cannabis makes you look cool","haven_labelled","Substance Use","Other Substances",570,"ok","high",TRUE,2,"t2","T2","sub_can_att_01","sub_can_att_01",TRUE
"cap17","sub_can_prop_t2","T2-What proportion of your friends/acquaintances use cannabis?","haven_labelled","Substance Use","Other Substances",571,"ok","high",TRUE,2,"t2","T2","sub_can_prop","sub_can_prop",TRUE
"cap17","sub_can_att_sum_t3","T3 CA Total Score","numeric","Substance Use","Other Substances",572,"ok","high",TRUE,3,"t3","T3","sub_can_att_sum",NA,FALSE
"cap17","sub_can_int_t3","T3 Cannabis Intentions","haven_labelled","Substance Use","Other Substances",573,"ok","high",TRUE,3,"t3","T3","sub_can_int","sub_can_int",TRUE
"cap17","sub_ecs_int_t3","T3 Ecstasy Intentions","haven_labelled","Substance Use","Other Substances",574,"ok","high",TRUE,3,"t3","T3","sub_ecs_int","sub_ecs_int",TRUE
"cap17","sub_can_ever_t3","T3 Ever tried cannabis","haven_labelled","Substance Use","Other Substances",575,"ok","high",TRUE,3,"t3","T3","sub_can_ever","sub_can_ever",TRUE
"cap17","sub_meth_int_t3","T3 Meth Intentions","haven_labelled","Substance Use","Other Substances",576,"ok","high",TRUE,3,"t3","T3","sub_meth_int","sub_meth_int",TRUE
"cap17","sub_rses_sum_t3","T3 PP Total Score","numeric","Substance Use","Other Substances",577,"ok","high",TRUE,3,"t3","T3","sub_rses_sum",NA,FALSE
"cap17","sub_can_6m_t3","T3 Used Cannabis in past 6 months?","haven_labelled","Substance Use","Other Substances",578,"ok","high",TRUE,3,"t3","T3","sub_can_6m","sub_can_6m",TRUE
"cap17","sub_ecs_6m_t3","T3 Used ecstasy past 6 months","haven_labelled","Substance Use","Other Substances",579,"ok","high",TRUE,3,"t3","T3","sub_ecs_6m","sub_ecs_6m",TRUE
"cap17","sub_meth_6m_t3","T3 Used meth past 6 months","haven_labelled","Substance Use","Other Substances",580,"ok","high",TRUE,3,"t3","T3","sub_meth_6m","sub_meth_6m",TRUE
"cap17","sub_oth_6m_t3","T3 Used other past 6 months","haven_labelled","Substance Use","Other Substances",581,"ok","high",TRUE,3,"t3","T3","sub_oth_6m","sub_oth_6m",TRUE
"cap17","sub_oth_6m_raw_t3","T3- Other susbstance use in past 6mths","haven_labelled","Substance Use","Other Substances",582,"ok","high",TRUE,3,"t3","T3","sub_oth_6m_raw","sub_oth_6m_raw",TRUE
"cap17","sub_can_age_t3","T3- age first tried cannabis","haven_labelled","Substance Use","Other Substances",583,"ok","high",TRUE,3,"t3","T3","sub_can_age","sub_can_age",TRUE
"cap17","sub_can_6m_raw_t3","T3- used cannabis in past 6 mths?","haven_labelled","Substance Use","Other Substances",584,"ok","high",TRUE,3,"t3","T3","sub_can_6m_raw","sub_can_6m_raw",TRUE
"cap17","sub_can_att_02_t3","T3-Adolescents who smoke cannabis are more grown up","haven_labelled","Substance Use","Other Substances",585,"ok","high",TRUE,3,"t3","T3","sub_can_att_02","sub_can_att_02",TRUE
"cap17","sub_can_att_04_t3","T3-Adolescents who use cannabis have more friends","haven_labelled","Substance Use","Other Substances",586,"ok","high",TRUE,3,"t3","T3","sub_can_att_04","sub_can_att_04",TRUE
"cap17","sub_ecs_6m_raw_t3","T3-Ecstasy use in last 6 months","haven_labelled","Substance Use","Other Substances",587,"ok","high",TRUE,3,"t3","T3","sub_ecs_6m_raw","sub_ecs_6m_raw",TRUE
"cap17","sub_can_int_raw_t3","T3-Future Intentions Cannabis","haven_labelled","Substance Use","Other Substances",588,"ok","high",TRUE,3,"t3","T3","sub_can_int_raw","sub_can_int_raw",TRUE
"cap17","sub_ecs_int_raw_t3","T3-Future Intentions Ecstasy","haven_labelled","Substance Use","Other Substances",589,"ok","high",TRUE,3,"t3","T3","sub_ecs_int_raw","sub_ecs_int_raw",TRUE
"cap17","sub_meth_int_raw_t3","T3-Future Intentions Methamphetamine/Amphetamine","haven_labelled","Substance Use","Other Substances",590,"ok","high",TRUE,3,"t3","T3","sub_meth_int_raw","sub_meth_int_raw",TRUE
"cap17","sub_meth_6m_raw_t3","T3-Methamphetamine/Amphetamine use in past 6 mths","haven_labelled","Substance Use","Other Substances",591,"ok","high",TRUE,3,"t3","T3","sub_meth_6m_raw","sub_meth_6m_raw",TRUE
"cap17","sub_oth_spec_6m_t3","T3-Please specify other substance use","character","Substance Use","Other Substances",592,"ok","high",TRUE,3,"t3","T3","sub_oth_spec_6m",NA,FALSE
"cap17","sub_can_att_03_t3","T3-Smoking cannabis lets you have more fun","haven_labelled","Substance Use","Other Substances",593,"ok","high",TRUE,3,"t3","T3","sub_can_att_03","sub_can_att_03",TRUE
"cap17","sub_can_att_01_t3","T3-Smoking cannabis makes you look cool","haven_labelled","Substance Use","Other Substances",594,"ok","high",TRUE,3,"t3","T3","sub_can_att_01","sub_can_att_01",TRUE
"cap17","sub_can_prop_t3","T3-What proportion of your friends/acquaintances use cannabis?","haven_labelled","Substance Use","Other Substances",595,"ok","high",TRUE,3,"t3","T3","sub_can_prop","sub_can_prop",TRUE
"cap17","sub_can_att_sum_t4","T4 CA Total Score","numeric","Substance Use","Other Substances",596,"ok","high",TRUE,4,"t4","T4","sub_can_att_sum",NA,FALSE
"cap17","sub_can_int_t4","T4 Cannabis Intentions","haven_labelled","Substance Use","Other Substances",597,"ok","high",TRUE,4,"t4","T4","sub_can_int","sub_can_int",TRUE
"cap17","sub_ecs_int_t4","T4 Ecstasy Intentions","haven_labelled","Substance Use","Other Substances",598,"ok","high",TRUE,4,"t4","T4","sub_ecs_int","sub_ecs_int",TRUE
"cap17","sub_can_ever_t4","T4 Ever tried cannabis","haven_labelled","Substance Use","Other Substances",599,"ok","high",TRUE,4,"t4","T4","sub_can_ever","sub_can_ever",TRUE
"cap17","sub_meth_int_t4","T4 Meth Intentions","haven_labelled","Substance Use","Other Substances",600,"ok","high",TRUE,4,"t4","T4","sub_meth_int","sub_meth_int",TRUE
"cap17","sub_rses_sum_t4","T4 PP Total Score","numeric","Substance Use","Other Substances",601,"ok","high",TRUE,4,"t4","T4","sub_rses_sum",NA,FALSE
"cap17","sub_can_6m_t4","T4 Used Cannabis in past 6 months?","haven_labelled","Substance Use","Other Substances",602,"ok","high",TRUE,4,"t4","T4","sub_can_6m","sub_can_6m",TRUE
"cap17","sub_ecs_6m_t4","T4 Used ecstasy past 6 months","haven_labelled","Substance Use","Other Substances",603,"ok","high",TRUE,4,"t4","T4","sub_ecs_6m","sub_ecs_6m",TRUE
"cap17","sub_meth_6m_t4","T4 Used meth past 6 months","haven_labelled","Substance Use","Other Substances",604,"ok","high",TRUE,4,"t4","T4","sub_meth_6m","sub_meth_6m",TRUE
"cap17","sub_oth_6m_t4","T4 Used other past 6 months","haven_labelled","Substance Use","Other Substances",605,"ok","high",TRUE,4,"t4","T4","sub_oth_6m","sub_oth_6m",TRUE
"cap17","sub_oth_6m_raw_t4","T4- Other susbstance use in past 6mths","haven_labelled","Substance Use","Other Substances",606,"ok","high",TRUE,4,"t4","T4","sub_oth_6m_raw","sub_oth_6m_raw",TRUE
"cap17","sub_can_age_t4","T4- age first tried cannabis","haven_labelled","Substance Use","Other Substances",607,"ok","high",TRUE,4,"t4","T4","sub_can_age","sub_can_age",TRUE
"cap17","sub_can_6m_raw_t4","T4- used cannabis in past 6 mths?","haven_labelled","Substance Use","Other Substances",608,"ok","high",TRUE,4,"t4","T4","sub_can_6m_raw","sub_can_6m_raw",TRUE
"cap17","sub_can_att_02_t4","T4-Adolescents who smoke cannabis are more grown up","haven_labelled","Substance Use","Other Substances",609,"ok","high",TRUE,4,"t4","T4","sub_can_att_02","sub_can_att_02",TRUE
"cap17","sub_can_att_04_t4","T4-Adolescents who use cannabis have more friends","haven_labelled","Substance Use","Other Substances",610,"ok","high",TRUE,4,"t4","T4","sub_can_att_04","sub_can_att_04",TRUE
"cap17","sub_ecs_6m_raw_t4","T4-Ecstasy use in last 6 months","haven_labelled","Substance Use","Other Substances",611,"ok","high",TRUE,4,"t4","T4","sub_ecs_6m_raw","sub_ecs_6m_raw",TRUE
"cap17","sub_can_int_raw_t4","T4-Future Intentions Cannabis","haven_labelled","Substance Use","Other Substances",612,"ok","high",TRUE,4,"t4","T4","sub_can_int_raw","sub_can_int_raw",TRUE
"cap17","sub_ecs_int_raw_t4","T4-Future Intentions Ecstasy","haven_labelled","Substance Use","Other Substances",613,"ok","high",TRUE,4,"t4","T4","sub_ecs_int_raw","sub_ecs_int_raw",TRUE
"cap17","sub_meth_int_raw_t4","T4-Future Intentions Methamphetamine/Amphetamine","haven_labelled","Substance Use","Other Substances",614,"ok","high",TRUE,4,"t4","T4","sub_meth_int_raw","sub_meth_int_raw",TRUE
"cap17","sub_meth_6m_raw_t4","T4-Methamphetamine/Amphetamine use in past 6 mths","haven_labelled","Substance Use","Other Substances",615,"ok","high",TRUE,4,"t4","T4","sub_meth_6m_raw","sub_meth_6m_raw",TRUE
"cap17","sub_oth_spec_6m_t4","T4-Please specify other substance use","character","Substance Use","Other Substances",616,"ok","high",TRUE,4,"t4","T4","sub_oth_spec_6m",NA,FALSE
"cap17","sub_can_att_03_t4","T4-Smoking cannabis lets you have more fun","haven_labelled","Substance Use","Other Substances",617,"ok","high",TRUE,4,"t4","T4","sub_can_att_03","sub_can_att_03",TRUE
"cap17","sub_can_att_01_t4","T4-Smoking cannabis makes you look cool","haven_labelled","Substance Use","Other Substances",618,"ok","high",TRUE,4,"t4","T4","sub_can_att_01","sub_can_att_01",TRUE
"cap17","sub_can_prop_t4","T4-What proportion of your friends/acquaintances use cannabis?","haven_labelled","Substance Use","Other Substances",619,"ok","high",TRUE,4,"t4","T4","sub_can_prop","sub_can_prop",TRUE
"cap17","sub_can_att_sum_t5","T5 CA Total Score","numeric","Substance Use","Other Substances",620,"ok","high",TRUE,5,"t5","T5","sub_can_att_sum",NA,FALSE
"cap17","sub_can_int_t5","T5 Cannabis Intentions","haven_labelled","Substance Use","Other Substances",621,"ok","high",TRUE,5,"t5","T5","sub_can_int","sub_can_int",TRUE
"cap17","sub_ecs_int_t5","T5 Ecstasy Intentions'","haven_labelled","Substance Use","Other Substances",622,"ok","high",TRUE,5,"t5","T5","sub_ecs_int","sub_ecs_int",TRUE
"cap17","sub_can_ever_t5","T5 Ever tried cannabis","haven_labelled","Substance Use","Other Substances",623,"ok","high",TRUE,5,"t5","T5","sub_can_ever","sub_can_ever",TRUE
"cap17","sub_meth_int_t5","T5 Meth Intentions","haven_labelled","Substance Use","Other Substances",624,"ok","high",TRUE,5,"t5","T5","sub_meth_int","sub_meth_int",TRUE
"cap17","sub_rses_sum_t5","T5 PP Total Score","numeric","Substance Use","Other Substances",625,"ok","high",TRUE,5,"t5","T5","sub_rses_sum",NA,FALSE
"cap17","sub_can_6m_t5","T5 Used Cannabis in past 6 months?","haven_labelled","Substance Use","Other Substances",626,"ok","high",TRUE,5,"t5","T5","sub_can_6m","sub_can_6m",TRUE
"cap17","sub_ecs_6m_t5","T5 Used ecstasy past 6 months","haven_labelled","Substance Use","Other Substances",627,"ok","high",TRUE,5,"t5","T5","sub_ecs_6m","sub_ecs_6m",TRUE
"cap17","sub_meth_6m_t5","T5 Used meth past 6 months","haven_labelled","Substance Use","Other Substances",628,"ok","high",TRUE,5,"t5","T5","sub_meth_6m","sub_meth_6m",TRUE
"cap17","sub_oth_6m_t5","T5 Used other past 6 months","haven_labelled","Substance Use","Other Substances",629,"ok","high",TRUE,5,"t5","T5","sub_oth_6m","sub_oth_6m",TRUE
"cap17","sub_oth_6m_raw_t5","T5- Other susbstance use in past 6mths","haven_labelled","Substance Use","Other Substances",630,"ok","high",TRUE,5,"t5","T5","sub_oth_6m_raw","sub_oth_6m_raw",TRUE
"cap17","sub_can_age_t5","T5- age first tried cannabis","haven_labelled","Substance Use","Other Substances",631,"ok","high",TRUE,5,"t5","T5","sub_can_age","sub_can_age",TRUE
"cap17","sub_can_6m_raw_t5","T5- used cannabis in past 6 mths?","haven_labelled","Substance Use","Other Substances",632,"ok","high",TRUE,5,"t5","T5","sub_can_6m_raw","sub_can_6m_raw",TRUE
"cap17","sub_can_att_02_t5","T5-Adolescents who smoke cannabis are more grown up","haven_labelled","Substance Use","Other Substances",633,"ok","high",TRUE,5,"t5","T5","sub_can_att_02","sub_can_att_02",TRUE
"cap17","sub_can_att_04_t5","T5-Adolescents who use cannabis have more friends","haven_labelled","Substance Use","Other Substances",634,"ok","high",TRUE,5,"t5","T5","sub_can_att_04","sub_can_att_04",TRUE
"cap17","sub_ecs_6m_raw_t5","T5-Ecstasy use in last 6 months","haven_labelled","Substance Use","Other Substances",635,"ok","high",TRUE,5,"t5","T5","sub_ecs_6m_raw","sub_ecs_6m_raw",TRUE
"cap17","sub_can_int_raw_t5","T5-Future Intentions Cannabis","haven_labelled","Substance Use","Other Substances",636,"ok","high",TRUE,5,"t5","T5","sub_can_int_raw","sub_can_int_raw",TRUE
"cap17","sub_ecs_int_raw_t5","T5-Future Intentions Ecstasy","haven_labelled","Substance Use","Other Substances",637,"ok","high",TRUE,5,"t5","T5","sub_ecs_int_raw","sub_ecs_int_raw",TRUE
"cap17","sub_meth_int_raw_t5","T5-Future Intentions Methamphetamine/Amphetamine","haven_labelled","Substance Use","Other Substances",638,"ok","high",TRUE,5,"t5","T5","sub_meth_int_raw","sub_meth_int_raw",TRUE
"cap17","sub_meth_6m_raw_t5","T5-Methamphetamine/Amphetamine use in past 6 mths","haven_labelled","Substance Use","Other Substances",639,"ok","high",TRUE,5,"t5","T5","sub_meth_6m_raw","sub_meth_6m_raw",TRUE
"cap17","sub_oth_spec_6m_t5","T5-Please specify other substance use","character","Substance Use","Other Substances",640,"ok","high",TRUE,5,"t5","T5","sub_oth_spec_6m",NA,FALSE
"cap17","sub_can_att_03_t5","T5-Smoking cannabis lets you have more fun","haven_labelled","Substance Use","Other Substances",641,"ok","high",TRUE,5,"t5","T5","sub_can_att_03","sub_can_att_03",TRUE
"cap17","sub_can_att_01_t5","T5-Smoking cannabis makes you look cool","haven_labelled","Substance Use","Other Substances",642,"ok","high",TRUE,5,"t5","T5","sub_can_att_01","sub_can_att_01",TRUE
"cap17","sub_can_prop_t5","T5-What proportion of your friends/acquaintances use cannabis?","haven_labelled","Substance Use","Other Substances",643,"ok","high",TRUE,5,"t5","T5","sub_can_prop","sub_can_prop",TRUE
"cap17","sub_can_att_sum_t1","Time 1 CA Total Score","numeric","Substance Use","Other Substances",644,"ok","high",TRUE,1,"t1","T1","sub_can_att_sum",NA,FALSE
"cap17","sub_can_ever_t1","Time 1 Ever tried cannabis","haven_labelled","Substance Use","Other Substances",645,"ok","high",TRUE,1,"t1","T1","sub_can_ever","sub_can_ever",TRUE
"cap17","sub_can_6m_t1","Time 1 Used Cannabis in past 6 months","haven_labelled","Substance Use","Other Substances",646,"ok","high",TRUE,1,"t1","T1","sub_can_6m","sub_can_6m",TRUE
"cap17","sub_ecs_6m_t1","Time 1 Used ecstasy past 6 months","haven_labelled","Substance Use","Other Substances",647,"ok","high",TRUE,1,"t1","T1","sub_ecs_6m","sub_ecs_6m",TRUE
"cap17","sub_meth_6m_t1","Time 1 Used meth past 6 months","haven_labelled","Substance Use","Other Substances",648,"ok","high",TRUE,1,"t1","T1","sub_meth_6m","sub_meth_6m",TRUE
"cap17","sub_oth_6m_t1","Time 1 Used other past 6 months","haven_labelled","Substance Use","Other Substances",649,"ok","high",TRUE,1,"t1","T1","sub_oth_6m","sub_oth_6m",TRUE
"cap17","sub_can_att_sum_t2","Time 2 CA Total Score","numeric","Substance Use","Other Substances",650,"ok","high",TRUE,2,"t2","T2","sub_can_att_sum",NA,FALSE
"cap17","sub_can_int_t2","Time 2 Cannabis Intentions","haven_labelled","Substance Use","Other Substances",651,"ok","high",TRUE,2,"t2","T2","sub_can_int","sub_can_int",TRUE
"cap17","sub_can_6m_t2","Time 2 Cannabis in past 6 months?","haven_labelled","Substance Use","Other Substances",652,"ok","high",TRUE,2,"t2","T2","sub_can_6m","sub_can_6m",TRUE
"cap17","sub_ecs_int_t2","Time 2 Ecstasy Intentions","haven_labelled","Substance Use","Other Substances",653,"ok","high",TRUE,2,"t2","T2","sub_ecs_int","sub_ecs_int",TRUE
"cap17","sub_meth_int_t2","Time 2 Meth Intentions","haven_labelled","Substance Use","Other Substances",654,"ok","high",TRUE,2,"t2","T2","sub_meth_int","sub_meth_int",TRUE
"cap17","sub_ecs_6m_t2","Time 2 Used ecstasy past 6 months","haven_labelled","Substance Use","Other Substances",655,"ok","high",TRUE,2,"t2","T2","sub_ecs_6m","sub_ecs_6m",TRUE
"cap17","sub_meth_6m_t2","Time 2 Used meth past 6 months","haven_labelled","Substance Use","Other Substances",656,"ok","high",TRUE,2,"t2","T2","sub_meth_6m","sub_meth_6m",TRUE
"cap17","sub_oth_6m_t2","Time 2 Used other past 6 months","haven_labelled","Substance Use","Other Substances",657,"ok","high",TRUE,2,"t2","T2","sub_oth_6m","sub_oth_6m",TRUE
"cap17","sub_can_int_t6","Time 6 Cannabis Intentions","haven_labelled","Substance Use","Other Substances",658,"ok","high",TRUE,6,"t6","T6","sub_can_int","sub_can_int",TRUE
"cap17","sub_ecs_int_t6","Time 6 Ecstacy Intentions","haven_labelled","Substance Use","Other Substances",659,"ok","high",TRUE,6,"t6","T6","sub_ecs_int","sub_ecs_int",TRUE
"cap17","sub_meth_int_t6","Time 6 Meth Intentions","haven_labelled","Substance Use","Other Substances",660,"ok","high",TRUE,6,"t6","T6","sub_meth_int","sub_meth_int",TRUE
"cap17","sub_can_int_t7","Time 7 Cannabis Intentions","haven_labelled","Substance Use","Other Substances",661,"ok","high",TRUE,7,"t7","T7","sub_can_int","sub_can_int",TRUE
"cap17","sub_ecs_int_t7","Time 7 Ecstacy Intentions","haven_labelled","Substance Use","Other Substances",662,"ok","high",TRUE,7,"t7","T7","sub_ecs_int","sub_ecs_int",TRUE
"cap17","sub_meth_int_t7","Time 7 Meth Intentions","haven_labelled","Substance Use","Other Substances",663,"ok","high",TRUE,7,"t7","T7","sub_meth_int","sub_meth_int",TRUE
"h4l15","sub_vape_int_t5","E-cigarettes (vapes)","haven_labelled","Substance Use","Tobacco",664,"ok","high",TRUE,5,"t5","T5","sub_vape_int","sub_vape_int",TRUE
"h4l15","sub_vape_freq_t5","How frequently did/do you use e-cigarettes?","haven_labelled","Substance Use","Tobacco",665,"ok","high",TRUE,5,"t5","T5","sub_vape_freq","sub_vape_freq",TRUE
"h4l15","sub_vape_access_oth_t5","Please specify other","character","Substance Use","Tobacco",666,"ok","high",TRUE,5,"t5","T5","sub_vape_access_oth",NA,FALSE
"cap17","sub_tob_int_t1","T1 Tobacco Intentions","haven_labelled","Substance Use","Tobacco",667,"ok","high",TRUE,1,"t1","T1","sub_tob_int","sub_tob_int",TRUE
"cap17","sub_tob_int_raw_t1","T1-Future Intentions Tobacco","haven_labelled","Substance Use","Tobacco",668,"ok","high",TRUE,1,"t1","T1","sub_tob_int_raw","sub_tob_int_raw",TRUE
"cap17","sub_tob_6m_raw_t1","T1-Tobacco use in last 6 mths","haven_labelled","Substance Use","Tobacco",669,"ok","high",TRUE,1,"t1","T1","sub_tob_6m_raw","sub_tob_6m_raw",TRUE
"cap17","sub_tob_int_raw_t2","T2-Future Intentions Tobacco","haven_labelled","Substance Use","Tobacco",670,"ok","high",TRUE,2,"t2","T2","sub_tob_int_raw","sub_tob_int_raw",TRUE
"cap17","sub_tob_6m_raw_t2","T2-Tobacco use in last 6 mths","haven_labelled","Substance Use","Tobacco",671,"ok","high",TRUE,2,"t2","T2","sub_tob_6m_raw","sub_tob_6m_raw",TRUE
"cap17","sub_tob_int_t3","T3 Tobacco Intentions","haven_labelled","Substance Use","Tobacco",672,"ok","high",TRUE,3,"t3","T3","sub_tob_int","sub_tob_int",TRUE
"cap17","sub_tob_6m_t3","T3 Used tobacco past 6 months","haven_labelled","Substance Use","Tobacco",673,"ok","high",TRUE,3,"t3","T3","sub_tob_6m","sub_tob_6m",TRUE
"cap17","sub_tob_int_raw_t3","T3-Future Intentions Tobacco","haven_labelled","Substance Use","Tobacco",674,"ok","high",TRUE,3,"t3","T3","sub_tob_int_raw","sub_tob_int_raw",TRUE
"cap17","sub_tob_6m_raw_t3","T3-Tobacco use in last 6 mths","haven_labelled","Substance Use","Tobacco",675,"ok","high",TRUE,3,"t3","T3","sub_tob_6m_raw","sub_tob_6m_raw",TRUE
"cap17","sub_tob_int_t4","T4 Tobacco Intentions","haven_labelled","Substance Use","Tobacco",676,"ok","high",TRUE,4,"t4","T4","sub_tob_int","sub_tob_int",TRUE
"cap17","sub_tob_6m_t4","T4 Used tobacco past 6 months","haven_labelled","Substance Use","Tobacco",677,"ok","high",TRUE,4,"t4","T4","sub_tob_6m","sub_tob_6m",TRUE
"cap17","sub_tob_int_raw_t4","T4-Future Intentions Tobacco","haven_labelled","Substance Use","Tobacco",678,"ok","high",TRUE,4,"t4","T4","sub_tob_int_raw","sub_tob_int_raw",TRUE
"cap17","sub_tob_6m_raw_t4","T4-Tobacco use in last 6 mths","haven_labelled","Substance Use","Tobacco",679,"ok","high",TRUE,4,"t4","T4","sub_tob_6m_raw","sub_tob_6m_raw",TRUE
"cap17","sub_tob_int_t5","T5 Tobacco Intentions","haven_labelled","Substance Use","Tobacco",680,"ok","high",TRUE,5,"t5","T5","sub_tob_int","sub_tob_int",TRUE
"cap17","sub_tob_6m_t5","T5 Used tobacco past 6 months","haven_labelled","Substance Use","Tobacco",681,"ok","high",TRUE,5,"t5","T5","sub_tob_6m","sub_tob_6m",TRUE
"cap17","sub_tob_int_raw_t5","T5-Future Intentions Tobacco","haven_labelled","Substance Use","Tobacco",682,"ok","high",TRUE,5,"t5","T5","sub_tob_int_raw","sub_tob_int_raw",TRUE
"cap17","sub_tob_6m_raw_t5","T5-Tobacco use in last 6 mths","haven_labelled","Substance Use","Tobacco",683,"ok","high",TRUE,5,"t5","T5","sub_tob_6m_raw","sub_tob_6m_raw",TRUE
"cap17","sub_tob_6m_t1","Time 1 Used tobacco past 6 months","haven_labelled","Substance Use","Tobacco",684,"ok","high",TRUE,1,"t1","T1","sub_tob_6m","sub_tob_6m",TRUE
"cap17","sub_tob_int_t2","Time 2 Tobacco Intentions","haven_labelled","Substance Use","Tobacco",685,"ok","high",TRUE,2,"t2","T2","sub_tob_int","sub_tob_int",TRUE
"cap17","sub_tob_6m_t2","Time 2 Used tobacco past 6 months","haven_labelled","Substance Use","Tobacco",686,"ok","high",TRUE,2,"t2","T2","sub_tob_6m","sub_tob_6m",TRUE
"cap17","sub_tob_int_t6","Time 6 Tobacco Intentions","haven_labelled","Substance Use","Tobacco",687,"ok","high",TRUE,6,"t6","T6","sub_tob_int","sub_tob_int",TRUE
"cap17","sub_tob_int_t7","Time 7 Tobacco Intentions","haven_labelled","Substance Use","Tobacco",688,"ok","high",TRUE,7,"t7","T7","sub_tob_int","sub_tob_int",TRUE
"h4l15","sub_vape_recent_t5","When did you last use e-cigarettes?","haven_labelled","Substance Use","Tobacco",689,"ok","high",TRUE,5,"t5","T5","sub_vape_recent","sub_vape_recent",TRUE
"h4l15","sub_vape_qty_t5","When you most recently used e-cigarettes, what did you most commonly vape?","haven_labelled","Substance Use","Tobacco",690,"ok","high",TRUE,5,"t5","T5","sub_vape_qty","sub_vape_qty",TRUE
"h4l15","sub_vape_access_t5","When you most recently used e-cigarettes, where did you most commonly obtain them from?","haven_labelled","Substance Use","Tobacco",691,"ok","high",TRUE,5,"t5","T5","sub_vape_access","sub_vape_access",TRUE
"h4l15","sub_vape_order_t5","Which did you use first, e-cigarettes or tobacco cigarettes?","haven_labelled","Substance Use","Tobacco",692,"ok","high",TRUE,5,"t5","T5","sub_vape_order","sub_vape_order",TRUE
"cap17","sub_alc_auditc_sum_t1","AUDIT-C (approximate) Total score","numeric","Substance Use",NA,693,"ok","high",TRUE,1,"t1","T1","sub_alc_auditc_sum",NA,FALSE
"cap17","sub_alc_auditc_sum_t2","AUDIT-C (approximate) Total score","numeric","Substance Use",NA,694,"ok","high",TRUE,2,"t2","T2","sub_alc_auditc_sum",NA,FALSE
"cap17","sub_alc_auditc_sum_t3","AUDIT-C (approximate) Total score","numeric","Substance Use",NA,695,"ok","high",TRUE,3,"t3","T3","sub_alc_auditc_sum",NA,FALSE
"cap17","sub_alc_auditc_sum_t4","AUDIT-C (approximate) Total score","numeric","Substance Use",NA,696,"ok","high",TRUE,4,"t4","T4","sub_alc_auditc_sum",NA,FALSE
"cap17","sub_alc_auditc_sum_t5","AUDIT-C (approximate) Total score","numeric","Substance Use",NA,697,"ok","high",TRUE,5,"t5","T5","sub_alc_auditc_sum",NA,FALSE
"h4l15","sub_alc_friends_drunk_t5","About what proportion of your friends and acquaintances drink alcohol to get drunk?","haven_labelled","Substance Use",NA,698,"ok","high",TRUE,5,"t5","T5","sub_alc_friends_drunk","sub_alc_friends_drunk",TRUE
"h4l15","sub_alc_friends_drink_t5","About what proportion of your friends and acquaintances drink any alcohol at all (even a sip)?","haven_labelled","Substance Use",NA,699,"ok","high",TRUE,5,"t5","T5","sub_alc_friends_drink","sub_alc_friends_drink",TRUE
"h4l15","sub_vape_propfriend_t5","About what proportion of your friends and acquaintances have used e-cigarettes (even one or two puffs)?","haven_labelled","Substance Use",NA,700,"ok","high",TRUE,5,"t5","T5","sub_vape_propfriend","sub_vape_propfriend",TRUE
"h4l15","sub_alc_int_t5","Alcohol","haven_labelled","Substance Use",NA,701,"ok","high",TRUE,5,"t5","T5","sub_alc_int","sub_alc_int",TRUE
"h4l15","sub_vape_age_t5","At what age did you first use an e-cigarette?","haven_labelled","Substance Use",NA,702,"ok","high",TRUE,5,"t5","T5","sub_vape_age","sub_vape_age",TRUE
"h4l15","sub_alc_rapi_02_t5","Caused shame or embarrassment to someone","haven_labelled","Substance Use",NA,703,"ok","high",TRUE,5,"t5","T5","sub_alc_rapi_02","sub_alc_rapi_02",TRUE
"h4l15","sub_tob_1m_days_raw_t5","During the past 30 days, on how many days did you smoke cigarettes?","haven_labelled","Substance Use",NA,704,"ok","high",TRUE,5,"t5","T5","sub_tob_1m_days_raw","sub_tob_1m_days_raw",TRUE
"h4l15","sub_tob_1m_qty_raw_t5","During the past 30 days, on the days you smoked, how many cigarettes did you smoke per day?","haven_labelled","Substance Use",NA,705,"ok","high",TRUE,5,"t5","T5","sub_tob_1m_qty_raw","sub_tob_1m_qty_raw",TRUE
"h4l15","sub_alc_rapi_08_t5","Felt I was going crazy","haven_labelled","Substance Use",NA,706,"ok","high",TRUE,5,"t5","T5","sub_alc_rapi_08","sub_alc_rapi_08",TRUE
"h4l15","sub_alc_rapi_06_t5","Felt that I needed more alcohol than I used to drink in order to get the same effect","haven_labelled","Substance Use",NA,707,"ok","high",TRUE,5,"t5","T5","sub_alc_rapi_06","sub_alc_rapi_06",TRUE
"h4l15","sub_alc_rapi_01_t5","Got into fights, acted bad, or did mean things","haven_labelled","Substance Use",NA,708,"ok","high",TRUE,5,"t5","T5","sub_alc_rapi_01","sub_alc_rapi_01",TRUE
"h4l15","sub_alc_rapi_09_t5","Had a fight, argument, or bad feelings with a friend","haven_labelled","Substance Use",NA,709,"ok","high",TRUE,5,"t5","T5","sub_alc_rapi_09","sub_alc_rapi_09",TRUE
"h4l15","sub_alc_sip_6m_t5","Have you consumed any alcohol (even counting a sip or a taste) in the past 6 months?","haven_labelled","Substance Use",NA,710,"ok","high",TRUE,5,"t5","T5","sub_alc_sip_6m","sub_alc_sip_6m",TRUE
"h4l15","sub_alc_binge_raw_raw_t5","Have you ever consumed 5 or more standard alcoholic drinks (see chart above) on one occasion?","haven_labelled","Substance Use",NA,711,"ok","high",TRUE,5,"t5","T5","sub_alc_binge_raw_raw","sub_alc_binge_raw_raw",TRUE
"h4l15","sub_alc_full_raw_t5","Have you ever had a full standard alcoholic drink (see alcohol chart)?","haven_labelled","Substance Use",NA,712,"ok","high",TRUE,5,"t5","T5","sub_alc_full_raw","sub_alc_full_raw",TRUE
"h4l15","sub_alc_sip_t5","Have you ever had a sip of alcohol?","haven_labelled","Substance Use",NA,713,"ok","high",TRUE,5,"t5","T5","sub_alc_sip","sub_alc_sip",TRUE
"h4l15","sub_tob_ever_t5","Have you ever tried smoking a cigarette, even one or two puffs?","haven_labelled","Substance Use",NA,714,"ok","high",TRUE,5,"t5","T5","sub_tob_ever","sub_tob_ever",TRUE
"h4l15","sub_vape_ever_t5","Have you ever used an e-cigarette, even one or two puffs?","haven_labelled","Substance Use",NA,715,"ok","high",TRUE,5,"t5","T5","sub_vape_ever","sub_vape_ever",TRUE
"h4l15","sub_alc_full_6m_raw_t5","Have you had a full standard alcoholic drink (see alcohol chart) in the past 6 months?","haven_labelled","Substance Use",NA,716,"ok","high",TRUE,5,"t5","T5","sub_alc_full_6m_raw","sub_alc_full_6m_raw",TRUE
"h4l15","sub_alc_harms_06_t5","How many times did you prevent a friend, who had been drinking alcohol, from getting into trouble?","haven_labelled","Substance Use",NA,717,"ok","high",TRUE,5,"t5","T5","sub_alc_harms_06","sub_alc_harms_06",TRUE
"h4l15","sub_alc_harms_03_t5","How many times has something you owned been damaged by someone affected by alcohol?","haven_labelled","Substance Use",NA,718,"ok","high",TRUE,5,"t5","T5","sub_alc_harms_03","sub_alc_harms_03",TRUE
"h4l15","sub_alc_harms_02_t5","How many times have you been hit by someone affected by alcohol?","haven_labelled","Substance Use",NA,719,"ok","high",TRUE,5,"t5","T5","sub_alc_harms_02","sub_alc_harms_02",TRUE
"h4l15","sub_alc_harms_05_t5","How many times have you been sexually harassed by someone who was affected by alcohol?","haven_labelled","Substance Use",NA,720,"ok","high",TRUE,5,"t5","T5","sub_alc_harms_05","sub_alc_harms_05",TRUE
"h4l15","sub_alc_harms_04_t5","How many times were you a passenger in a car where the driver was affected by alcohol?","haven_labelled","Substance Use",NA,721,"ok","high",TRUE,5,"t5","T5","sub_alc_harms_04","sub_alc_harms_04",TRUE
"h4l15","sub_alc_binge_6m_raw_t5","How often did you have 5 or more standard alcoholic drinks on one occasion in the past 6 months?","haven_labelled","Substance Use",NA,722,"ok","high",TRUE,5,"t5","T5","sub_alc_binge_6m_raw","sub_alc_binge_6m_raw",TRUE
"h4l15","sub_alc_full_6m_freq_raw_t5","How often did you have a standard alcoholic drink of any kind in the past 6 months?","haven_labelled","Substance Use",NA,723,"ok","high",TRUE,5,"t5","T5","sub_alc_full_6m_freq_raw","sub_alc_full_6m_freq_raw",TRUE
"h4l15","sub_vape_peerp_t5","If your friend offered you a vape, how likely would you be to try it?","haven_labelled","Substance Use",NA,724,"ok","high",TRUE,5,"t5","T5","sub_vape_peerp","sub_vape_peerp",TRUE
"h4l15","sub_alc_harms_01_t5","In the past 12 months…","haven_labelled","Substance Use",NA,725,"ok","high",TRUE,5,"t5","T5","sub_alc_harms_01","sub_alc_harms_01",TRUE
"h4l15","sub_tob_6m_raw_t5","In the past 6 months, have you tried cigarette smoking, even one or two puffs?","haven_labelled","Substance Use",NA,726,"ok","high",TRUE,5,"t5","T5","sub_tob_6m_raw","sub_tob_6m_raw",TRUE
"h4l15","sub_alc_full_6m_qty_raw_t5","In the past 6 months, how many standard drinks did you have on a typical day when you were drinking alcohol?","haven_labelled","Substance Use",NA,727,"ok","high",TRUE,5,"t5","T5","sub_alc_full_6m_qty_raw","sub_alc_full_6m_qty_raw",TRUE
"h4l15","sub_alc_full_6m_max_raw_t5","In the past 6 months, what is the maximum number of standard drinks you have consumed on one occasion? (leave blank if you haven't had any standard drinks in the past 6 months)","haven_labelled","Substance Use",NA,728,"ok","high",TRUE,5,"t5","T5","sub_alc_full_6m_max_raw","sub_alc_full_6m_max_raw",TRUE
"h4l15","sub_alc_rapi_03_t5","Neglected my responsibilities","haven_labelled","Substance Use",NA,729,"ok","high",TRUE,5,"t5","T5","sub_alc_rapi_03","sub_alc_rapi_03",TRUE
"h4l15","sub_alc_rapi_04_t5","Noticed a change in my personality","haven_labelled","Substance Use",NA,730,"ok","high",TRUE,5,"t5","T5","sub_alc_rapi_04","sub_alc_rapi_04",TRUE
"h4l15","sub_alc_rapi_05_t5","Suddenly found myself in a place that I could not remember getting to","haven_labelled","Substance Use",NA,731,"ok","high",TRUE,5,"t5","T5","sub_alc_rapi_05","sub_alc_rapi_05",TRUE
"h4l15","sub_alc_friends_drunk_t1","T1 About what proportion of your friends and acquaintances drink alcohol to get drunk?","haven_labelled","Substance Use",NA,732,"ok","high",TRUE,1,"t1","T1","sub_alc_friends_drunk","sub_alc_friends_drunk",TRUE
"h4l15","sub_alc_friends_drink_t1","T1 About what proportion of your friends and acquaintances drink any alcohol at all (even a sip)?","haven_labelled","Substance Use",NA,733,"ok","high",TRUE,1,"t1","T1","sub_alc_friends_drink","sub_alc_friends_drink",TRUE
"h4l15","sub_alc_int_t1","T1 Alcohol intentions to use","haven_labelled","Substance Use",NA,734,"ok","high",TRUE,1,"t1","T1","sub_alc_int","sub_alc_int",TRUE
"h4l15","sub_alc_full_6m_qty_t1","T1 Alcohol quantity in past 6 months","haven_labelled","Substance Use",NA,735,"ok","high",TRUE,1,"t1","T1","sub_alc_full_6m_qty","sub_alc_full_6m_qty",TRUE
"h4l15","sub_alc_binge_6m_t1","T1 Binge drinking in the past six months","haven_labelled","Substance Use",NA,736,"ok","high",TRUE,1,"t1","T1","sub_alc_binge_6m","sub_alc_binge_6m",TRUE
"h4l15","sub_alc_rapi_02_t1","T1 Caused shame or embarrassment to someone","haven_labelled","Substance Use",NA,737,"ok","high",TRUE,1,"t1","T1","sub_alc_rapi_02","sub_alc_rapi_02",TRUE
"h4l15","sub_alc_full_6m_t1","T1 Consumed a full standard drink in the past 6 months","haven_labelled","Substance Use",NA,738,"ok","high",TRUE,1,"t1","T1","sub_alc_full_6m","sub_alc_full_6m",TRUE
"h4l15","sub_tob_1m_days_raw_t1","T1 During the past 30 days, on how many days did you smoke cigarettes?","haven_labelled","Substance Use",NA,739,"ok","high",TRUE,1,"t1","T1","sub_tob_1m_days_raw","sub_tob_1m_days_raw",TRUE
"h4l15","sub_tob_1m_qty_raw_t1","T1 During the past 30 days, on the days you smoked, how many cigarettes did you smoke per day?","haven_labelled","Substance Use",NA,740,"ok","high",TRUE,1,"t1","T1","sub_tob_1m_qty_raw","sub_tob_1m_qty_raw",TRUE
"h4l15","sub_alc_full_t1","T1 Ever consumed full standard drink with skipped as missing","haven_labelled","Substance Use",NA,741,"ok","high",TRUE,1,"t1","T1","sub_alc_full","sub_alc_full",TRUE
"h4l15","sub_alc_rapi_08_t1","T1 Felt I was going crazy","haven_labelled","Substance Use",NA,742,"ok","high",TRUE,1,"t1","T1","sub_alc_rapi_08","sub_alc_rapi_08",TRUE
"h4l15","sub_alc_rapi_06_t1","T1 Felt that I needed more alcohol than I used to drink in order to get the same effect","haven_labelled","Substance Use",NA,743,"ok","high",TRUE,1,"t1","T1","sub_alc_rapi_06","sub_alc_rapi_06",TRUE
"h4l15","sub_tob_1m_qty_t1","T1 Frequency of cigarette smoking in the past 30 days","haven_labelled","Substance Use",NA,744,"ok","high",TRUE,1,"t1","T1","sub_tob_1m_qty","sub_tob_1m_qty",TRUE
"h4l15","sub_alc_full_6m_freq_t1","T1 Frequency of full standard drink consumption in the past 6 months","haven_labelled","Substance Use",NA,745,"ok","high",TRUE,1,"t1","T1","sub_alc_full_6m_freq","sub_alc_full_6m_freq",TRUE
"h4l15","sub_alc_rapi_01_t1","T1 Got into fights, acted bad, or did mean things","haven_labelled","Substance Use",NA,746,"ok","high",TRUE,1,"t1","T1","sub_alc_rapi_01","sub_alc_rapi_01",TRUE
"h4l15","sub_alc_rapi_09_t1","T1 Had a fight, argument, or bad feelings with a friend","haven_labelled","Substance Use",NA,747,"ok","high",TRUE,1,"t1","T1","sub_alc_rapi_09","sub_alc_rapi_09",TRUE
"h4l15","sub_alc_sip_6m_t1","T1 Have you consumed any alcohol (even counting a sip or a taste) in the past 6 months?","haven_labelled","Substance Use",NA,748,"ok","high",TRUE,1,"t1","T1","sub_alc_sip_6m","sub_alc_sip_6m",TRUE
"h4l15","sub_alc_binge_raw_raw_t1","T1 Have you ever consumed 5 or more standard alcoholic drinks (see chart above) on one occasion? NOTE: error with skip logic","haven_labelled","Substance Use",NA,749,"ok","high",TRUE,1,"t1","T1","sub_alc_binge_raw_raw","sub_alc_binge_raw_raw",TRUE
"h4l15","sub_alc_full_raw_t1","T1 Have you ever had a full standard alcoholic drink (see alcohol chart)? NOTE: error with skip logic","haven_labelled","Substance Use",NA,750,"ok","high",TRUE,1,"t1","T1","sub_alc_full_raw","sub_alc_full_raw",TRUE
"h4l15","sub_alc_sip_t1","T1 Have you ever had a sip of alcohol?","haven_labelled","Substance Use",NA,751,"ok","high",TRUE,1,"t1","T1","sub_alc_sip","sub_alc_sip",TRUE
"h4l15","sub_tob_ever_t1","T1 Have you ever tried smoking a cigarette, even one or two puffs?","haven_labelled","Substance Use",NA,752,"ok","high",TRUE,1,"t1","T1","sub_tob_ever","sub_tob_ever",TRUE
"h4l15","sub_alc_full_6m_raw_t1","T1 Have you had a full standard alcoholic drink (see alcohol chart) in the past 6 months?","haven_labelled","Substance Use",NA,753,"ok","high",TRUE,1,"t1","T1","sub_alc_full_6m_raw","sub_alc_full_6m_raw",TRUE
"h4l15","sub_alc_harms_06_t1","T1 How many times did you prevent a friend, who had been drinking alcohol, from getting into trouble? ","haven_labelled","Substance Use",NA,754,"ok","high",TRUE,1,"t1","T1","sub_alc_harms_06","sub_alc_harms_06",TRUE
"h4l15","sub_alc_harms_03_t1","T1 How many times has something you owned been damaged by someone affected by alcohol? ","haven_labelled","Substance Use",NA,755,"ok","high",TRUE,1,"t1","T1","sub_alc_harms_03","sub_alc_harms_03",TRUE
"h4l15","sub_alc_harms_02_t1","T1 How many times have you been hit by someone affected by alcohol? ","haven_labelled","Substance Use",NA,756,"ok","high",TRUE,1,"t1","T1","sub_alc_harms_02","sub_alc_harms_02",TRUE
"h4l15","sub_alc_harms_05_t1","T1 How many times have you been sexually harassed by someone who was affected by alcohol? ","haven_labelled","Substance Use",NA,757,"ok","high",TRUE,1,"t1","T1","sub_alc_harms_05","sub_alc_harms_05",TRUE
"h4l15","sub_alc_harms_01_t1","T1 How many times have you been verbally abused by someone who was affected by alcohol? ","haven_labelled","Substance Use",NA,758,"ok","high",TRUE,1,"t1","T1","sub_alc_harms_01","sub_alc_harms_01",TRUE
"h4l15","sub_alc_harms_04_t1","T1 How many times were you a passenger in a car where the driver was affected by alcohol? ","haven_labelled","Substance Use",NA,759,"ok","high",TRUE,1,"t1","T1","sub_alc_harms_04","sub_alc_harms_04",TRUE
"h4l15","sub_alc_binge_6m_raw_t1","T1 How often did you have 5 or more standard alcoholic drinks on one occasion in the past 6 months?","haven_labelled","Substance Use",NA,760,"ok","high",TRUE,1,"t1","T1","sub_alc_binge_6m_raw","sub_alc_binge_6m_raw",TRUE
"h4l15","sub_alc_full_6m_freq_raw_t1","T1 How often did you have a standard alcoholic drink of any kind in the past 6 months?","haven_labelled","Substance Use",NA,761,"ok","high",TRUE,1,"t1","T1","sub_alc_full_6m_freq_raw","sub_alc_full_6m_freq_raw",TRUE
"h4l15","sub_tob_6m_raw_t1","T1 In the past 6 months, have you tried cigarette smoking, even one or two puffs?","haven_labelled","Substance Use",NA,762,"ok","high",TRUE,1,"t1","T1","sub_tob_6m_raw","sub_tob_6m_raw",TRUE
"h4l15","sub_alc_full_6m_qty_raw_t1","T1 In the past 6 months, how many standard drinks did you have on a typical day when you were drinking alcohol?","haven_labelled","Substance Use",NA,763,"ok","high",TRUE,1,"t1","T1","sub_alc_full_6m_qty_raw","sub_alc_full_6m_qty_raw",TRUE
"h4l15","sub_alc_full_6m_max_raw_t1","T1 In the past 6 months, what is the maximum number of standard drinks you have consumed on one occasion?","haven_labelled","Substance Use",NA,764,"ok","high",TRUE,1,"t1","T1","sub_alc_full_6m_max_raw","sub_alc_full_6m_max_raw",TRUE
"h4l15","sub_alc_rapi_03_t1","T1 Neglected my responsibilities","haven_labelled","Substance Use",NA,765,"ok","high",TRUE,1,"t1","T1","sub_alc_rapi_03","sub_alc_rapi_03",TRUE
"h4l15","sub_alc_rapi_04_t1","T1 Noticed a change in my personality ","haven_labelled","Substance Use",NA,766,"ok","high",TRUE,1,"t1","T1","sub_alc_rapi_04","sub_alc_rapi_04",TRUE
"h4l15","sub_tob_1m_days_t1","T1 Smoked a cigarette in the past 30 days","haven_labelled","Substance Use",NA,767,"ok","high",TRUE,1,"t1","T1","sub_tob_1m_days","sub_tob_1m_days",TRUE
"h4l15","sub_tob_6m_t1","T1 Smoked a cigarette in the past six months","haven_labelled","Substance Use",NA,768,"ok","high",TRUE,1,"t1","T1","sub_tob_6m","sub_tob_6m",TRUE
"h4l15","sub_alc_rapi_05_t1","T1 Suddenly found myself in a place that I could not remember getting to","haven_labelled","Substance Use",NA,769,"ok","high",TRUE,1,"t1","T1","sub_alc_rapi_05","sub_alc_rapi_05",TRUE
"h4l15","sub_tob_int_t1","T1 Tobacco (cigarettes) intentions to use","haven_labelled","Substance Use",NA,770,"ok","high",TRUE,1,"t1","T1","sub_tob_int","sub_tob_int",TRUE
"h4l15","sub_alc_rapi_sum_t1","T1 Total sum score for the RAPI","numeric","Substance Use",NA,771,"ok","high",TRUE,1,"t1","T1","sub_alc_rapi_sum",NA,FALSE
"h4l15","sub_alc_rapi_sum_pror_t1","T1 Total sum score for the RAPI prorated","numeric","Substance Use",NA,772,"ok","high",TRUE,1,"t1","T1","sub_alc_rapi_sum_pror",NA,FALSE
"h4l15","sub_alc_rapi_07_t1","T1 Tried to cut down or quit drinking ","haven_labelled","Substance Use",NA,773,"ok","high",TRUE,1,"t1","T1","sub_alc_rapi_07","sub_alc_rapi_07",TRUE
"h4l15","sub_alc_friends_drunk_t2","T2 About what proportion of your friends and acquaintances drink alcohol to get drunk?","haven_labelled","Substance Use",NA,774,"ok","high",TRUE,2,"t2","T2","sub_alc_friends_drunk","sub_alc_friends_drunk",TRUE
"h4l15","sub_alc_friends_drink_t2","T2 About what proportion of your friends and acquaintances drink any alcohol at all (even a sip)?","haven_labelled","Substance Use",NA,775,"ok","high",TRUE,2,"t2","T2","sub_alc_friends_drink","sub_alc_friends_drink",TRUE
"h4l15","sub_alc_int_t2","T2 Alcohol intentions to use","haven_labelled","Substance Use",NA,776,"ok","high",TRUE,2,"t2","T2","sub_alc_int","sub_alc_int",TRUE
"h4l15","sub_alc_full_6m_qty_t2","T2 Alcohol quantity in the past 6 months","haven_labelled","Substance Use",NA,777,"ok","high",TRUE,2,"t2","T2","sub_alc_full_6m_qty","sub_alc_full_6m_qty",TRUE
"h4l15","sub_alc_binge_6m_t2","T2 Binge drinking in the past six months","haven_labelled","Substance Use",NA,778,"ok","high",TRUE,2,"t2","T2","sub_alc_binge_6m","sub_alc_binge_6m",TRUE
"h4l15","sub_alc_full_6m_t2","T2 Consumed a full standard drink in the past 6 months","haven_labelled","Substance Use",NA,779,"ok","high",TRUE,2,"t2","T2","sub_alc_full_6m","sub_alc_full_6m",TRUE
"h4l15","sub_tob_1m_days_raw_t2","T2 During the past 30 days, on how many days did you smoke cigarettes?","haven_labelled","Substance Use",NA,780,"ok","high",TRUE,2,"t2","T2","sub_tob_1m_days_raw","sub_tob_1m_days_raw",TRUE
"h4l15","sub_tob_1m_qty_raw_t2","T2 During the past 30 days, on the days you smoked, how many cigarettes did you smoke per day?","haven_labelled","Substance Use",NA,781,"ok","high",TRUE,2,"t2","T2","sub_tob_1m_qty_raw","sub_tob_1m_qty_raw",TRUE
"h4l15","sub_alc_full_t2","T2 Ever consumed full standard drink with skipped as missing","haven_labelled","Substance Use",NA,782,"ok","high",TRUE,2,"t2","T2","sub_alc_full","sub_alc_full",TRUE
"h4l15","sub_tob_1m_qty_t2","T2 Frequency of cigarette smoking in the past 30 days","haven_labelled","Substance Use",NA,783,"ok","high",TRUE,2,"t2","T2","sub_tob_1m_qty","sub_tob_1m_qty",TRUE
"h4l15","sub_alc_full_6m_freq_t2","T2 Frequency of full standard drink consumption in the past 6 months","haven_labelled","Substance Use",NA,784,"ok","high",TRUE,2,"t2","T2","sub_alc_full_6m_freq","sub_alc_full_6m_freq",TRUE
"h4l15","sub_alc_sip_6m_t2","T2 Have you consumed any alcohol (even counting a sip or a taste) in the past 6 months?","haven_labelled","Substance Use",NA,785,"ok","high",TRUE,2,"t2","T2","sub_alc_sip_6m","sub_alc_sip_6m",TRUE
"h4l15","sub_alc_binge_raw_raw_t2","T2 Have you ever consumed 5 or more standard alcoholic drinks (see chart above) on one occasion? NOTE: error with skip logic","haven_labelled","Substance Use",NA,786,"ok","high",TRUE,2,"t2","T2","sub_alc_binge_raw_raw","sub_alc_binge_raw_raw",TRUE
"h4l15","sub_alc_full_raw_t2","T2 Have you ever had a full standard alcoholic drink (see alcohol chart)? NOTE: error with skip logic","haven_labelled","Substance Use",NA,787,"ok","high",TRUE,2,"t2","T2","sub_alc_full_raw","sub_alc_full_raw",TRUE
"h4l15","sub_alc_sip_t2","T2 Have you ever had a sip of alcohol?","haven_labelled","Substance Use",NA,788,"ok","high",TRUE,2,"t2","T2","sub_alc_sip","sub_alc_sip",TRUE
"h4l15","sub_tob_ever_t2","T2 Have you ever tried smoking a cigarette, even one or two puffs?","haven_labelled","Substance Use",NA,789,"ok","high",TRUE,2,"t2","T2","sub_tob_ever","sub_tob_ever",TRUE
"h4l15","sub_alc_full_6m_raw_t2","T2 Have you had a full standard alcoholic drink (see alcohol chart) in the past 6 months?","haven_labelled","Substance Use",NA,790,"ok","high",TRUE,2,"t2","T2","sub_alc_full_6m_raw","sub_alc_full_6m_raw",TRUE
"h4l15","sub_alc_binge_6m_raw_t2","T2 How often did you have 5 or more standard alcoholic drinks on one occasion in the past 6 months?","haven_labelled","Substance Use",NA,791,"ok","high",TRUE,2,"t2","T2","sub_alc_binge_6m_raw","sub_alc_binge_6m_raw",TRUE
"h4l15","sub_alc_full_6m_freq_raw_t2","T2 How often did you have a standard alcoholic drink of any kind in the past 6 months?","haven_labelled","Substance Use",NA,792,"ok","high",TRUE,2,"t2","T2","sub_alc_full_6m_freq_raw","sub_alc_full_6m_freq_raw",TRUE
"h4l15","sub_tob_6m_raw_t2","T2 In the past 6 months, have you tried cigarette smoking, even one or two puffs?","haven_labelled","Substance Use",NA,793,"ok","high",TRUE,2,"t2","T2","sub_tob_6m_raw","sub_tob_6m_raw",TRUE
"h4l15","sub_alc_full_6m_qty_raw_t2","T2 In the past 6 months, how many standard drinks did you have on a typical day when you were drinking alcohol?","haven_labelled","Substance Use",NA,794,"ok","high",TRUE,2,"t2","T2","sub_alc_full_6m_qty_raw","sub_alc_full_6m_qty_raw",TRUE
"h4l15","sub_alc_full_6m_max_raw_t2","T2 In the past 6 months, what is the maximum number of standard drinks you have consumed on one occasion?","haven_labelled","Substance Use",NA,795,"ok","high",TRUE,2,"t2","T2","sub_alc_full_6m_max_raw","sub_alc_full_6m_max_raw",TRUE
"h4l15","sub_tob_1m_days_t2","T2 Smoked a cigarette in the past 30 days","haven_labelled","Substance Use",NA,796,"ok","high",TRUE,2,"t2","T2","sub_tob_1m_days","sub_tob_1m_days",TRUE
"h4l15","sub_tob_6m_t2","T2 Smoked a cigarette in the past six months","haven_labelled","Substance Use",NA,797,"ok","high",TRUE,2,"t2","T2","sub_tob_6m","sub_tob_6m",TRUE
"h4l15","sub_tob_int_t2","T2 Tobacco (cigarettes) intentions to use","haven_labelled","Substance Use",NA,798,"ok","high",TRUE,2,"t2","T2","sub_tob_int","sub_tob_int",TRUE
"cap17","sub_can_6m_freq_t2","T2-How often have you used cannabis of any kind in the past 6 months?","haven_labelled","Substance Use",NA,799,"ok","high",TRUE,2,"t2","T2","sub_can_6m_freq","sub_can_6m_freq",TRUE
"cap17","sub_alc_harm_sum7_t3","T3 AH7 Total Score","numeric","Substance Use",NA,800,"ok","high",TRUE,3,"t3","T3","sub_alc_harm_sum7",NA,FALSE
"h4l15","sub_alc_friends_drunk_t3","T3 About what proportion of your friends and acquaintances drink alcohol to get drunk?","haven_labelled","Substance Use",NA,801,"ok","high",TRUE,3,"t3","T3","sub_alc_friends_drunk","sub_alc_friends_drunk",TRUE
"h4l15","sub_alc_friends_drink_t3","T3 About what proportion of your friends and acquaintances drink any alcohol at all (even a sip)?","haven_labelled","Substance Use",NA,802,"ok","high",TRUE,3,"t3","T3","sub_alc_friends_drink","sub_alc_friends_drink",TRUE
"h4l15","sub_alc_int_t3","T3 Alcohol intentions to use","haven_labelled","Substance Use",NA,803,"ok","high",TRUE,3,"t3","T3","sub_alc_int","sub_alc_int",TRUE
"h4l15","sub_alc_binge_6m_t3","T3 Binge drinking in the past six months","haven_labelled","Substance Use",NA,804,"ok","high",TRUE,3,"t3","T3","sub_alc_binge_6m","sub_alc_binge_6m",TRUE
"h4l15","sub_alc_rapi_02_t3","T3 Caused shame or embarrassment to someone","haven_labelled","Substance Use",NA,805,"ok","high",TRUE,3,"t3","T3","sub_alc_rapi_02","sub_alc_rapi_02",TRUE
"h4l15","sub_alc_full_6m_t3","T3 Consumed a full standard drink in the past 6 months","haven_labelled","Substance Use",NA,806,"ok","high",TRUE,3,"t3","T3","sub_alc_full_6m","sub_alc_full_6m",TRUE
"h4l15","sub_tob_1m_days_raw_t3","T3 During the past 30 days, on how many days did you smoke cigarettes?","haven_labelled","Substance Use",NA,807,"ok","high",TRUE,3,"t3","T3","sub_tob_1m_days_raw","sub_tob_1m_days_raw",TRUE
"h4l15","sub_tob_1m_qty_raw_t3","T3 During the past 30 days, on the days you smoked, how many cigarettes did you smoke per day?","haven_labelled","Substance Use",NA,808,"ok","high",TRUE,3,"t3","T3","sub_tob_1m_qty_raw","sub_tob_1m_qty_raw",TRUE
"h4l15","sub_alc_binge_ever_t3","T3 Ever binge drinking","numeric","Substance Use",NA,809,"ok","high",TRUE,3,"t3","T3","sub_alc_binge_ever",NA,FALSE
"h4l15","sub_alc_full_t3","T3 Ever consumed full standard drink","haven_labelled","Substance Use",NA,810,"ok","high",TRUE,3,"t3","T3","sub_alc_full","sub_alc_full",TRUE
"h4l15","sub_alc_rapi_08_t3","T3 Felt I was going crazy","haven_labelled","Substance Use",NA,811,"ok","high",TRUE,3,"t3","T3","sub_alc_rapi_08","sub_alc_rapi_08",TRUE
"h4l15","sub_alc_rapi_06_t3","T3 Felt that I needed more alcohol than I used to drink in order to get the same effect","haven_labelled","Substance Use",NA,812,"ok","high",TRUE,3,"t3","T3","sub_alc_rapi_06","sub_alc_rapi_06",TRUE
"h4l15","sub_tob_1m_qty_t3","T3 Frequency of cigarette smoking in the past 30 days","numeric","Substance Use",NA,813,"ok","high",TRUE,3,"t3","T3","sub_tob_1m_qty",NA,FALSE
"h4l15","sub_alc_full_6m_freq_t3","T3 Frequency of full standard drink consumption in the past 6 months","numeric","Substance Use",NA,814,"ok","high",TRUE,3,"t3","T3","sub_alc_full_6m_freq",NA,FALSE
"h4l15","sub_alc_rapi_01_t3","T3 Got into fights, acted bad, or did mean things","haven_labelled","Substance Use",NA,815,"ok","high",TRUE,3,"t3","T3","sub_alc_rapi_01","sub_alc_rapi_01",TRUE
"h4l15","sub_alc_rapi_09_t3","T3 Had a fight, argument, or bad feelings with a friend","haven_labelled","Substance Use",NA,816,"ok","high",TRUE,3,"t3","T3","sub_alc_rapi_09","sub_alc_rapi_09",TRUE
"h4l15","sub_alc_sip_6m_t3","T3 Have you consumed any alcohol (even counting a sip or a taste) in the past 6 months?","haven_labelled","Substance Use",NA,817,"ok","high",TRUE,3,"t3","T3","sub_alc_sip_6m","sub_alc_sip_6m",TRUE
"h4l15","sub_alc_binge_raw_raw_t3","T3 Have you ever consumed 5 or more standard alcoholic drinks (see chart above) on one occasion? NOTE: error with skip logic","haven_labelled","Substance Use",NA,818,"ok","high",TRUE,3,"t3","T3","sub_alc_binge_raw_raw","sub_alc_binge_raw_raw",TRUE
"h4l15","sub_alc_full_raw_t3","T3 Have you ever had a full standard alcoholic drink (see alcohol chart)? NOTE: error with skip logic","haven_labelled","Substance Use",NA,819,"ok","high",TRUE,3,"t3","T3","sub_alc_full_raw","sub_alc_full_raw",TRUE
"h4l15","sub_alc_sip_t3","T3 Have you ever had a sip of alcohol?","haven_labelled","Substance Use",NA,820,"ok","high",TRUE,3,"t3","T3","sub_alc_sip","sub_alc_sip",TRUE
"h4l15","sub_tob_ever_t3","T3 Have you ever tried smoking a cigarette, even one or two puffs?","haven_labelled","Substance Use",NA,821,"ok","high",TRUE,3,"t3","T3","sub_tob_ever","sub_tob_ever",TRUE
"h4l15","sub_alc_full_6m_raw_t3","T3 Have you had a full standard alcoholic drink (see alcohol chart) in the past 6 months?","haven_labelled","Substance Use",NA,822,"ok","high",TRUE,3,"t3","T3","sub_alc_full_6m_raw","sub_alc_full_6m_raw",TRUE
"h4l15","sub_alc_harms_06_t3","T3 How many times did you prevent a friend, who had been drinking alcohol, from getting into trouble? ","haven_labelled","Substance Use",NA,823,"ok","high",TRUE,3,"t3","T3","sub_alc_harms_06","sub_alc_harms_06",TRUE
"h4l15","sub_alc_harms_03_t3","T3 How many times has something you owned been damaged by someone affected by alcohol? ","haven_labelled","Substance Use",NA,824,"ok","high",TRUE,3,"t3","T3","sub_alc_harms_03","sub_alc_harms_03",TRUE
"h4l15","sub_alc_harms_02_t3","T3 How many times have you been hit by someone affected by alcohol? ","haven_labelled","Substance Use",NA,825,"ok","high",TRUE,3,"t3","T3","sub_alc_harms_02","sub_alc_harms_02",TRUE
"h4l15","sub_alc_harms_05_t3","T3 How many times have you been sexually harassed by someone who was affected by alcohol? ","haven_labelled","Substance Use",NA,826,"ok","high",TRUE,3,"t3","T3","sub_alc_harms_05","sub_alc_harms_05",TRUE
"h4l15","sub_alc_harms_01_t3","T3 How many times have you been verbally abused by someone who was affected by alcohol? ","haven_labelled","Substance Use",NA,827,"ok","high",TRUE,3,"t3","T3","sub_alc_harms_01","sub_alc_harms_01",TRUE
"h4l15","sub_alc_harms_04_t3","T3 How many times were you a passenger in a car where the driver was affected by alcohol? ","haven_labelled","Substance Use",NA,828,"ok","high",TRUE,3,"t3","T3","sub_alc_harms_04","sub_alc_harms_04",TRUE
"h4l15","sub_alc_binge_6m_raw_t3","T3 How often did you have 5 or more standard alcoholic drinks on one occasion in the past 6 months?","haven_labelled","Substance Use",NA,829,"ok","high",TRUE,3,"t3","T3","sub_alc_binge_6m_raw","sub_alc_binge_6m_raw",TRUE
"h4l15","sub_alc_full_6m_freq_raw_t3","T3 How often did you have a standard alcoholic drink of any kind in the past 6 months?","haven_labelled","Substance Use",NA,830,"ok","high",TRUE,3,"t3","T3","sub_alc_full_6m_freq_raw","sub_alc_full_6m_freq_raw",TRUE
"h4l15","sub_tob_6m_raw_t3","T3 In the past 6 months, have you tried cigarette smoking, even one or two puffs?","haven_labelled","Substance Use",NA,831,"ok","high",TRUE,3,"t3","T3","sub_tob_6m_raw","sub_tob_6m_raw",TRUE
"h4l15","sub_alc_full_6m_qty_raw_t3","T3 In the past 6 months, how many standard drinks did you have on a typical day when you were drinking alcohol?","haven_labelled","Substance Use",NA,832,"ok","high",TRUE,3,"t3","T3","sub_alc_full_6m_qty_raw","sub_alc_full_6m_qty_raw",TRUE
"h4l15","sub_alc_full_6m_max_raw_t3","T3 In the past 6 months, what is the maximum number of standard drinks you have consumed on one occasion?","haven_labelled","Substance Use",NA,833,"ok","high",TRUE,3,"t3","T3","sub_alc_full_6m_max_raw","sub_alc_full_6m_max_raw",TRUE
"h4l15","sub_alc_rapi_03_t3","T3 Neglected my responsibilities","haven_labelled","Substance Use",NA,834,"ok","high",TRUE,3,"t3","T3","sub_alc_rapi_03","sub_alc_rapi_03",TRUE
"h4l15","sub_alc_rapi_04_t3","T3 Noticed a change in my personality ","haven_labelled","Substance Use",NA,835,"ok","high",TRUE,3,"t3","T3","sub_alc_rapi_04","sub_alc_rapi_04",TRUE
"h4l15","sub_alc_full_6m_qty_t3","T3 Quantity of alcohol consumed in past 6 months","numeric","Substance Use",NA,836,"ok","high",TRUE,3,"t3","T3","sub_alc_full_6m_qty",NA,FALSE
"h4l15","sub_tob_1m_days_t3","T3 Smoked a cigarette in the past 30 days","haven_labelled","Substance Use",NA,837,"ok","high",TRUE,3,"t3","T3","sub_tob_1m_days","sub_tob_1m_days",TRUE
"h4l15","sub_tob_6m_t3","T3 Smoked a cigarette in the past six months","haven_labelled","Substance Use",NA,838,"ok","high",TRUE,3,"t3","T3","sub_tob_6m","sub_tob_6m",TRUE
"h4l15","sub_alc_rapi_05_t3","T3 Suddenly found myself in a place that I could not remember getting to","haven_labelled","Substance Use",NA,839,"ok","high",TRUE,3,"t3","T3","sub_alc_rapi_05","sub_alc_rapi_05",TRUE
"h4l15","sub_tob_int_t3","T3 Tobacco (cigarettes) intentions to use","haven_labelled","Substance Use",NA,840,"ok","high",TRUE,3,"t3","T3","sub_tob_int","sub_tob_int",TRUE
"h4l15","sub_alc_rapi_07_t3","T3 Tried to cut down or quit drinking ","haven_labelled","Substance Use",NA,841,"ok","high",TRUE,3,"t3","T3","sub_alc_rapi_07","sub_alc_rapi_07",TRUE
"cap17","sub_alc_rapi_09_t3","T3-Had a fight with friends","haven_labelled","Substance Use",NA,842,"ok","high",TRUE,3,"t3","T3","sub_alc_rapi_09","sub_alc_rapi_09",TRUE
"h4l15","sub_alc_friends_drunk_t4","T4 About what proportion of your friends and acquaintances drink alcohol to get drunk?","haven_labelled","Substance Use",NA,843,"ok","high",TRUE,4,"t4","T4","sub_alc_friends_drunk","sub_alc_friends_drunk",TRUE
"h4l15","sub_alc_friends_drink_t4","T4 About what proportion of your friends and acquaintances drink any alcohol at all (even a sip)?","haven_labelled","Substance Use",NA,844,"ok","high",TRUE,4,"t4","T4","sub_alc_friends_drink","sub_alc_friends_drink",TRUE
"h4l15","sub_alc_int_t4","T4 Alcohol","haven_labelled","Substance Use",NA,845,"ok","high",TRUE,4,"t4","T4","sub_alc_int","sub_alc_int",TRUE
"h4l15","sub_alc_binge_6m_t4","T4 Binge drinking in the past six months","haven_labelled","Substance Use",NA,846,"ok","high",TRUE,4,"t4","T4","sub_alc_binge_6m","sub_alc_binge_6m",TRUE
"h4l15","sub_alc_rapi_02_t4","T4 Caused shame or embarrassment to someone","haven_labelled","Substance Use",NA,847,"ok","high",TRUE,4,"t4","T4","sub_alc_rapi_02","sub_alc_rapi_02",TRUE
"h4l15","sub_alc_full_6m_t4","T4 Consumed a full standard drink in the past 6 months","haven_labelled","Substance Use",NA,848,"ok","high",TRUE,4,"t4","T4","sub_alc_full_6m","sub_alc_full_6m",TRUE
"h4l15","sub_tob_1m_days_raw_t4","T4 During the past 30 days, on how many days did you smoke cigarettes?","haven_labelled","Substance Use",NA,849,"ok","high",TRUE,4,"t4","T4","sub_tob_1m_days_raw","sub_tob_1m_days_raw",TRUE
"h4l15","sub_tob_1m_qty_raw_t4","T4 During the past 30 days, on the days you smoked, how many cigarettes did you smoke per day?","haven_labelled","Substance Use",NA,850,"ok","high",TRUE,4,"t4","T4","sub_tob_1m_qty_raw","sub_tob_1m_qty_raw",TRUE
"h4l15","sub_alc_binge_t4","T4 Ever binge drinking","numeric","Substance Use",NA,851,"ok","high",TRUE,4,"t4","T4","sub_alc_binge",NA,FALSE
"h4l15","sub_alc_full_t4","T4 Ever consumed full standard drink","haven_labelled","Substance Use",NA,852,"ok","high",TRUE,4,"t4","T4","sub_alc_full","sub_alc_full",TRUE
"h4l15","sub_alc_rapi_08_t4","T4 Felt I was going crazy","haven_labelled","Substance Use",NA,853,"ok","high",TRUE,4,"t4","T4","sub_alc_rapi_08","sub_alc_rapi_08",TRUE
"h4l15","sub_alc_rapi_06_t4","T4 Felt that I needed more alcohol than I used to drink in order to get the same effect","haven_labelled","Substance Use",NA,854,"ok","high",TRUE,4,"t4","T4","sub_alc_rapi_06","sub_alc_rapi_06",TRUE
"h4l15","sub_tob_1m_qty_t4","T4 Frequency of cigarette smoking in the past 30 days","numeric","Substance Use",NA,855,"ok","high",TRUE,4,"t4","T4","sub_tob_1m_qty",NA,FALSE
"h4l15","sub_alc_full_6m_freq_t4","T4 Frequency of full standard drink consumption in the past 6 months","numeric","Substance Use",NA,856,"ok","high",TRUE,4,"t4","T4","sub_alc_full_6m_freq",NA,FALSE
"h4l15","sub_alc_rapi_01_t4","T4 Got into fights, acted bad, or did mean things","haven_labelled","Substance Use",NA,857,"ok","high",TRUE,4,"t4","T4","sub_alc_rapi_01","sub_alc_rapi_01",TRUE
"h4l15","sub_alc_rapi_09_t4","T4 Had a fight, argument, or bad feelings with a friend","haven_labelled","Substance Use",NA,858,"ok","high",TRUE,4,"t4","T4","sub_alc_rapi_09","sub_alc_rapi_09",TRUE
"h4l15","sub_alc_sip_6m_t4","T4 Have you consumed any alcohol (even counting a sip or a taste) in the past 6 months?","haven_labelled","Substance Use",NA,859,"ok","high",TRUE,4,"t4","T4","sub_alc_sip_6m","sub_alc_sip_6m",TRUE
"h4l15","sub_alc_binge_raw_raw_t4","T4 Have you ever consumed 5 or more standard alcoholic drinks (see chart above) on one occasion?","haven_labelled","Substance Use",NA,860,"ok","high",TRUE,4,"t4","T4","sub_alc_binge_raw_raw","sub_alc_binge_raw_raw",TRUE
"h4l15","sub_alc_full_raw_t4","T4 Have you ever had a full standard alcoholic drink (see alcohol chart)?","haven_labelled","Substance Use",NA,861,"ok","high",TRUE,4,"t4","T4","sub_alc_full_raw","sub_alc_full_raw",TRUE
"h4l15","sub_alc_sip_t4","T4 Have you ever had a sip of alcohol?","haven_labelled","Substance Use",NA,862,"ok","high",TRUE,4,"t4","T4","sub_alc_sip","sub_alc_sip",TRUE
"h4l15","sub_tob_ever_t4","T4 Have you ever tried smoking a cigarette, even one or two puffs?","haven_labelled","Substance Use",NA,863,"ok","high",TRUE,4,"t4","T4","sub_tob_ever","sub_tob_ever",TRUE
"h4l15","sub_alc_full_6m_raw_t4","T4 Have you had a full standard alcoholic drink (see alcohol chart) in the past 6 months?","haven_labelled","Substance Use",NA,864,"ok","high",TRUE,4,"t4","T4","sub_alc_full_6m_raw","sub_alc_full_6m_raw",TRUE
"h4l15","sub_alc_harms_06_t4","T4 How many times did you prevent a friend, who had been drinking alcohol, from getting into trouble?","haven_labelled","Substance Use",NA,865,"ok","high",TRUE,4,"t4","T4","sub_alc_harms_06","sub_alc_harms_06",TRUE
"h4l15","sub_alc_harms_03_t4","T4 How many times has something you owned been damaged by someone affected by alcohol?","haven_labelled","Substance Use",NA,866,"ok","high",TRUE,4,"t4","T4","sub_alc_harms_03","sub_alc_harms_03",TRUE
"h4l15","sub_alc_harms_02_t4","T4 How many times have you been hit by someone affected by alcohol?","haven_labelled","Substance Use",NA,867,"ok","high",TRUE,4,"t4","T4","sub_alc_harms_02","sub_alc_harms_02",TRUE
"h4l15","sub_alc_harms_05_t4","T4 How many times have you been sexually harassed by someone who was affected by alcohol?","haven_labelled","Substance Use",NA,868,"ok","high",TRUE,4,"t4","T4","sub_alc_harms_05","sub_alc_harms_05",TRUE
"h4l15","sub_alc_harms_01_t4","T4 How many times have you been verbally abused by someone who was affected by alcohol?","haven_labelled","Substance Use",NA,869,"ok","high",TRUE,4,"t4","T4","sub_alc_harms_01","sub_alc_harms_01",TRUE
"h4l15","sub_alc_harms_04_t4","T4 How many times were you a passenger in a car where the driver was affected by alcohol?","haven_labelled","Substance Use",NA,870,"ok","high",TRUE,4,"t4","T4","sub_alc_harms_04","sub_alc_harms_04",TRUE
"h4l15","sub_alc_binge_6m_raw_t4","T4 How often did you have 5 or more standard alcoholic drinks on one occasion in the past 6 months?","haven_labelled","Substance Use",NA,871,"ok","high",TRUE,4,"t4","T4","sub_alc_binge_6m_raw","sub_alc_binge_6m_raw",TRUE
"h4l15","sub_alc_full_6m_freq_raw_t4","T4 How often did you have a standard alcoholic drink of any kind in the past 6 months?","haven_labelled","Substance Use",NA,872,"ok","high",TRUE,4,"t4","T4","sub_alc_full_6m_freq_raw","sub_alc_full_6m_freq_raw",TRUE
"h4l15","sub_tob_6m_raw_t4","T4 In the past 6 months, have you tried cigarette smoking, even one or two puffs?","haven_labelled","Substance Use",NA,873,"ok","high",TRUE,4,"t4","T4","sub_tob_6m_raw","sub_tob_6m_raw",TRUE
"h4l15","sub_alc_full_6m_qty_raw_t4","T4 In the past 6 months, how many standard drinks did you have on a typical day when you were drinking alcohol?","haven_labelled","Substance Use",NA,874,"ok","high",TRUE,4,"t4","T4","sub_alc_full_6m_qty_raw","sub_alc_full_6m_qty_raw",TRUE
"h4l15","sub_alc_full_6m_max_raw_t4","T4 In the past 6 months, what is the maximum number of standard drinks you have consumed on one occasion? (leave blank if you haven't had any standard drinks in the past 6 months)","haven_labelled","Substance Use",NA,875,"ok","high",TRUE,4,"t4","T4","sub_alc_full_6m_max_raw","sub_alc_full_6m_max_raw",TRUE
"h4l15","sub_alc_rapi_03_t4","T4 Neglected my responsibilities","haven_labelled","Substance Use",NA,876,"ok","high",TRUE,4,"t4","T4","sub_alc_rapi_03","sub_alc_rapi_03",TRUE
"h4l15","sub_alc_rapi_04_t4","T4 Noticed a change in my personality","haven_labelled","Substance Use",NA,877,"ok","high",TRUE,4,"t4","T4","sub_alc_rapi_04","sub_alc_rapi_04",TRUE
"cap17","sub_alc_binge_t1_freq_t4","T4 Number of times per month binge drinking","haven_labelled","Substance Use",NA,878,"ok","high",TRUE,4,"t4","T4","sub_alc_binge_t1_freq","sub_alc_binge_t1_freq",TRUE
"h4l15","sub_alc_full_6m_qty_t4","T4 Quantity of alcohol consumed in past 6 months","numeric","Substance Use",NA,879,"ok","high",TRUE,4,"t4","T4","sub_alc_full_6m_qty",NA,FALSE
"h4l15","sub_tob_1m_days_t4","T4 Smoked a cigarette in the past 30 days","haven_labelled","Substance Use",NA,880,"ok","high",TRUE,4,"t4","T4","sub_tob_1m_days","sub_tob_1m_days",TRUE
"h4l15","sub_tob_6m_t4","T4 Smoked a cigarette in the past six months","haven_labelled","Substance Use",NA,881,"ok","high",TRUE,4,"t4","T4","sub_tob_6m","sub_tob_6m",TRUE
"h4l15","sub_alc_rapi_05_t4","T4 Suddenly found myself in a place that I could not remember getting to","haven_labelled","Substance Use",NA,882,"ok","high",TRUE,4,"t4","T4","sub_alc_rapi_05","sub_alc_rapi_05",TRUE
"h4l15","sub_tob_int_t4","T4 Tobacco (cigarettes)","haven_labelled","Substance Use",NA,883,"ok","high",TRUE,4,"t4","T4","sub_tob_int","sub_tob_int",TRUE
"h4l15","sub_alc_rapi_07_t4","T4 Tried to cut down or quit drinking","haven_labelled","Substance Use",NA,884,"ok","high",TRUE,4,"t4","T4","sub_alc_rapi_07","sub_alc_rapi_07",TRUE
"cap17","sub_alc_rapi_09_t4","T4-Had a fight with friends","haven_labelled","Substance Use",NA,885,"ok","high",TRUE,4,"t4","T4","sub_alc_rapi_09","sub_alc_rapi_09",TRUE
"cap17","sub_alc_harm_sum7_t5","T5 AH7 Total Score","numeric","Substance Use",NA,886,"ok","high",TRUE,5,"t5","T5","sub_alc_harm_sum7",NA,FALSE
"h4l15","sub_alc_binge_6m_t5","T5 Binge drinking in the past six months","haven_labelled","Substance Use",NA,887,"ok","high",TRUE,5,"t5","T5","sub_alc_binge_6m","sub_alc_binge_6m",TRUE
"h4l15","sub_alc_full_6m_t5","T5 Consumed a full standard drink in the past 6 months","haven_labelled","Substance Use",NA,888,"ok","high",TRUE,5,"t5","T5","sub_alc_full_6m","sub_alc_full_6m",TRUE
"h4l15","sub_alc_binge_ever_t5","T5 Ever consumed 5 or more standard drinks on one occasion","numeric","Substance Use",NA,889,"ok","high",TRUE,5,"t5","T5","sub_alc_binge_ever",NA,FALSE
"h4l15","sub_alc_full_t5","T5 Ever consumed full standard drink","haven_labelled","Substance Use",NA,890,"ok","high",TRUE,5,"t5","T5","sub_alc_full","sub_alc_full",TRUE
"h4l15","sub_tob_1m_qty_t5","T5 Frequency of cigarette smoking in the past 30 days","numeric","Substance Use",NA,891,"ok","high",TRUE,5,"t5","T5","sub_tob_1m_qty",NA,FALSE
"h4l15","sub_alc_full_6m_freq_t5","T5 Frequency of full standard drink consumption in the past 6 months","numeric","Substance Use",NA,892,"ok","high",TRUE,5,"t5","T5","sub_alc_full_6m_freq",NA,FALSE
"cap17","sub_alc_binge_t1_freq_t5","T5 Number of times per month binge drinking","haven_labelled","Substance Use",NA,893,"ok","high",TRUE,5,"t5","T5","sub_alc_binge_t1_freq","sub_alc_binge_t1_freq",TRUE
"h4l15","sub_alc_full_6m_qty_t5","T5 Quantity of full standard drink consumed when drinking in past 6 months","numeric","Substance Use",NA,894,"ok","high",TRUE,5,"t5","T5","sub_alc_full_6m_qty",NA,FALSE
"h4l15","sub_tob_1m_days_t5","T5 Smoked a cigarette in the past 30 days","haven_labelled","Substance Use",NA,895,"ok","high",TRUE,5,"t5","T5","sub_tob_1m_days","sub_tob_1m_days",TRUE
"h4l15","sub_tob_6m_t5","T5 Smoked a cigarette in the past six months","haven_labelled","Substance Use",NA,896,"ok","high",TRUE,5,"t5","T5","sub_tob_6m","sub_tob_6m",TRUE
"cap17","sub_alc_abuse_t1","Time 1 Abuse Symptoms","numeric","Substance Use",NA,897,"ok","high",TRUE,1,"t1","T1","sub_alc_abuse",NA,FALSE
"cap17","sub_alc_contin_t1","Time 1 Continued drinking despite physical or psychological problems","numeric","Substance Use",NA,898,"ok","high",TRUE,1,"t1","T1","sub_alc_contin",NA,FALSE
"cap17","sub_alc_craving_t1","Time 1 Craving","numeric","Substance Use",NA,899,"ok","high",TRUE,1,"t1","T1","sub_alc_craving",NA,FALSE
"cap17","sub_alc_abuse_dxh_t1","Time 1 DSM-IV abuse diagnosis with hierarchy","numeric","Substance Use",NA,900,"ok","high",TRUE,1,"t1","T1","sub_alc_abuse_dxh",NA,FALSE
"cap17","sub_alc_abuse_dx_t1","Time 1 DSM-IV abuse diagnosis without hierarchy","numeric","Substance Use",NA,901,"ok","high",TRUE,1,"t1","T1","sub_alc_abuse_dx",NA,FALSE
"cap17","sub_alc_depend_dx_t1","Time 1 Dependence Diagnosis","numeric","Substance Use",NA,902,"ok","high",TRUE,1,"t1","T1","sub_alc_depend_dx",NA,FALSE
"cap17","sub_alc_depend_t1","Time 1 Dependence Symptoms","numeric","Substance Use",NA,903,"ok","high",TRUE,1,"t1","T1","sub_alc_depend",NA,FALSE
"cap17","sub_alc_blackout_t1","Time 1 Drinking induced black outs","numeric","Substance Use",NA,904,"ok","high",TRUE,1,"t1","T1","sub_alc_blackout",NA,FALSE
"cap17","sub_alc_fights_t1","Time 1 Fights while drunk","numeric","Substance Use",NA,905,"ok","high",TRUE,1,"t1","T1","sub_alc_fights",NA,FALSE
"cap17","sub_alc_timespent_t1","Time 1 Time spent in activities necessary to obtain, to use, or to recover from the effects of drinking","numeric","Substance Use",NA,906,"ok","high",TRUE,1,"t1","T1","sub_alc_timespent",NA,FALSE
"cap17","sub_alc_toler_t1","Time 1 Tolerance","numeric","Substance Use",NA,907,"ok","high",TRUE,1,"t1","T1","sub_alc_toler",NA,FALSE
"cap17","sub_alc_withdraw_t1","Time 1 Withdrawal syndrome or drinking to avoid withdrawal symptoms","numeric","Substance Use",NA,908,"ok","high",TRUE,1,"t1","T1","sub_alc_withdraw",NA,FALSE
"cap17","sub_alc_abuse_t2","Time 2 Abuse Symptoms","numeric","Substance Use",NA,909,"ok","high",TRUE,2,"t2","T2","sub_alc_abuse",NA,FALSE
"cap17","sub_alc_contin_t2","Time 2 Continued drinking despite physical or psychological problems","numeric","Substance Use",NA,910,"ok","high",TRUE,2,"t2","T2","sub_alc_contin",NA,FALSE
"cap17","sub_alc_abuse_dxh_t2","Time 2 DSM-IV abuse diagnosis with hierarchy","numeric","Substance Use",NA,911,"ok","high",TRUE,2,"t2","T2","sub_alc_abuse_dxh",NA,FALSE
"cap17","sub_alc_abuse_dx_t2","Time 2 DSM-IV abuse diagnosis without hierarchy","numeric","Substance Use",NA,912,"ok","high",TRUE,2,"t2","T2","sub_alc_abuse_dx",NA,FALSE
"cap17","sub_alc_depend_dx_t2","Time 2 Dependence Diagnosis","numeric","Substance Use",NA,913,"ok","high",TRUE,2,"t2","T2","sub_alc_depend_dx",NA,FALSE
"cap17","sub_alc_depend_t2","Time 2 Dependence Symptoms","numeric","Substance Use",NA,914,"ok","high",TRUE,2,"t2","T2","sub_alc_depend",NA,FALSE
"cap17","sub_alc_blackout_t2","Time 2 Drinking induced black outs","numeric","Substance Use",NA,915,"ok","high",TRUE,2,"t2","T2","sub_alc_blackout",NA,FALSE
"cap17","sub_alc_fights_t2","Time 2 Fights while drunk","numeric","Substance Use",NA,916,"ok","high",TRUE,2,"t2","T2","sub_alc_fights",NA,FALSE
"cap17","sub_alc_binge_t1_freq_t2","Time 2 Number of times per month binge drinking","haven_labelled","Substance Use",NA,917,"ok","high",TRUE,2,"t2","T2","sub_alc_binge_t1_freq","sub_alc_binge_t1_freq",TRUE
"cap17","sub_alc_timespent_t2","Time 2 Time spent in activities necessary to obtain, to use, or to recover from the effects of drinking","numeric","Substance Use",NA,918,"ok","high",TRUE,2,"t2","T2","sub_alc_timespent",NA,FALSE
"cap17","sub_alc_toler_t2","Time 2 Tolerance","numeric","Substance Use",NA,919,"ok","high",TRUE,2,"t2","T2","sub_alc_toler",NA,FALSE
"cap17","sub_alc_withdraw_t2","Time 2 Withdrawal syndrome or drinking to avoid withdrawal symptoms","numeric","Substance Use",NA,920,"ok","high",TRUE,2,"t2","T2","sub_alc_withdraw",NA,FALSE
"cap17","sub_alc_craving_t2","Time 2 craving","numeric","Substance Use",NA,921,"ok","high",TRUE,2,"t2","T2","sub_alc_craving",NA,FALSE
"cap17","sub_alc_abuse_t3","Time 3 Abuse Symptoms","numeric","Substance Use",NA,922,"ok","high",TRUE,3,"t3","T3","sub_alc_abuse",NA,FALSE
"cap17","sub_alc_contin_t3","Time 3 Continued drinking despite physical or psychological problems","numeric","Substance Use",NA,923,"ok","high",TRUE,3,"t3","T3","sub_alc_contin",NA,FALSE
"cap17","sub_alc_abuse_dxh_t3","Time 3 DSM-IV abuse diagnosis with hierarchy","numeric","Substance Use",NA,924,"ok","high",TRUE,3,"t3","T3","sub_alc_abuse_dxh",NA,FALSE
"cap17","sub_alc_abuse_dx_t3","Time 3 DSM-IV abuse diagnosis without hierarchy","numeric","Substance Use",NA,925,"ok","high",TRUE,3,"t3","T3","sub_alc_abuse_dx",NA,FALSE
"cap17","sub_alc_depend_dx_t3","Time 3 Dependence Diagnosis","numeric","Substance Use",NA,926,"ok","high",TRUE,3,"t3","T3","sub_alc_depend_dx",NA,FALSE
"cap17","sub_alc_depend_t3","Time 3 Dependence Symptoms","numeric","Substance Use",NA,927,"ok","high",TRUE,3,"t3","T3","sub_alc_depend",NA,FALSE
"cap17","sub_alc_blackout_t3","Time 3 Drinking induced black outs","numeric","Substance Use",NA,928,"ok","high",TRUE,3,"t3","T3","sub_alc_blackout",NA,FALSE
"cap17","sub_alc_fights_t3","Time 3 Fights while drunk","numeric","Substance Use",NA,929,"ok","high",TRUE,3,"t3","T3","sub_alc_fights",NA,FALSE
"cap17","sub_alc_binge_t1_freq_t3","Time 3 Number of times per month binge drinking","haven_labelled","Substance Use",NA,930,"ok","high",TRUE,3,"t3","T3","sub_alc_binge_t1_freq","sub_alc_binge_t1_freq",TRUE
"cap17","sub_alc_timespent_t3","Time 3 Time spent in activities necessary to obtain, to use, or to recover from the effects of drinking","numeric","Substance Use",NA,931,"ok","high",TRUE,3,"t3","T3","sub_alc_timespent",NA,FALSE
"cap17","sub_alc_toler_t3","Time 3 Tolerance","numeric","Substance Use",NA,932,"ok","high",TRUE,3,"t3","T3","sub_alc_toler",NA,FALSE
"cap17","sub_alc_withdraw_t3","Time 3 Withdrawal syndrome or drinking to avoid withdrawal symptoms","numeric","Substance Use",NA,933,"ok","high",TRUE,3,"t3","T3","sub_alc_withdraw",NA,FALSE
"cap17","sub_alc_craving_t3","Time 3 craving","numeric","Substance Use",NA,934,"ok","high",TRUE,3,"t3","T3","sub_alc_craving",NA,FALSE
"cap17","sub_alc_abuse_t4","Time 4 Abuse Symptoms","numeric","Substance Use",NA,935,"ok","high",TRUE,4,"t4","T4","sub_alc_abuse",NA,FALSE
"cap17","sub_alc_contin_t4","Time 4 Continued drinking despite physical or psychological problems","numeric","Substance Use",NA,936,"ok","high",TRUE,4,"t4","T4","sub_alc_contin",NA,FALSE
"cap17","sub_alc_abuse_dxh_t4","Time 4 DSM-IV abuse diagnosis with hierarchy","numeric","Substance Use",NA,937,"ok","high",TRUE,4,"t4","T4","sub_alc_abuse_dxh",NA,FALSE
"cap17","sub_alc_abuse_dx_t4","Time 4 DSM-IV abuse diagnosis without hierarchy","numeric","Substance Use",NA,938,"ok","high",TRUE,4,"t4","T4","sub_alc_abuse_dx",NA,FALSE
"cap17","sub_alc_depend_dx_t4","Time 4 Dependence Diagnosis","numeric","Substance Use",NA,939,"ok","high",TRUE,4,"t4","T4","sub_alc_depend_dx",NA,FALSE
"cap17","sub_alc_depend_t4","Time 4 Dependence Symptoms","numeric","Substance Use",NA,940,"ok","high",TRUE,4,"t4","T4","sub_alc_depend",NA,FALSE
"cap17","sub_alc_blackout_t4","Time 4 Drinking induced black outs","numeric","Substance Use",NA,941,"ok","high",TRUE,4,"t4","T4","sub_alc_blackout",NA,FALSE
"cap17","sub_alc_fights_t4","Time 4 Fights while drunk","numeric","Substance Use",NA,942,"ok","high",TRUE,4,"t4","T4","sub_alc_fights",NA,FALSE
"cap17","sub_alc_timespent_t4","Time 4 Time spent in activities necessary to obtain, to use, or to recover from the effects of drinking","numeric","Substance Use",NA,943,"ok","high",TRUE,4,"t4","T4","sub_alc_timespent",NA,FALSE
"cap17","sub_alc_toler_t4","Time 4 Tolerance","numeric","Substance Use",NA,944,"ok","high",TRUE,4,"t4","T4","sub_alc_toler",NA,FALSE
"cap17","sub_alc_withdraw_t4","Time 4 Withdrawal syndrome or drinking to avoid withdrawal symptoms","numeric","Substance Use",NA,945,"ok","high",TRUE,4,"t4","T4","sub_alc_withdraw",NA,FALSE
"cap17","sub_alc_craving_t4","Time 4 craving","numeric","Substance Use",NA,946,"ok","high",TRUE,4,"t4","T4","sub_alc_craving",NA,FALSE
"h4l15","sub_tob_int_t5","Tobacco (cigarettes)","haven_labelled","Substance Use",NA,947,"ok","high",TRUE,5,"t5","T5","sub_tob_int","sub_tob_int",TRUE
"h4l15","sub_alc_rapi_07_t5","Tried to cut down or quit drinking","haven_labelled","Substance Use",NA,948,"ok","high",TRUE,5,"t5","T5","sub_alc_rapi_07","sub_alc_rapi_07",TRUE
"cap17","sub_alc_abuse_t5","time 5 Abuse Symptoms","numeric","Substance Use",NA,949,"ok","high",TRUE,5,"t5","T5","sub_alc_abuse",NA,FALSE
"cap17","sub_alc_contin_t5","time 5 Continued drinking despite physical or psychological problems","numeric","Substance Use",NA,950,"ok","high",TRUE,5,"t5","T5","sub_alc_contin",NA,FALSE
"cap17","sub_alc_abuse_dxh_t5","time 5 DSM-IV abuse diagnosis with hierarchy","numeric","Substance Use",NA,951,"ok","high",TRUE,5,"t5","T5","sub_alc_abuse_dxh",NA,FALSE
"cap17","sub_alc_abuse_dx_t5","time 5 DSM-IV abuse diagnosis without hierarchy","numeric","Substance Use",NA,952,"ok","high",TRUE,5,"t5","T5","sub_alc_abuse_dx",NA,FALSE
"cap17","sub_alc_depend_dx_t5","time 5 Dependence Diagnosis","numeric","Substance Use",NA,953,"ok","high",TRUE,5,"t5","T5","sub_alc_depend_dx",NA,FALSE
"cap17","sub_alc_depend_t5","time 5 Dependence Symptoms","numeric","Substance Use",NA,954,"ok","high",TRUE,5,"t5","T5","sub_alc_depend",NA,FALSE
"cap17","sub_alc_blackout_t5","time 5 Drinking induced black outs","numeric","Substance Use",NA,955,"ok","high",TRUE,5,"t5","T5","sub_alc_blackout",NA,FALSE
"cap17","sub_alc_fights_t5","time 5 Fights while drunk","numeric","Substance Use",NA,956,"ok","high",TRUE,5,"t5","T5","sub_alc_fights",NA,FALSE
"cap17","sub_alc_timespent_t5","time 5 Time spent in activities necessary to obtain, to use, or to recover from the effects of drinking","numeric","Substance Use",NA,957,"ok","high",TRUE,5,"t5","T5","sub_alc_timespent",NA,FALSE
"cap17","sub_alc_toler_t5","time 5 Tolerance","numeric","Substance Use",NA,958,"ok","high",TRUE,5,"t5","T5","sub_alc_toler",NA,FALSE
"cap17","sub_alc_withdraw_t5","time 5 Withdrawal syndrome or drinking to avoid withdrawal symptoms","numeric","Substance Use",NA,959,"ok","high",TRUE,5,"t5","T5","sub_alc_withdraw",NA,FALSE
"cap17","sub_alc_craving_t5","time 5 craving","numeric","Substance Use",NA,960,"ok","high",TRUE,5,"t5","T5","sub_alc_craving",NA,FALSE
"cap17","id_sess1_t1","Did student attend session 1?","haven_labelled","Survey Administration","Administrative",1,"ok","high",TRUE,1,"t1","T1","id_sess1","id_sess1",TRUE
"cap17","id_sess2_t1","Did student attend session 2?","haven_labelled","Survey Administration","Administrative",2,"ok","high",TRUE,1,"t1","T1","id_sess2","id_sess2",TRUE
"cap17","id_sess1catch_t1","Did student get a catch-up session for S1","haven_labelled","Survey Administration","Administrative",3,"ok","high",TRUE,1,"t1","T1","id_sess1catch","id_sess1catch",TRUE
"cap17","id_sess2catch_t1","Did student get a catch-up session for S2","haven_labelled","Survey Administration","Administrative",4,"ok","high",TRUE,1,"t1","T1","id_sess2catch","id_sess2catch",TRUE
"cap17","id_itt_t1","Intention to treat variable of Preventure Intervention","haven_labelled","Survey Administration","Administrative",5,"ok","high",TRUE,1,"t1","T1","id_itt","id_itt",TRUE
"h4l15","id_left_school_t5","LeftSchool","character","Survey Administration","Administrative",6,"ok","high",TRUE,5,"t5","T5","id_left_school",NA,FALSE
"h4l15","id_leftschool_t4","T4 LeftSchool","character","Survey Administration","Administrative",7,"ok","high",TRUE,4,"t4","T4","id_leftschool",NA,FALSE
"cap17","id_preventure_grp_t1","Assigned Preventure group","haven_labelled","Survey Administration","Identifiers",8,"ok","high",TRUE,1,"t1","T1","id_preventure_grp","id_preventure_grp",TRUE
"h4l15","id_person_t1","ContactID","numeric","Survey Administration","Identifiers",9,"ok","high",TRUE,1,"t1","T1","id_person",NA,FALSE
"h4l15","id_school_name_t5","OrganisationName","character","Survey Administration","Identifiers",10,"ok","high",TRUE,5,"t5","T5","id_school_name",NA,FALSE
"cap17","id_school_name_t1","School","character","Survey Administration","Identifiers",11,"ok","high",TRUE,1,"t1","T1","id_school_name",NA,FALSE
"h4l15","id_sch_cluster_t1","School cluster numeric version","numeric","Survey Administration","Identifiers",12,"ok","high",TRUE,1,"t1","T1","id_sch_cluster",NA,FALSE
"h4l15","id_state_t5","State","character","Survey Administration","Identifiers",13,"ok","high",TRUE,5,"t5","T5","id_state",NA,FALSE
"h4l15","id_school_name_t1","T1 OrganisationName","character","Survey Administration","Identifiers",14,"ok","high",TRUE,1,"t1","T1","id_school_name",NA,FALSE
"h4l15","id_special_code_t1","T1 Special Code","character","Survey Administration","Identifiers",15,"ok","high",TRUE,1,"t1","T1","id_special_code",NA,FALSE
"h4l15","id_state_t1","T1 State","character","Survey Administration","Identifiers",16,"ok","high",TRUE,1,"t1","T1","id_state",NA,FALSE
"h4l15","id_trial_group_num_t1","T1 Trial group numeric version","haven_labelled","Survey Administration","Identifiers",17,"ok","high",TRUE,1,"t1","T1","id_trial_group_num","id_trial_group_num",TRUE
"h4l15","id_trial_group_t1","T1 TrialGroupTitle","character","Survey Administration","Identifiers",18,"ok","high",TRUE,1,"t1","T1","id_trial_group",NA,FALSE
"h4l15","id_school_name_t2","T2 OrganisationName","character","Survey Administration","Identifiers",19,"ok","high",TRUE,2,"t2","T2","id_school_name",NA,FALSE
"h4l15","id_sch_cluster_t2","T2 School cluster numeric version","numeric","Survey Administration","Identifiers",20,"ok","high",TRUE,2,"t2","T2","id_sch_cluster",NA,FALSE
"h4l15","id_state_t2","T2 State","character","Survey Administration","Identifiers",21,"ok","high",TRUE,2,"t2","T2","id_state",NA,FALSE
"h4l15","id_trial_group_num_t2","T2 Trial group numeric recode","haven_labelled","Survey Administration","Identifiers",22,"ok","high",TRUE,2,"t2","T2","id_trial_group_num","id_trial_group_num",TRUE
"h4l15","id_trial_group_t2","T2 TrialGroupTitle","character","Survey Administration","Identifiers",23,"ok","high",TRUE,2,"t2","T2","id_trial_group",NA,FALSE
"h4l15","id_special_code_t2","T2_SpecialCode","numeric","Survey Administration","Identifiers",24,"ok","high",TRUE,2,"t2","T2","id_special_code",NA,FALSE
"h4l15","id_school_name_t3","T3 OrganisationName","character","Survey Administration","Identifiers",25,"ok","high",TRUE,3,"t3","T3","id_school_name",NA,FALSE
"h4l15","id_sch_cluster_t3","T3 School cluster numeric version","numeric","Survey Administration","Identifiers",26,"ok","high",TRUE,3,"t3","T3","id_sch_cluster",NA,FALSE
"h4l15","id_state_t3","T3 State","character","Survey Administration","Identifiers",27,"ok","high",TRUE,3,"t3","T3","id_state",NA,FALSE
"cap17","id_trial_group_num_t3","T3 Trial Group","haven_labelled","Survey Administration","Identifiers",28,"ok","high",TRUE,3,"t3","T3","id_trial_group_num","id_trial_group_num",TRUE
"h4l15","id_trial_group_t3","T3 TrialGroupTitle","character","Survey Administration","Identifiers",29,"ok","high",TRUE,3,"t3","T3","id_trial_group",NA,FALSE
"h4l15","id_trial_group_num_t3","T3_trialgrp","numeric","Survey Administration","Identifiers",30,"ok","high",TRUE,3,"t3","T3","id_trial_group_num",NA,FALSE
"h4l15","id_school_name_t4","T4 OrganisationName","character","Survey Administration","Identifiers",31,"ok","high",TRUE,4,"t4","T4","id_school_name",NA,FALSE
"h4l15","id_sch_cluster_t4","T4 School cluster numeric version","numeric","Survey Administration","Identifiers",32,"ok","high",TRUE,4,"t4","T4","id_sch_cluster",NA,FALSE
"h4l15","id_state_t4","T4 State","character","Survey Administration","Identifiers",33,"ok","high",TRUE,4,"t4","T4","id_state",NA,FALSE
"cap17","id_trial_group_num_t4","T4 Trial Group","haven_labelled","Survey Administration","Identifiers",34,"ok","high",TRUE,4,"t4","T4","id_trial_group_num","id_trial_group_num",TRUE
"h4l15","id_trial_group_t4","T4 TrialGroupTitle","character","Survey Administration","Identifiers",35,"ok","high",TRUE,4,"t4","T4","id_trial_group",NA,FALSE
"h4l15","id_int_type_t4","T4_InterventionType","character","Survey Administration","Identifiers",36,"ok","high",TRUE,4,"t4","T4","id_int_type",NA,FALSE
"h4l15","id_trial_group_num_t4","T4_trialgrp","numeric","Survey Administration","Identifiers",37,"ok","high",TRUE,4,"t4","T4","id_trial_group_num",NA,FALSE
"h4l15","id_int_type_t5","T5 Intervention type","character","Survey Administration","Identifiers",38,"ok","high",TRUE,5,"t5","T5","id_int_type",NA,FALSE
"h4l15","id_sch_cluster_t5","T5 School cluster numeric version","numeric","Survey Administration","Identifiers",39,"ok","high",TRUE,5,"t5","T5","id_sch_cluster",NA,FALSE
"cap17","id_trial_group_num_t5","T5 Trial Group","haven_labelled","Survey Administration","Identifiers",40,"ok","high",TRUE,5,"t5","T5","id_trial_group_num","id_trial_group_num",TRUE
"h4l15","id_trial_group_num_t5","T5 Trial group numeric","numeric","Survey Administration","Identifiers",41,"ok","high",TRUE,5,"t5","T5","id_trial_group_num",NA,FALSE
"cap17","id_special_code_t1","Time 1 - Special Code","character","Survey Administration","Identifiers",42,"ok","high",TRUE,1,"t1","T1","id_special_code",NA,FALSE
"cap17","id_survey_t1","Time 1 - Survey ID","numeric","Survey Administration","Identifiers",43,"ok","high",TRUE,1,"t1","T1","id_survey",NA,FALSE
"cap17","id_sch_cluster_t1","Time 1 School Code","haven_labelled","Survey Administration","Identifiers",44,"ok","high",TRUE,1,"t1","T1","id_sch_cluster","id_sch_cluster",TRUE
"cap17","id_trial_group_num_t1","Time 1 Trial Group Code","haven_labelled","Survey Administration","Identifiers",45,"ok","high",TRUE,1,"t1","T1","id_trial_group_num","id_trial_group_num",TRUE
"cap17","id_school_name_t2","Time 2 School","character","Survey Administration","Identifiers",46,"ok","high",TRUE,2,"t2","T2","id_school_name",NA,FALSE
"cap17","id_sch_cluster_t2","Time 2 School Code","haven_labelled","Survey Administration","Identifiers",47,"ok","high",TRUE,2,"t2","T2","id_sch_cluster","id_sch_cluster",TRUE
"cap17","id_special_code_t2","Time 2 Special Code","character","Survey Administration","Identifiers",48,"ok","high",TRUE,2,"t2","T2","id_special_code",NA,FALSE
"cap17","id_trial_group_t2","Time 2 Trial Group","haven_labelled","Survey Administration","Identifiers",49,"ok","high",TRUE,2,"t2","T2","id_trial_group","id_trial_group",TRUE
"cap17","id_trial_group_num_t2","Time 2 Trial Group Code","haven_labelled","Survey Administration","Identifiers",50,"ok","high",TRUE,2,"t2","T2","id_trial_group_num","id_trial_group_num",TRUE
"cap17","id_school_name_t3","Time 3 School","character","Survey Administration","Identifiers",51,"ok","high",TRUE,3,"t3","T3","id_school_name",NA,FALSE
"cap17","id_sch_cluster_t3","Time 3 School Code","haven_labelled","Survey Administration","Identifiers",52,"ok","high",TRUE,3,"t3","T3","id_sch_cluster","id_sch_cluster",TRUE
"cap17","id_special_code_t3","Time 3 Special Code","character","Survey Administration","Identifiers",53,"ok","high",TRUE,3,"t3","T3","id_special_code",NA,FALSE
"cap17","id_survey_t3","Time 3 Survey ID","numeric","Survey Administration","Identifiers",54,"ok","high",TRUE,3,"t3","T3","id_survey",NA,FALSE
"cap17","id_trial_group_t3","Time 3 Trial Group","haven_labelled","Survey Administration","Identifiers",55,"ok","high",TRUE,3,"t3","T3","id_trial_group","id_trial_group",TRUE
"cap17","id_school_name_t4","Time 4 School","character","Survey Administration","Identifiers",56,"ok","high",TRUE,4,"t4","T4","id_school_name",NA,FALSE
"cap17","id_sch_cluster_t4","Time 4 School Code","haven_labelled","Survey Administration","Identifiers",57,"ok","high",TRUE,4,"t4","T4","id_sch_cluster","id_sch_cluster",TRUE
"cap17","id_special_code_t4","Time 4 Special Code","character","Survey Administration","Identifiers",58,"ok","high",TRUE,4,"t4","T4","id_special_code",NA,FALSE
"cap17","id_trial_group_t4","Time 4 Trial Group","haven_labelled","Survey Administration","Identifiers",59,"ok","high",TRUE,4,"t4","T4","id_trial_group","id_trial_group",TRUE
"cap17","id_school_name_t5","Time 5 School","character","Survey Administration","Identifiers",60,"ok","high",TRUE,5,"t5","T5","id_school_name",NA,FALSE
"cap17","id_sch_cluster_t5","Time 5 School Code","haven_labelled","Survey Administration","Identifiers",61,"ok","high",TRUE,5,"t5","T5","id_sch_cluster","id_sch_cluster",TRUE
"cap17","id_trial_group_t5","Time 5 Trial Group","haven_labelled","Survey Administration","Identifiers",62,"ok","high",TRUE,5,"t5","T5","id_trial_group","id_trial_group",TRUE
"cap17","id_trial_group_t1","Trial Group","character","Survey Administration","Identifiers",63,"ok","high",TRUE,1,"t1","T1","id_trial_group",NA,FALSE
"h4l15","id_trial_group_t5","TrialGroupTitle","character","Survey Administration","Identifiers",64,"ok","high",TRUE,5,"t5","T5","id_trial_group",NA,FALSE
"h4l15","id_campaign_name_t5","CampaignName","character","Survey Administration","Timing and Metadata",65,"ok","high",TRUE,5,"t5","T5","id_campaign_name",NA,FALSE
"h4l15","id_date_completed_t5","DateCompleted","character","Survey Administration","Timing and Metadata",66,"ok","high",TRUE,5,"t5","T5","id_date_completed",NA,FALSE
"h4l15","id_date_started_t5","DateStarted","character","Survey Administration","Timing and Metadata",67,"ok","high",TRUE,5,"t5","T5","id_date_started",NA,FALSE
"h4l15","id_campaign_name_t1","T1 CampaignName","character","Survey Administration","Timing and Metadata",68,"ok","high",TRUE,1,"t1","T1","id_campaign_name",NA,FALSE
"h4l15","id_current_date_t1","T1 Current date of survey used for age","numeric","Survey Administration","Timing and Metadata",69,"ok","high",TRUE,1,"t1","T1","id_current_date",NA,FALSE
"h4l15","id_date_completed_sas_t1","T1 Date completed survey in SAS format","Date","Survey Administration","Timing and Metadata",70,"ok","high",TRUE,1,"t1","T1","id_date_completed_sas",NA,FALSE
"h4l15","id_date_started_sas_t1","T1 Date started survey in SAS format","Date","Survey Administration","Timing and Metadata",71,"ok","high",TRUE,1,"t1","T1","id_date_started_sas",NA,FALSE
"h4l15","id_date_completed_t1","T1 DateCompleted","character","Survey Administration","Timing and Metadata",72,"ok","high",TRUE,1,"t1","T1","id_date_completed",NA,FALSE
"h4l15","id_date_started_t1","T1 DateStarted","character","Survey Administration","Timing and Metadata",73,"ok","high",TRUE,1,"t1","T1","id_date_started",NA,FALSE
"h4l15","id_days_complete_t1","T1 Number of days between start and complete baseline","numeric","Survey Administration","Timing and Metadata",74,"ok","high",TRUE,1,"t1","T1","id_days_complete",NA,FALSE
"h4l15","id_days_complete_bin_t1","T1 Number of days between start and complete baseline categories","haven_labelled","Survey Administration","Timing and Metadata",75,"ok","high",TRUE,1,"t1","T1","id_days_complete_bin","id_days_complete_bin",TRUE
"h4l15","id_campaign_name_t2","T2 CampaignName","character","Survey Administration","Timing and Metadata",76,"ok","high",TRUE,2,"t2","T2","id_campaign_name",NA,FALSE
"h4l15","id_date_completed_sas_t2","T2 Date completed survey in SAS format","Date","Survey Administration","Timing and Metadata",77,"ok","high",TRUE,2,"t2","T2","id_date_completed_sas",NA,FALSE
"h4l15","id_date_started_sas_t2","T2 Date started survey in SAS format","Date","Survey Administration","Timing and Metadata",78,"ok","high",TRUE,2,"t2","T2","id_date_started_sas",NA,FALSE
"h4l15","id_date_completed_t2","T2 DateCompleted","character","Survey Administration","Timing and Metadata",79,"ok","high",TRUE,2,"t2","T2","id_date_completed",NA,FALSE
"h4l15","id_date_started_t2","T2 DateStarted","character","Survey Administration","Timing and Metadata",80,"ok","high",TRUE,2,"t2","T2","id_date_started",NA,FALSE
"h4l15","id_days_complete_t2","T2 Number of days between start and complete baseline","numeric","Survey Administration","Timing and Metadata",81,"ok","high",TRUE,2,"t2","T2","id_days_complete",NA,FALSE
"h4l15","id_campaign_name_t3","T3 CampaignName","character","Survey Administration","Timing and Metadata",82,"ok","high",TRUE,3,"t3","T3","id_campaign_name",NA,FALSE
"h4l15","id_date_completed_sas_t3","T3 Date completed survey in SAS format","Date","Survey Administration","Timing and Metadata",83,"ok","high",TRUE,3,"t3","T3","id_date_completed_sas",NA,FALSE
"h4l15","id_date_started_sas_t3","T3 Date started survey in SAS format","Date","Survey Administration","Timing and Metadata",84,"ok","high",TRUE,3,"t3","T3","id_date_started_sas",NA,FALSE
"h4l15","id_date_completed_t3","T3 DateCompleted","character","Survey Administration","Timing and Metadata",85,"ok","high",TRUE,3,"t3","T3","id_date_completed",NA,FALSE
"h4l15","id_date_started_t3","T3 DateStarted","character","Survey Administration","Timing and Metadata",86,"ok","high",TRUE,3,"t3","T3","id_date_started",NA,FALSE
"h4l15","id_days_complete_t3","T3 Number of days between start and complete baseline","numeric","Survey Administration","Timing and Metadata",87,"ok","high",TRUE,3,"t3","T3","id_days_complete",NA,FALSE
"h4l15","id_campaign_name_t4","T4 CampaignName","character","Survey Administration","Timing and Metadata",88,"ok","high",TRUE,4,"t4","T4","id_campaign_name",NA,FALSE
"h4l15","id_date_completed_sas_t4","T4 Date completed survey in SAS format","Date","Survey Administration","Timing and Metadata",89,"ok","high",TRUE,4,"t4","T4","id_date_completed_sas",NA,FALSE
"h4l15","id_date_started_sas_t4","T4 Date started survey in SAS format","Date","Survey Administration","Timing and Metadata",90,"ok","high",TRUE,4,"t4","T4","id_date_started_sas",NA,FALSE
"h4l15","id_date_completed_t4","T4 DateCompleted","character","Survey Administration","Timing and Metadata",91,"ok","high",TRUE,4,"t4","T4","id_date_completed",NA,FALSE
"h4l15","id_date_started_t4","T4 DateStarted","character","Survey Administration","Timing and Metadata",92,"ok","high",TRUE,4,"t4","T4","id_date_started",NA,FALSE
"h4l15","id_days_complete_t4","T4 Number of days between start and complete baseline","numeric","Survey Administration","Timing and Metadata",93,"ok","high",TRUE,4,"t4","T4","id_days_complete",NA,FALSE
"h4l15","id_date_completed_sas_t5","T5 Date completed survey in SAS format","Date","Survey Administration","Timing and Metadata",94,"ok","high",TRUE,5,"t5","T5","id_date_completed_sas",NA,FALSE
"h4l15","id_date_started_sas_t5","T5 Date started survey in SAS format","Date","Survey Administration","Timing and Metadata",95,"ok","high",TRUE,5,"t5","T5","id_date_started_sas",NA,FALSE
"h4l15","id_days_complete_t5","T5 Number of days between start and complete baseline","numeric","Survey Administration","Timing and Metadata",96,"ok","high",TRUE,5,"t5","T5","id_days_complete",NA,FALSE
"cap17","id_campain_name_t1","Time 1 - Campaign ID","numeric","Survey Administration","Timing and Metadata",97,"ok","high",TRUE,1,"t1","T1","id_campain_name",NA,FALSE
"cap17","id_date_completed_t1","Time 1 - Date completed","Date","Survey Administration","Timing and Metadata",98,"ok","high",TRUE,1,"t1","T1","id_date_completed",NA,FALSE
"cap17","id_date_started_t1","Time 1 - Date started","Date","Survey Administration","Timing and Metadata",99,"ok","high",TRUE,1,"t1","T1","id_date_started",NA,FALSE
"cap17","id_survey_instance_t1","Time 1 - Survey instance","numeric","Survey Administration","Timing and Metadata",100,"ok","high",TRUE,1,"t1","T1","id_survey_instance",NA,FALSE
"cap17","id_date_completed_t2","Time 2 Date completed","Date","Survey Administration","Timing and Metadata",101,"ok","high",TRUE,2,"t2","T2","id_date_completed",NA,FALSE
"cap17","id_date_started_t2","Time 2 Date started","Date","Survey Administration","Timing and Metadata",102,"ok","high",TRUE,2,"t2","T2","id_date_started",NA,FALSE
"cap17","id_surv_format_t2","Time 2 Survey Format","haven_labelled","Survey Administration","Timing and Metadata",103,"ok","high",TRUE,2,"t2","T2","id_surv_format","id_surv_format",TRUE
"cap17","id_survey_instance_t2","Time 2 Survey instance","numeric","Survey Administration","Timing and Metadata",104,"ok","high",TRUE,2,"t2","T2","id_survey_instance",NA,FALSE
"cap17","id_campain_name_t3","Time 3 Campaign ID","numeric","Survey Administration","Timing and Metadata",105,"ok","high",TRUE,3,"t3","T3","id_campain_name",NA,FALSE
"cap17","id_date_completed_t3","Time 3 Date completed","character","Survey Administration","Timing and Metadata",106,"ok","high",TRUE,3,"t3","T3","id_date_completed",NA,FALSE
"cap17","id_date_started_t3","Time 3 Date started","character","Survey Administration","Timing and Metadata",107,"ok","high",TRUE,3,"t3","T3","id_date_started",NA,FALSE
"cap17","id_survey_instance_t3","Time 3 Survey instance","numeric","Survey Administration","Timing and Metadata",108,"ok","high",TRUE,3,"t3","T3","id_survey_instance",NA,FALSE
"cap17","id_date_completed_t4","Time 4 Date completed","Date","Survey Administration","Timing and Metadata",109,"ok","high",TRUE,4,"t4","T4","id_date_completed",NA,FALSE
"cap17","id_date_started_t4","Time 4 Date started","Date","Survey Administration","Timing and Metadata",110,"ok","high",TRUE,4,"t4","T4","id_date_started",NA,FALSE
"cap17","id_date_completed_t5","Time 5 Date completed","Date","Survey Administration","Timing and Metadata",111,"ok","high",TRUE,5,"t5","T5","id_date_completed",NA,FALSE
"cap17","id_date_started_t5","Time 5 Date started","Date","Survey Administration","Timing and Metadata",112,"ok","high",TRUE,5,"t5","T5","id_date_started",NA,FALSE
"cap17","id_campain_name_t7","Time 7 Survey ID on CAP website","numeric","Survey Administration","Timing and Metadata",113,"ok","high",TRUE,7,"t7","T7","id_campain_name",NA,FALSE
"h4l15","sx_sdq_16_t5","I am nervous in new situations. I easily lose confidence","haven_labelled","Symptom Scale","Anxiety",1,"ok","high",TRUE,5,"t5","T5","sx_sdq_16","sx_sdq_16",TRUE
"h4l15","sx_promisa_01_t5","I felt like something awful might happen","haven_labelled","Symptom Scale","Anxiety",2,"ok","high",TRUE,5,"t5","T5","sx_promisa_01","sx_promisa_01",TRUE
"h4l15","sx_promisa_02_t5","I felt nervous","haven_labelled","Symptom Scale","Anxiety",3,"ok","high",TRUE,5,"t5","T5","sx_promisa_02","sx_promisa_02",TRUE
"h4l15","sx_promisa_03_t5","I felt scared","haven_labelled","Symptom Scale","Anxiety",4,"ok","high",TRUE,5,"t5","T5","sx_promisa_03","sx_promisa_03",TRUE
"h4l15","sx_promisa_04_t5","I felt worried","haven_labelled","Symptom Scale","Anxiety",5,"ok","high",TRUE,5,"t5","T5","sx_promisa_04","sx_promisa_04",TRUE
"h4l15","sx_promisa_07_t5","I got scared really easy","haven_labelled","Symptom Scale","Anxiety",6,"ok","high",TRUE,5,"t5","T5","sx_promisa_07","sx_promisa_07",TRUE
"h4l15","sx_sdq_24_t5","I have many fears, I am easily scared","haven_labelled","Symptom Scale","Anxiety",7,"ok","high",TRUE,5,"t5","T5","sx_sdq_24","sx_sdq_24",TRUE
"h4l15","sx_promisa_08_t5","I was afraid of going to school","haven_labelled","Symptom Scale","Anxiety",8,"ok","high",TRUE,5,"t5","T5","sx_promisa_08","sx_promisa_08",TRUE
"h4l15","sx_promisa_09_t5","I was worried I might die","haven_labelled","Symptom Scale","Anxiety",9,"ok","high",TRUE,5,"t5","T5","sx_promisa_09","sx_promisa_09",TRUE
"h4l15","sx_promisa_10_t5","I woke up at night scared","haven_labelled","Symptom Scale","Anxiety",10,"ok","high",TRUE,5,"t5","T5","sx_promisa_10","sx_promisa_10",TRUE
"h4l15","sx_promisa_05_t5","I worried about what could happen to me","haven_labelled","Symptom Scale","Anxiety",11,"ok","high",TRUE,5,"t5","T5","sx_promisa_05","sx_promisa_05",TRUE
"h4l15","sx_promisa_11_t5","I worried when I was at home","haven_labelled","Symptom Scale","Anxiety",12,"ok","high",TRUE,5,"t5","T5","sx_promisa_11","sx_promisa_11",TRUE
"h4l15","sx_promisa_12_t5","I worried when I was away from home","haven_labelled","Symptom Scale","Anxiety",13,"ok","high",TRUE,5,"t5","T5","sx_promisa_12","sx_promisa_12",TRUE
"h4l15","sx_promisa_06_t5","I worried when I went to bed at night","haven_labelled","Symptom Scale","Anxiety",14,"ok","high",TRUE,5,"t5","T5","sx_promisa_06","sx_promisa_06",TRUE
"h4l15","sx_sdq_08_t5","I worry a lot","haven_labelled","Symptom Scale","Anxiety",15,"ok","high",TRUE,5,"t5","T5","sx_sdq_08","sx_sdq_08",TRUE
"h4l15","sx_sdq_06_t5","I would rather be alone than with other people of my age","haven_labelled","Symptom Scale","Anxiety",16,"ok","high",TRUE,5,"t5","T5","sx_sdq_06","sx_sdq_06",TRUE
"h4l15","sx_promisa_13_t5","It was hard for me to relax","haven_labelled","Symptom Scale","Anxiety",17,"ok","high",TRUE,5,"t5","T5","sx_promisa_13","sx_promisa_13",TRUE
"cap17","sx_sdq_emo_band_t1","T1 Emotional symptoms Band","haven_labelled","Symptom Scale","Anxiety",18,"ok","high",TRUE,1,"t1","T1","sx_sdq_emo_band","sx_sdq_emo_band",TRUE
"cap17","sx_sdq_emo_t1","T1 Emotional symptoms subscale score","numeric","Symptom Scale","Anxiety",19,"ok","high",TRUE,1,"t1","T1","sx_sdq_emo",NA,FALSE
"h4l15","sx_sdq_16_t1","T1 I am nervous in new situations. I easily lose confidence","haven_labelled","Symptom Scale","Anxiety",20,"ok","high",TRUE,1,"t1","T1","sx_sdq_16","sx_sdq_16",TRUE
"h4l15","sx_promisa_01_t1","T1 I felt like something awful might happen","haven_labelled","Symptom Scale","Anxiety",21,"ok","high",TRUE,1,"t1","T1","sx_promisa_01","sx_promisa_01",TRUE
"h4l15","sx_promisa_02_t1","T1 I felt nervous","haven_labelled","Symptom Scale","Anxiety",22,"ok","high",TRUE,1,"t1","T1","sx_promisa_02","sx_promisa_02",TRUE
"h4l15","sx_promisa_03_t1","T1 I felt scared","haven_labelled","Symptom Scale","Anxiety",23,"ok","high",TRUE,1,"t1","T1","sx_promisa_03","sx_promisa_03",TRUE
"h4l15","sx_promisa_04_t1","T1 I felt worried","haven_labelled","Symptom Scale","Anxiety",24,"ok","high",TRUE,1,"t1","T1","sx_promisa_04","sx_promisa_04",TRUE
"h4l15","sx_promisa_07_t1","T1 I got scared really easy","haven_labelled","Symptom Scale","Anxiety",25,"ok","high",TRUE,1,"t1","T1","sx_promisa_07","sx_promisa_07",TRUE
"h4l15","sx_sdq_24_t1","T1 I have many fears, I am easily scared","haven_labelled","Symptom Scale","Anxiety",26,"ok","high",TRUE,1,"t1","T1","sx_sdq_24","sx_sdq_24",TRUE
"h4l15","sx_promisa_08_t1","T1 I was afraid of going to school","haven_labelled","Symptom Scale","Anxiety",27,"ok","high",TRUE,1,"t1","T1","sx_promisa_08","sx_promisa_08",TRUE
"h4l15","sx_promisa_09_t1","T1 I was worried I might die","haven_labelled","Symptom Scale","Anxiety",28,"ok","high",TRUE,1,"t1","T1","sx_promisa_09","sx_promisa_09",TRUE
"h4l15","sx_promisa_10_t1","T1 I woke up at night scared","haven_labelled","Symptom Scale","Anxiety",29,"ok","high",TRUE,1,"t1","T1","sx_promisa_10","sx_promisa_10",TRUE
"h4l15","sx_promisa_05_t1","T1 I worried about what could happen to me","haven_labelled","Symptom Scale","Anxiety",30,"ok","high",TRUE,1,"t1","T1","sx_promisa_05","sx_promisa_05",TRUE
"h4l15","sx_promisa_11_t1","T1 I worried when I was at home","haven_labelled","Symptom Scale","Anxiety",31,"ok","high",TRUE,1,"t1","T1","sx_promisa_11","sx_promisa_11",TRUE
"h4l15","sx_promisa_12_t1","T1 I worried when I was away from home","haven_labelled","Symptom Scale","Anxiety",32,"ok","high",TRUE,1,"t1","T1","sx_promisa_12","sx_promisa_12",TRUE
"h4l15","sx_promisa_06_t1","T1 I worried when I went to bed at night","haven_labelled","Symptom Scale","Anxiety",33,"ok","high",TRUE,1,"t1","T1","sx_promisa_06","sx_promisa_06",TRUE
"h4l15","sx_sdq_08_t1","T1 I worry a lot","haven_labelled","Symptom Scale","Anxiety",34,"ok","high",TRUE,1,"t1","T1","sx_sdq_08","sx_sdq_08",TRUE
"h4l15","sx_sdq_06_t1","T1 I would rather be alone than with other people of my age","haven_labelled","Symptom Scale","Anxiety",35,"ok","high",TRUE,1,"t1","T1","sx_sdq_06","sx_sdq_06",TRUE
"h4l15","sx_promisa_13_t1","T1 It was hard for me to relax","haven_labelled","Symptom Scale","Anxiety",36,"ok","high",TRUE,1,"t1","T1","sx_promisa_13","sx_promisa_13",TRUE
"h4l15","sx_promisa_sum_t1","T1 PROMIS Anxiety Pediatric scale total sum score","numeric","Symptom Scale","Anxiety",37,"ok","high",TRUE,1,"t1","T1","sx_promisa_sum",NA,FALSE
"h4l15","sx_promisa_sum_pror_t1","T1 PROMIS Anxiety Pediatric scale total sum score prorated","numeric","Symptom Scale","Anxiety",38,"ok","high",TRUE,1,"t1","T1","sx_promisa_sum_pror",NA,FALSE
"h4l15","sx_promisa_cat_t1","T1 PROMISA severity categories","haven_labelled","Symptom Scale","Anxiety",39,"ok","high",TRUE,1,"t1","T1","sx_promisa_cat","sx_promisa_cat",TRUE
"h4l15","sx_sdq_emo_t1","T1 SDQ emotional subscale","numeric","Symptom Scale","Anxiety",40,"ok","high",TRUE,1,"t1","T1","sx_sdq_emo",NA,FALSE
"h4l15","sx_sdq_emo_pror_t1","T1 SDQ emotional subscale prorated","numeric","Symptom Scale","Anxiety",41,"ok","high",TRUE,1,"t1","T1","sx_sdq_emo_pror",NA,FALSE
"cap17","sx_surps_14_t1","T1- I get scared when I'm too nervous","haven_labelled","Symptom Scale","Anxiety",42,"ok","high",TRUE,1,"t1","T1","sx_surps_14","sx_surps_14",TRUE
"cap17","sx_k6_01_t1","T1- Nervous?","haven_labelled","Symptom Scale","Anxiety",43,"ok","high",TRUE,1,"t1","T1","sx_k6_01","sx_k6_01",TRUE
"cap17","sx_bsi_08_t1","T1-Feeling tense","haven_labelled","Symptom Scale","Anxiety",44,"ok","high",TRUE,1,"t1","T1","sx_bsi_08","sx_bsi_08",TRUE
"cap17","sx_sdq_16_t1","T1-I am nervous in new situations. I easily lose confidence.","haven_labelled","Symptom Scale","Anxiety",45,"ok","high",TRUE,1,"t1","T1","sx_sdq_16","sx_sdq_16",TRUE
"cap17","sx_surps_18_t1","T1-I get scared when I experience unusual body sensations","haven_labelled","Symptom Scale","Anxiety",46,"ok","high",TRUE,1,"t1","T1","sx_surps_18","sx_surps_18",TRUE
"cap17","sx_sdq_24_t1","T1-I have many fears. I am easily scared.","haven_labelled","Symptom Scale","Anxiety",47,"ok","high",TRUE,1,"t1","T1","sx_sdq_24","sx_sdq_24",TRUE
"cap17","sx_sdq_08_t1","T1-I worry a lot.","haven_labelled","Symptom Scale","Anxiety",48,"ok","high",TRUE,1,"t1","T1","sx_sdq_08","sx_sdq_08",TRUE
"cap17","sx_sdq_27_t1","T1-I worry about how well I do at school work.","haven_labelled","Symptom Scale","Anxiety",49,"ok","high",TRUE,1,"t1","T1","sx_sdq_27","sx_sdq_27",TRUE
"cap17","sx_surps_10_t1","T1-It frightens me when I feel my heart beat change","haven_labelled","Symptom Scale","Anxiety",50,"ok","high",TRUE,1,"t1","T1","sx_surps_10","sx_surps_10",TRUE
"cap17","sx_surps_21_t1","T1-It scares me when I'm unable to focus on a task","haven_labelled","Symptom Scale","Anxiety",51,"ok","high",TRUE,1,"t1","T1","sx_surps_21","sx_surps_21",TRUE
"cap17","sx_surps_08_t1","T1-It's frightening to feel dizzy or faint","haven_labelled","Symptom Scale","Anxiety",52,"ok","high",TRUE,1,"t1","T1","sx_surps_08","sx_surps_08",TRUE
"cap17","sx_bsi_11_t1","T1-Nervous or shakiness inside","haven_labelled","Symptom Scale","Anxiety",53,"ok","high",TRUE,1,"t1","T1","sx_bsi_11","sx_bsi_11",TRUE
"cap17","sx_k6_03_t1","T1-Restless or fidgety?","haven_labelled","Symptom Scale","Anxiety",54,"ok","high",TRUE,1,"t1","T1","sx_k6_03","sx_k6_03",TRUE
"cap17","sx_bsi_12_t1","T1-Spells of terror or panic","haven_labelled","Symptom Scale","Anxiety",55,"ok","high",TRUE,1,"t1","T1","sx_bsi_12","sx_bsi_12",TRUE
"cap17","sx_bsi_09_t1","T1-Suddenly scared for no reason","haven_labelled","Symptom Scale","Anxiety",56,"ok","high",TRUE,1,"t1","T1","sx_bsi_09","sx_bsi_09",TRUE
"cap17","sx_bsi_07_t1","T1-Your feelings being easily hurt","haven_labelled","Symptom Scale","Anxiety",57,"ok","high",TRUE,1,"t1","T1","sx_bsi_07","sx_bsi_07",TRUE
"h4l15","sx_promisa_01_t2","T2 I felt like something awful might happen","haven_labelled","Symptom Scale","Anxiety",58,"ok","high",TRUE,2,"t2","T2","sx_promisa_01","sx_promisa_01",TRUE
"h4l15","sx_promisa_02_t2","T2 I felt nervous","haven_labelled","Symptom Scale","Anxiety",59,"ok","high",TRUE,2,"t2","T2","sx_promisa_02","sx_promisa_02",TRUE
"h4l15","sx_promisa_03_t2","T2 I felt scared","haven_labelled","Symptom Scale","Anxiety",60,"ok","high",TRUE,2,"t2","T2","sx_promisa_03","sx_promisa_03",TRUE
"h4l15","sx_promisa_04_t2","T2 I felt worried","haven_labelled","Symptom Scale","Anxiety",61,"ok","high",TRUE,2,"t2","T2","sx_promisa_04","sx_promisa_04",TRUE
"h4l15","sx_promisa_07_t2","T2 I got scared really easy","haven_labelled","Symptom Scale","Anxiety",62,"ok","high",TRUE,2,"t2","T2","sx_promisa_07","sx_promisa_07",TRUE
"h4l15","sx_promisa_08_t2","T2 I was afraid of going to school","haven_labelled","Symptom Scale","Anxiety",63,"ok","high",TRUE,2,"t2","T2","sx_promisa_08","sx_promisa_08",TRUE
"h4l15","sx_promisa_09_t2","T2 I was worried I might die","haven_labelled","Symptom Scale","Anxiety",64,"ok","high",TRUE,2,"t2","T2","sx_promisa_09","sx_promisa_09",TRUE
"h4l15","sx_promisa_10_t2","T2 I woke up at night scared","haven_labelled","Symptom Scale","Anxiety",65,"ok","high",TRUE,2,"t2","T2","sx_promisa_10","sx_promisa_10",TRUE
"h4l15","sx_promisa_05_t2","T2 I worried about what could happen to me","haven_labelled","Symptom Scale","Anxiety",66,"ok","high",TRUE,2,"t2","T2","sx_promisa_05","sx_promisa_05",TRUE
"h4l15","sx_promisa_11_t2","T2 I worried when I was at home","haven_labelled","Symptom Scale","Anxiety",67,"ok","high",TRUE,2,"t2","T2","sx_promisa_11","sx_promisa_11",TRUE
"h4l15","sx_promisa_12_t2","T2 I worried when I was away from home","haven_labelled","Symptom Scale","Anxiety",68,"ok","high",TRUE,2,"t2","T2","sx_promisa_12","sx_promisa_12",TRUE
"h4l15","sx_promisa_06_t2","T2 I worried when I went to bed at night","haven_labelled","Symptom Scale","Anxiety",69,"ok","high",TRUE,2,"t2","T2","sx_promisa_06","sx_promisa_06",TRUE
"h4l15","sx_promisa_13_t2","T2 It was hard for me to relax","haven_labelled","Symptom Scale","Anxiety",70,"ok","high",TRUE,2,"t2","T2","sx_promisa_13","sx_promisa_13",TRUE
"h4l15","sx_promisa_sum_t2","T2 PROMIS Anxiety Pediatric scale total sum score","numeric","Symptom Scale","Anxiety",71,"ok","high",TRUE,2,"t2","T2","sx_promisa_sum",NA,FALSE
"h4l15","sx_promisa_sum_pror_t2","T2 PROMIS Anxiety Pediatric scale total sum score prorated","numeric","Symptom Scale","Anxiety",72,"ok","high",TRUE,2,"t2","T2","sx_promisa_sum_pror",NA,FALSE
"h4l15","sx_promisa_cat_t2","T2 PROMISA severity categories","haven_labelled","Symptom Scale","Anxiety",73,"ok","high",TRUE,2,"t2","T2","sx_promisa_cat","sx_promisa_cat",TRUE
"cap17","sx_surps_14_t2","T2- I get scared when I'm too nervous","haven_labelled","Symptom Scale","Anxiety",74,"ok","high",TRUE,2,"t2","T2","sx_surps_14","sx_surps_14",TRUE
"cap17","sx_k6_01_t2","T2- Nervous?","haven_labelled","Symptom Scale","Anxiety",75,"ok","high",TRUE,2,"t2","T2","sx_k6_01","sx_k6_01",TRUE
"cap17","sx_bsi_08_t2","T2-Feeling tense","haven_labelled","Symptom Scale","Anxiety",76,"ok","high",TRUE,2,"t2","T2","sx_bsi_08","sx_bsi_08",TRUE
"cap17","sx_sdq_16_t2","T2-I am nervous in new situations. I easily lose confidence.","haven_labelled","Symptom Scale","Anxiety",77,"ok","high",TRUE,2,"t2","T2","sx_sdq_16","sx_sdq_16",TRUE
"cap17","sx_surps_18_t2","T2-I get scared when I experience unusual body sensations","haven_labelled","Symptom Scale","Anxiety",78,"ok","high",TRUE,2,"t2","T2","sx_surps_18","sx_surps_18",TRUE
"cap17","sx_sdq_24_t2","T2-I have many fears. I am easily scared.","haven_labelled","Symptom Scale","Anxiety",79,"ok","high",TRUE,2,"t2","T2","sx_sdq_24","sx_sdq_24",TRUE
"cap17","sx_sdq_08_t2","T2-I worry a lot.","haven_labelled","Symptom Scale","Anxiety",80,"ok","high",TRUE,2,"t2","T2","sx_sdq_08","sx_sdq_08",TRUE
"cap17","sx_sdq_27_t2","T2-I worry about how well I do at school work.","haven_labelled","Symptom Scale","Anxiety",81,"ok","high",TRUE,2,"t2","T2","sx_sdq_27","sx_sdq_27",TRUE
"cap17","sx_surps_10_t2","T2-It frightens me when I feel my heart beat change","haven_labelled","Symptom Scale","Anxiety",82,"ok","high",TRUE,2,"t2","T2","sx_surps_10","sx_surps_10",TRUE
"cap17","sx_surps_21_t2","T2-It scares me when I'm unable to focus on a task","haven_labelled","Symptom Scale","Anxiety",83,"ok","high",TRUE,2,"t2","T2","sx_surps_21","sx_surps_21",TRUE
"cap17","sx_surps_08_t2","T2-It's frightening to feel dizzy or faint","haven_labelled","Symptom Scale","Anxiety",84,"ok","high",TRUE,2,"t2","T2","sx_surps_08","sx_surps_08",TRUE
"cap17","sx_bsi_11_t2","T2-Nervous or shakiness inside","haven_labelled","Symptom Scale","Anxiety",85,"ok","high",TRUE,2,"t2","T2","sx_bsi_11","sx_bsi_11",TRUE
"cap17","sx_k6_03_t2","T2-Restless or fidgety?","haven_labelled","Symptom Scale","Anxiety",86,"ok","high",TRUE,2,"t2","T2","sx_k6_03","sx_k6_03",TRUE
"cap17","sx_bsi_12_t2","T2-Spells of terror or panic","haven_labelled","Symptom Scale","Anxiety",87,"ok","high",TRUE,2,"t2","T2","sx_bsi_12","sx_bsi_12",TRUE
"cap17","sx_bsi_09_t2","T2-Suddenly scared for no reason","haven_labelled","Symptom Scale","Anxiety",88,"ok","high",TRUE,2,"t2","T2","sx_bsi_09","sx_bsi_09",TRUE
"cap17","sx_bsi_07_t2","T2-Your feelings being easily hurt","haven_labelled","Symptom Scale","Anxiety",89,"ok","high",TRUE,2,"t2","T2","sx_bsi_07","sx_bsi_07",TRUE
"cap17","sx_sdq_emo_band_t3","T3 Emotional Symptoms Band","haven_labelled","Symptom Scale","Anxiety",90,"ok","high",TRUE,3,"t3","T3","sx_sdq_emo_band","sx_sdq_emo_band",TRUE
"cap17","sx_sdq_emo_t3","T3 Emotional Symptoms subscale score","numeric","Symptom Scale","Anxiety",91,"ok","high",TRUE,3,"t3","T3","sx_sdq_emo",NA,FALSE
"h4l15","sx_sdq_16_t3","T3 I am nervous in new situations. I easily lose confidence","haven_labelled","Symptom Scale","Anxiety",92,"ok","high",TRUE,3,"t3","T3","sx_sdq_16","sx_sdq_16",TRUE
"h4l15","sx_promisa_01_t3","T3 I felt like something awful might happen","haven_labelled","Symptom Scale","Anxiety",93,"ok","high",TRUE,3,"t3","T3","sx_promisa_01","sx_promisa_01",TRUE
"h4l15","sx_promisa_02_t3","T3 I felt nervous","haven_labelled","Symptom Scale","Anxiety",94,"ok","high",TRUE,3,"t3","T3","sx_promisa_02","sx_promisa_02",TRUE
"h4l15","sx_promisa_03_t3","T3 I felt scared","haven_labelled","Symptom Scale","Anxiety",95,"ok","high",TRUE,3,"t3","T3","sx_promisa_03","sx_promisa_03",TRUE
"h4l15","sx_promisa_04_t3","T3 I felt worried","haven_labelled","Symptom Scale","Anxiety",96,"ok","high",TRUE,3,"t3","T3","sx_promisa_04","sx_promisa_04",TRUE
"h4l15","sx_promisa_07_t3","T3 I got scared really easy","haven_labelled","Symptom Scale","Anxiety",97,"ok","high",TRUE,3,"t3","T3","sx_promisa_07","sx_promisa_07",TRUE
"h4l15","sx_sdq_24_t3","T3 I have many fears, I am easily scared","haven_labelled","Symptom Scale","Anxiety",98,"ok","high",TRUE,3,"t3","T3","sx_sdq_24","sx_sdq_24",TRUE
"h4l15","sx_promisa_08_t3","T3 I was afraid of going to school","haven_labelled","Symptom Scale","Anxiety",99,"ok","high",TRUE,3,"t3","T3","sx_promisa_08","sx_promisa_08",TRUE
"h4l15","sx_promisa_09_t3","T3 I was worried I might die","haven_labelled","Symptom Scale","Anxiety",100,"ok","high",TRUE,3,"t3","T3","sx_promisa_09","sx_promisa_09",TRUE
"h4l15","sx_promisa_10_t3","T3 I woke up at night scared","haven_labelled","Symptom Scale","Anxiety",101,"ok","high",TRUE,3,"t3","T3","sx_promisa_10","sx_promisa_10",TRUE
"h4l15","sx_promisa_05_t3","T3 I worried about what could happen to me","haven_labelled","Symptom Scale","Anxiety",102,"ok","high",TRUE,3,"t3","T3","sx_promisa_05","sx_promisa_05",TRUE
"h4l15","sx_promisa_11_t3","T3 I worried when I was at home","haven_labelled","Symptom Scale","Anxiety",103,"ok","high",TRUE,3,"t3","T3","sx_promisa_11","sx_promisa_11",TRUE
"h4l15","sx_promisa_12_t3","T3 I worried when I was away from home","haven_labelled","Symptom Scale","Anxiety",104,"ok","high",TRUE,3,"t3","T3","sx_promisa_12","sx_promisa_12",TRUE
"h4l15","sx_promisa_06_t3","T3 I worried when I went to bed at night","haven_labelled","Symptom Scale","Anxiety",105,"ok","high",TRUE,3,"t3","T3","sx_promisa_06","sx_promisa_06",TRUE
"h4l15","sx_sdq_08_t3","T3 I worry a lot","haven_labelled","Symptom Scale","Anxiety",106,"ok","high",TRUE,3,"t3","T3","sx_sdq_08","sx_sdq_08",TRUE
"h4l15","sx_sdq_06_t3","T3 I would rather be alone than with other people of my age","haven_labelled","Symptom Scale","Anxiety",107,"ok","high",TRUE,3,"t3","T3","sx_sdq_06","sx_sdq_06",TRUE
"h4l15","sx_promisa_13_t3","T3 It was hard for me to relax","haven_labelled","Symptom Scale","Anxiety",108,"ok","high",TRUE,3,"t3","T3","sx_promisa_13","sx_promisa_13",TRUE
"h4l15","sx_promisa_sum_t3","T3 PROMIS Anxiety Pediatric scale total sum score","numeric","Symptom Scale","Anxiety",109,"ok","high",TRUE,3,"t3","T3","sx_promisa_sum",NA,FALSE
"h4l15","sx_promisa_sum_pror_t3","T3 PROMIS Anxiety Pediatric scale total sum score prorated","numeric","Symptom Scale","Anxiety",110,"ok","high",TRUE,3,"t3","T3","sx_promisa_sum_pror",NA,FALSE
"h4l15","sx_promisa_cat_t3","T3 PROMISA severity categories","haven_labelled","Symptom Scale","Anxiety",111,"ok","high",TRUE,3,"t3","T3","sx_promisa_cat","sx_promisa_cat",TRUE
"h4l15","sx_sdq_emo_t3","T3 SDQ emotionality subscale","numeric","Symptom Scale","Anxiety",112,"ok","high",TRUE,3,"t3","T3","sx_sdq_emo",NA,FALSE
"h4l15","sx_sdq_emo_pror_t3","T3 SDQ emotionality subscale prorated","numeric","Symptom Scale","Anxiety",113,"ok","high",TRUE,3,"t3","T3","sx_sdq_emo_pror",NA,FALSE
"cap17","sx_surps_14_t3","T3- I get scared when I'm too nervous","haven_labelled","Symptom Scale","Anxiety",114,"ok","high",TRUE,3,"t3","T3","sx_surps_14","sx_surps_14",TRUE
"cap17","sx_k6_01_t3","T3- Nervous?","haven_labelled","Symptom Scale","Anxiety",115,"ok","high",TRUE,3,"t3","T3","sx_k6_01","sx_k6_01",TRUE
"cap17","sx_bsi_08_t3","T3-Feeling tense","haven_labelled","Symptom Scale","Anxiety",116,"ok","high",TRUE,3,"t3","T3","sx_bsi_08","sx_bsi_08",TRUE
"cap17","sx_sdq_16_t3","T3-I am nervous in new situations. I easily lose confidence.","haven_labelled","Symptom Scale","Anxiety",117,"ok","high",TRUE,3,"t3","T3","sx_sdq_16","sx_sdq_16",TRUE
"cap17","sx_surps_18_t3","T3-I get scared when I experience unusual body sensations","haven_labelled","Symptom Scale","Anxiety",118,"ok","high",TRUE,3,"t3","T3","sx_surps_18","sx_surps_18",TRUE
"cap17","sx_sdq_24_t3","T3-I have many fears. I am easily scared.","haven_labelled","Symptom Scale","Anxiety",119,"ok","high",TRUE,3,"t3","T3","sx_sdq_24","sx_sdq_24",TRUE
"cap17","sx_sdq_08_t3","T3-I worry a lot.","haven_labelled","Symptom Scale","Anxiety",120,"ok","high",TRUE,3,"t3","T3","sx_sdq_08","sx_sdq_08",TRUE
"cap17","sx_sdq_27_t3","T3-I worry about how well I do at school work.","haven_labelled","Symptom Scale","Anxiety",121,"ok","high",TRUE,3,"t3","T3","sx_sdq_27","sx_sdq_27",TRUE
"cap17","sx_surps_10_t3","T3-It frightens me when I feel my heart beat change","haven_labelled","Symptom Scale","Anxiety",122,"ok","high",TRUE,3,"t3","T3","sx_surps_10","sx_surps_10",TRUE
"cap17","sx_surps_21_t3","T3-It scares me when I'm unable to focus on a task","haven_labelled","Symptom Scale","Anxiety",123,"ok","high",TRUE,3,"t3","T3","sx_surps_21","sx_surps_21",TRUE
"cap17","sx_surps_08_t3","T3-It's frightening to feel dizzy or faint","haven_labelled","Symptom Scale","Anxiety",124,"ok","high",TRUE,3,"t3","T3","sx_surps_08","sx_surps_08",TRUE
"cap17","sx_bsi_11_t3","T3-Nervous or shakiness inside","haven_labelled","Symptom Scale","Anxiety",125,"ok","high",TRUE,3,"t3","T3","sx_bsi_11","sx_bsi_11",TRUE
"cap17","sx_k6_03_t3","T3-Restless or fidgety?","haven_labelled","Symptom Scale","Anxiety",126,"ok","high",TRUE,3,"t3","T3","sx_k6_03","sx_k6_03",TRUE
"cap17","sx_bsi_12_t3","T3-Spells of terror or panic","haven_labelled","Symptom Scale","Anxiety",127,"ok","high",TRUE,3,"t3","T3","sx_bsi_12","sx_bsi_12",TRUE
"cap17","sx_bsi_09_t3","T3-Suddenly scared for no reason","haven_labelled","Symptom Scale","Anxiety",128,"ok","high",TRUE,3,"t3","T3","sx_bsi_09","sx_bsi_09",TRUE
"cap17","sx_bsi_07_t3","T3-Your feelings being easily hurt","haven_labelled","Symptom Scale","Anxiety",129,"ok","high",TRUE,3,"t3","T3","sx_bsi_07","sx_bsi_07",TRUE
"cap17","sx_surps_as_sum_t3","T3_Total AS score","numeric","Symptom Scale","Anxiety",130,"ok","high",TRUE,3,"t3","T3","sx_surps_as_sum",NA,FALSE
"cap17","sx_sdq_emo_band_t4","T4 Emotional Symptoms Band","haven_labelled","Symptom Scale","Anxiety",131,"ok","high",TRUE,4,"t4","T4","sx_sdq_emo_band","sx_sdq_emo_band",TRUE
"cap17","sx_sdq_emo_t4","T4 Emotional Symptoms subscale score","numeric","Symptom Scale","Anxiety",132,"ok","high",TRUE,4,"t4","T4","sx_sdq_emo",NA,FALSE
"h4l15","sx_sdq_16_t4","T4 I am nervous in new situations. I easily lose confidence","haven_labelled","Symptom Scale","Anxiety",133,"ok","high",TRUE,4,"t4","T4","sx_sdq_16","sx_sdq_16",TRUE
"h4l15","sx_promisa_01_t4","T4 I felt like something awful might happen","haven_labelled","Symptom Scale","Anxiety",134,"ok","high",TRUE,4,"t4","T4","sx_promisa_01","sx_promisa_01",TRUE
"h4l15","sx_promisa_02_t4","T4 I felt nervous","haven_labelled","Symptom Scale","Anxiety",135,"ok","high",TRUE,4,"t4","T4","sx_promisa_02","sx_promisa_02",TRUE
"h4l15","sx_promisa_03_t4","T4 I felt scared","haven_labelled","Symptom Scale","Anxiety",136,"ok","high",TRUE,4,"t4","T4","sx_promisa_03","sx_promisa_03",TRUE
"h4l15","sx_promisa_04_t4","T4 I felt worried","haven_labelled","Symptom Scale","Anxiety",137,"ok","high",TRUE,4,"t4","T4","sx_promisa_04","sx_promisa_04",TRUE
"h4l15","sx_promisa_07_t4","T4 I got scared really easy","haven_labelled","Symptom Scale","Anxiety",138,"ok","high",TRUE,4,"t4","T4","sx_promisa_07","sx_promisa_07",TRUE
"h4l15","sx_sdq_24_t4","T4 I have many fears, I am easily scared","haven_labelled","Symptom Scale","Anxiety",139,"ok","high",TRUE,4,"t4","T4","sx_sdq_24","sx_sdq_24",TRUE
"h4l15","sx_promisa_08_t4","T4 I was afraid of going to school","haven_labelled","Symptom Scale","Anxiety",140,"ok","high",TRUE,4,"t4","T4","sx_promisa_08","sx_promisa_08",TRUE
"h4l15","sx_promisa_09_t4","T4 I was worried I might die","haven_labelled","Symptom Scale","Anxiety",141,"ok","high",TRUE,4,"t4","T4","sx_promisa_09","sx_promisa_09",TRUE
"h4l15","sx_promisa_10_t4","T4 I woke up at night scared","haven_labelled","Symptom Scale","Anxiety",142,"ok","high",TRUE,4,"t4","T4","sx_promisa_10","sx_promisa_10",TRUE
"h4l15","sx_promisa_05_t4","T4 I worried about what could happen to me","haven_labelled","Symptom Scale","Anxiety",143,"ok","high",TRUE,4,"t4","T4","sx_promisa_05","sx_promisa_05",TRUE
"h4l15","sx_promisa_11_t4","T4 I worried when I was at home","haven_labelled","Symptom Scale","Anxiety",144,"ok","high",TRUE,4,"t4","T4","sx_promisa_11","sx_promisa_11",TRUE
"h4l15","sx_promisa_12_t4","T4 I worried when I was away from home","haven_labelled","Symptom Scale","Anxiety",145,"ok","high",TRUE,4,"t4","T4","sx_promisa_12","sx_promisa_12",TRUE
"h4l15","sx_promisa_06_t4","T4 I worried when I went to bed at night","haven_labelled","Symptom Scale","Anxiety",146,"ok","high",TRUE,4,"t4","T4","sx_promisa_06","sx_promisa_06",TRUE
"h4l15","sx_sdq_08_t4","T4 I worry a lot","haven_labelled","Symptom Scale","Anxiety",147,"ok","high",TRUE,4,"t4","T4","sx_sdq_08","sx_sdq_08",TRUE
"h4l15","sx_sdq_06_t4","T4 I would rather be alone than with other people of my age","haven_labelled","Symptom Scale","Anxiety",148,"ok","high",TRUE,4,"t4","T4","sx_sdq_06","sx_sdq_06",TRUE
"h4l15","sx_promisa_13_t4","T4 It was hard for me to relax","haven_labelled","Symptom Scale","Anxiety",149,"ok","high",TRUE,4,"t4","T4","sx_promisa_13","sx_promisa_13",TRUE
"h4l15","sx_promisa_sum_t4","T4 PROMIS Anxiety Pediatric scale total sum score","numeric","Symptom Scale","Anxiety",150,"ok","high",TRUE,4,"t4","T4","sx_promisa_sum",NA,FALSE
"h4l15","sx_promisa_sum_pror_t4","T4 PROMIS Anxiety Pediatric scale total sum score prorated","numeric","Symptom Scale","Anxiety",151,"ok","high",TRUE,4,"t4","T4","sx_promisa_sum_pror",NA,FALSE
"h4l15","sx_promisa_cat_t4","T4 PROMISA severity categories","haven_labelled","Symptom Scale","Anxiety",152,"ok","high",TRUE,4,"t4","T4","sx_promisa_cat","sx_promisa_cat",TRUE
"h4l15","sx_sdq_emo_t4","T4 SDQ emotional subscale","numeric","Symptom Scale","Anxiety",153,"ok","high",TRUE,4,"t4","T4","sx_sdq_emo",NA,FALSE
"h4l15","sx_sdq_emo_pror_t4","T4 SDQ emotional subscale prorated","numeric","Symptom Scale","Anxiety",154,"ok","high",TRUE,4,"t4","T4","sx_sdq_emo_pror",NA,FALSE
"cap17","sx_surps_14_t4","T4- I get scared when I'm too nervous","haven_labelled","Symptom Scale","Anxiety",155,"ok","high",TRUE,4,"t4","T4","sx_surps_14","sx_surps_14",TRUE
"cap17","sx_k6_01_t4","T4- Nervous?","haven_labelled","Symptom Scale","Anxiety",156,"ok","high",TRUE,4,"t4","T4","sx_k6_01","sx_k6_01",TRUE
"cap17","sx_bsi_08_t4","T4-Feeling tense","haven_labelled","Symptom Scale","Anxiety",157,"ok","high",TRUE,4,"t4","T4","sx_bsi_08","sx_bsi_08",TRUE
"cap17","sx_sdq_16_t4","T4-I am nervous in new situations. I easily lose confidence.","haven_labelled","Symptom Scale","Anxiety",158,"ok","high",TRUE,4,"t4","T4","sx_sdq_16","sx_sdq_16",TRUE
"cap17","sx_surps_18_t4","T4-I get scared when I experience unusual body sensations","haven_labelled","Symptom Scale","Anxiety",159,"ok","high",TRUE,4,"t4","T4","sx_surps_18","sx_surps_18",TRUE
"cap17","sx_sdq_24_t4","T4-I have many fears. I am easily scared.","haven_labelled","Symptom Scale","Anxiety",160,"ok","high",TRUE,4,"t4","T4","sx_sdq_24","sx_sdq_24",TRUE
"cap17","sx_sdq_08_t4","T4-I worry a lot.","haven_labelled","Symptom Scale","Anxiety",161,"ok","high",TRUE,4,"t4","T4","sx_sdq_08","sx_sdq_08",TRUE
"cap17","sx_sdq_27_t4","T4-I worry about how well I do at school work.","haven_labelled","Symptom Scale","Anxiety",162,"ok","high",TRUE,4,"t4","T4","sx_sdq_27","sx_sdq_27",TRUE
"cap17","sx_surps_10_t4","T4-It frightens me when I feel my heart beat change","haven_labelled","Symptom Scale","Anxiety",163,"ok","high",TRUE,4,"t4","T4","sx_surps_10","sx_surps_10",TRUE
"cap17","sx_surps_21_t4","T4-It scares me when I'm unable to focus on a task","haven_labelled","Symptom Scale","Anxiety",164,"ok","high",TRUE,4,"t4","T4","sx_surps_21","sx_surps_21",TRUE
"cap17","sx_surps_08_t4","T4-It's frightening to feel dizzy or faint","haven_labelled","Symptom Scale","Anxiety",165,"ok","high",TRUE,4,"t4","T4","sx_surps_08","sx_surps_08",TRUE
"cap17","sx_bsi_11_t4","T4-Nervous or shakiness inside","haven_labelled","Symptom Scale","Anxiety",166,"ok","high",TRUE,4,"t4","T4","sx_bsi_11","sx_bsi_11",TRUE
"cap17","sx_k6_03_t4","T4-Restless or fidgety?","haven_labelled","Symptom Scale","Anxiety",167,"ok","high",TRUE,4,"t4","T4","sx_k6_03","sx_k6_03",TRUE
"cap17","sx_bsi_12_t4","T4-Spells of terror or panic","haven_labelled","Symptom Scale","Anxiety",168,"ok","high",TRUE,4,"t4","T4","sx_bsi_12","sx_bsi_12",TRUE
"cap17","sx_bsi_09_t4","T4-Suddenly scared for no reason","haven_labelled","Symptom Scale","Anxiety",169,"ok","high",TRUE,4,"t4","T4","sx_bsi_09","sx_bsi_09",TRUE
"cap17","sx_bsi_07_t4","T4-Your feelings being easily hurt","haven_labelled","Symptom Scale","Anxiety",170,"ok","high",TRUE,4,"t4","T4","sx_bsi_07","sx_bsi_07",TRUE
"cap17","sx_surps_as_sum_t4","T4_Total AS score","numeric","Symptom Scale","Anxiety",171,"ok","high",TRUE,4,"t4","T4","sx_surps_as_sum",NA,FALSE
"cap17","sx_sdq_emo_band_t5","T5 Emotional Symptoms Band","haven_labelled","Symptom Scale","Anxiety",172,"ok","high",TRUE,5,"t5","T5","sx_sdq_emo_band","sx_sdq_emo_band",TRUE
"cap17","sx_sdq_emo_t5","T5 Emotional Symptoms subscale score","numeric","Symptom Scale","Anxiety",173,"ok","high",TRUE,5,"t5","T5","sx_sdq_emo",NA,FALSE
"h4l15","sx_promisa_sum_t5","T5 PROMIS Anxiety Pediatric scale total sum score","numeric","Symptom Scale","Anxiety",174,"ok","high",TRUE,5,"t5","T5","sx_promisa_sum",NA,FALSE
"h4l15","sx_promisa_sum_pror_t5","T5 PROMIS Anxiety Pediatric scale total sum score prorated","numeric","Symptom Scale","Anxiety",175,"ok","high",TRUE,5,"t5","T5","sx_promisa_sum_pror",NA,FALSE
"h4l15","sx_promisa_cat_t5","T5 PROMISA severity categories","haven_labelled","Symptom Scale","Anxiety",176,"ok","high",TRUE,5,"t5","T5","sx_promisa_cat","sx_promisa_cat",TRUE
"h4l15","sx_sdq_emo_t5","T5 SDQ emotional subscale","numeric","Symptom Scale","Anxiety",177,"ok","high",TRUE,5,"t5","T5","sx_sdq_emo",NA,FALSE
"h4l15","sx_sdq_emo_pror_t5","T5 SDQ emotional subscale prorated","numeric","Symptom Scale","Anxiety",178,"ok","high",TRUE,5,"t5","T5","sx_sdq_emo_pror",NA,FALSE
"cap17","sx_surps_14_t5","T5- I get scared when I'm too nervous","haven_labelled","Symptom Scale","Anxiety",179,"ok","high",TRUE,5,"t5","T5","sx_surps_14","sx_surps_14",TRUE
"cap17","sx_k6_01_t5","T5- Nervous?","haven_labelled","Symptom Scale","Anxiety",180,"ok","high",TRUE,5,"t5","T5","sx_k6_01","sx_k6_01",TRUE
"cap17","sx_bsi_08_t5","T5-Feeling tense","haven_labelled","Symptom Scale","Anxiety",181,"ok","high",TRUE,5,"t5","T5","sx_bsi_08","sx_bsi_08",TRUE
"cap17","sx_sdq_16_t5","T5-I am nervous in new situations. I easily lose confidence.","haven_labelled","Symptom Scale","Anxiety",182,"ok","high",TRUE,5,"t5","T5","sx_sdq_16","sx_sdq_16",TRUE
"cap17","sx_surps_18_t5","T5-I get scared when I experience unusual body sensations","haven_labelled","Symptom Scale","Anxiety",183,"ok","high",TRUE,5,"t5","T5","sx_surps_18","sx_surps_18",TRUE
"cap17","sx_sdq_24_t5","T5-I have many fears. I am easily scared.","haven_labelled","Symptom Scale","Anxiety",184,"ok","high",TRUE,5,"t5","T5","sx_sdq_24","sx_sdq_24",TRUE
"cap17","sx_sdq_08_t5","T5-I worry a lot.","haven_labelled","Symptom Scale","Anxiety",185,"ok","high",TRUE,5,"t5","T5","sx_sdq_08","sx_sdq_08",TRUE
"cap17","sx_surps_10_t5","T5-It frightens me when I feel my heart beat change","haven_labelled","Symptom Scale","Anxiety",186,"ok","high",TRUE,5,"t5","T5","sx_surps_10","sx_surps_10",TRUE
"cap17","sx_surps_21_t5","T5-It scares me when I'm unable to focus on a task","haven_labelled","Symptom Scale","Anxiety",187,"ok","high",TRUE,5,"t5","T5","sx_surps_21","sx_surps_21",TRUE
"cap17","sx_surps_08_t5","T5-It's frightening to feel dizzy or faint","haven_labelled","Symptom Scale","Anxiety",188,"ok","high",TRUE,5,"t5","T5","sx_surps_08","sx_surps_08",TRUE
"cap17","sx_bsi_11_t5","T5-Nervous or shakiness inside","haven_labelled","Symptom Scale","Anxiety",189,"ok","high",TRUE,5,"t5","T5","sx_bsi_11","sx_bsi_11",TRUE
"cap17","sx_k6_03_t5","T5-Restless or fidgety?","haven_labelled","Symptom Scale","Anxiety",190,"ok","high",TRUE,5,"t5","T5","sx_k6_03","sx_k6_03",TRUE
"cap17","sx_bsi_12_t5","T5-Spells of terror or panic","haven_labelled","Symptom Scale","Anxiety",191,"ok","high",TRUE,5,"t5","T5","sx_bsi_12","sx_bsi_12",TRUE
"cap17","sx_bsi_09_t5","T5-Suddenly scared for no reason","haven_labelled","Symptom Scale","Anxiety",192,"ok","high",TRUE,5,"t5","T5","sx_bsi_09","sx_bsi_09",TRUE
"cap17","sx_bsi_07_t5","T5-Your feelings being easily hurt","haven_labelled","Symptom Scale","Anxiety",193,"ok","high",TRUE,5,"t5","T5","sx_bsi_07","sx_bsi_07",TRUE
"cap17","sx_surps_as_sum_t5","T5_Total AS score","numeric","Symptom Scale","Anxiety",194,"ok","high",TRUE,5,"t5","T5","sx_surps_as_sum",NA,FALSE
"cap17","sx_surps_as_sum_t1","Time 1 Total AS score","numeric","Symptom Scale","Anxiety",195,"ok","high",TRUE,1,"t1","T1","sx_surps_as_sum",NA,FALSE
"cap17","sx_sdq_emo_band_t2","Time 2 Emotional Symptoms Band","haven_labelled","Symptom Scale","Anxiety",196,"ok","high",TRUE,2,"t2","T2","sx_sdq_emo_band","sx_sdq_emo_band",TRUE
"cap17","sx_sdq_emo_t2","Time 2 Emotional Symptoms subscale score","numeric","Symptom Scale","Anxiety",197,"ok","high",TRUE,2,"t2","T2","sx_sdq_emo",NA,FALSE
"cap17","sx_surps_as_sum_t2","Time 2 Total AS score","numeric","Symptom Scale","Anxiety",198,"ok","high",TRUE,2,"t2","T2","sx_surps_as_sum",NA,FALSE
"cap17","sx_sdq_emo_band_t6","Time 6 Emotional Symptoms Band","haven_labelled","Symptom Scale","Anxiety",199,"ok","high",TRUE,6,"t6","T6","sx_sdq_emo_band","sx_sdq_emo_band",TRUE
"cap17","sx_sdq_emo_t6","Time 6 Emotional Symptoms subscale score","numeric","Symptom Scale","Anxiety",200,"ok","high",TRUE,6,"t6","T6","sx_sdq_emo",NA,FALSE
"cap17","sx_sdq_16_t6","Time 6 I am nervous in new situations. I easily lose confidence.","haven_labelled","Symptom Scale","Anxiety",201,"ok","high",TRUE,6,"t6","T6","sx_sdq_16","sx_sdq_16",TRUE
"cap17","sx_surps_18_t6","Time 6 I get scared when I experience unusual body sensations (feelings).","haven_labelled","Symptom Scale","Anxiety",202,"ok","high",TRUE,6,"t6","T6","sx_surps_18","sx_surps_18",TRUE
"cap17","sx_surps_14_t6","Time 6 I get scared when I'm too nervous.","haven_labelled","Symptom Scale","Anxiety",203,"ok","high",TRUE,6,"t6","T6","sx_surps_14","sx_surps_14",TRUE
"cap17","sx_sdq_24_t6","Time 6 I have many fears, I am easily scared.","haven_labelled","Symptom Scale","Anxiety",204,"ok","high",TRUE,6,"t6","T6","sx_sdq_24","sx_sdq_24",TRUE
"cap17","sx_sdq_08_t6","Time 6 I worry a lot.","haven_labelled","Symptom Scale","Anxiety",205,"ok","high",TRUE,6,"t6","T6","sx_sdq_08","sx_sdq_08",TRUE
"cap17","sx_surps_10_t6","Time 6 It frightens me when I feel my heart beat change.","haven_labelled","Symptom Scale","Anxiety",206,"ok","high",TRUE,6,"t6","T6","sx_surps_10","sx_surps_10",TRUE
"cap17","sx_surps_21_t6","Time 6 It scares me when I'm unable to focus on a task.","haven_labelled","Symptom Scale","Anxiety",207,"ok","high",TRUE,6,"t6","T6","sx_surps_21","sx_surps_21",TRUE
"cap17","sx_surps_08_t6","Time 6 It's frightening to feel dizzy or faint.","haven_labelled","Symptom Scale","Anxiety",208,"ok","high",TRUE,6,"t6","T6","sx_surps_08","sx_surps_08",TRUE
"cap17","sx_k6_01_t6","Time 6 Nervous?","haven_labelled","Symptom Scale","Anxiety",209,"ok","high",TRUE,6,"t6","T6","sx_k6_01","sx_k6_01",TRUE
"cap17","sx_k6_03_t6","Time 6 Restless or fidgety?","haven_labelled","Symptom Scale","Anxiety",210,"ok","high",TRUE,6,"t6","T6","sx_k6_03","sx_k6_03",TRUE
"cap17","sx_surps_as_sum_t6","Time 6 Total AS score","numeric","Symptom Scale","Anxiety",211,"ok","high",TRUE,6,"t6","T6","sx_surps_as_sum",NA,FALSE
"cap17","sx_sdq_emo_band_t7","Time 7 Emotional Symptoms Band","haven_labelled","Symptom Scale","Anxiety",212,"ok","high",TRUE,7,"t7","T7","sx_sdq_emo_band","sx_sdq_emo_band",TRUE
"cap17","sx_sdq_emo_t7","Time 7 Emotional Symptoms subscale score","numeric","Symptom Scale","Anxiety",213,"ok","high",TRUE,7,"t7","T7","sx_sdq_emo",NA,FALSE
"cap17","sx_sdq_16_t7","Time 7 I am nervous in new situations. I easily lose confidence.","haven_labelled","Symptom Scale","Anxiety",214,"ok","high",TRUE,7,"t7","T7","sx_sdq_16","sx_sdq_16",TRUE
"cap17","sx_surps_18_t7","Time 7 I get scared when I experience unusual body sensations (feelings).","haven_labelled","Symptom Scale","Anxiety",215,"ok","high",TRUE,7,"t7","T7","sx_surps_18","sx_surps_18",TRUE
"cap17","sx_surps_14_t7","Time 7 I get scared when I'm too nervous.","haven_labelled","Symptom Scale","Anxiety",216,"ok","high",TRUE,7,"t7","T7","sx_surps_14","sx_surps_14",TRUE
"cap17","sx_sdq_24_t7","Time 7 I have many fears, I am easily scared.","haven_labelled","Symptom Scale","Anxiety",217,"ok","high",TRUE,7,"t7","T7","sx_sdq_24","sx_sdq_24",TRUE
"cap17","sx_sdq_08_t7","Time 7 I worry a lot.","haven_labelled","Symptom Scale","Anxiety",218,"ok","high",TRUE,7,"t7","T7","sx_sdq_08","sx_sdq_08",TRUE
"cap17","sx_surps_10_t7","Time 7 It frightens me when I feel my heart beat change.","haven_labelled","Symptom Scale","Anxiety",219,"ok","high",TRUE,7,"t7","T7","sx_surps_10","sx_surps_10",TRUE
"cap17","sx_surps_21_t7","Time 7 It scares me when I'm unable to focus on a task.","haven_labelled","Symptom Scale","Anxiety",220,"ok","high",TRUE,7,"t7","T7","sx_surps_21","sx_surps_21",TRUE
"cap17","sx_surps_08_t7","Time 7 It's frightening to feel dizzy or faint.","haven_labelled","Symptom Scale","Anxiety",221,"ok","high",TRUE,7,"t7","T7","sx_surps_08","sx_surps_08",TRUE
"cap17","sx_k6_01_t7","Time 7 Nervous?","haven_labelled","Symptom Scale","Anxiety",222,"ok","high",TRUE,7,"t7","T7","sx_k6_01","sx_k6_01",TRUE
"cap17","sx_k6_03_t7","Time 7 Restless or fidgety?","haven_labelled","Symptom Scale","Anxiety",223,"ok","high",TRUE,7,"t7","T7","sx_k6_03","sx_k6_03",TRUE
"cap17","sx_surps_as_sum_t7","Time 7 Total AS score","numeric","Symptom Scale","Anxiety",224,"ok","high",TRUE,7,"t7","T7","sx_surps_as_sum",NA,FALSE
"cap17","sx_surps_as_z_t3","Zscore:  T3_Total AS score","numeric","Symptom Scale","Anxiety",225,"ok","high",TRUE,3,"t3","T3","sx_surps_as_z",NA,FALSE
"cap17","sx_surps_as_z_t4","Zscore:  T4_Total AS score","numeric","Symptom Scale","Anxiety",226,"ok","high",TRUE,4,"t4","T4","sx_surps_as_z",NA,FALSE
"cap17","sx_surps_as_z_t5","Zscore:  T5_Total AS score","numeric","Symptom Scale","Anxiety",227,"ok","high",TRUE,5,"t5","T5","sx_surps_as_z",NA,FALSE
"cap17","sx_surps_as_z_t1","Zscore:  Time 1 Total AS score","numeric","Symptom Scale","Anxiety",228,"ok","high",TRUE,1,"t1","T1","sx_surps_as_z",NA,FALSE
"cap17","sx_surps_as_z_t2","Zscore:  Time 2 Total AS score","numeric","Symptom Scale","Anxiety",229,"ok","high",TRUE,2,"t2","T2","sx_surps_as_z",NA,FALSE
"cap17","sx_surps_as_z_sch_t1","Zscore; Time 1 Total AS score, based on individual school mean and SD","numeric","Symptom Scale","Anxiety",230,"ok","high",TRUE,1,"t1","T1","sx_surps_as_z_sch",NA,FALSE
"cap17","sx_surps_as_z_sch_t2","Zscore; Time 2 Total AS score, based on individual school mean and SD","numeric","Symptom Scale","Anxiety",231,"ok","high",TRUE,2,"t2","T2","sx_surps_as_z_sch",NA,FALSE
"cap17","sx_surps_as_z_sch_t3","Zscore; Time 3 Total AS score, based on individual school mean and SD","numeric","Symptom Scale","Anxiety",232,"ok","high",TRUE,3,"t3","T3","sx_surps_as_z_sch",NA,FALSE
"cap17","sx_surps_as_z_sch_t4","Zscore; Time 4 Total AS score, based on individual school mean and SD","numeric","Symptom Scale","Anxiety",233,"ok","high",TRUE,4,"t4","T4","sx_surps_as_z_sch",NA,FALSE
"cap17","sx_surps_as_z_sch_t5","Zscore; Time 5 Total AS score, based on individual school mean and SD","numeric","Symptom Scale","Anxiety",234,"ok","high",TRUE,5,"t5","T5","sx_surps_as_z_sch",NA,FALSE
"h4l15","sx_phq9_06_t5","Feeling bad about yourself - or feeling that you are a failure, or that you have let yourself or your family down?","haven_labelled","Symptom Scale","Depression",235,"ok","high",TRUE,5,"t5","T5","sx_phq9_06","sx_phq9_06",TRUE
"h4l15","sx_phq9_01_t5","Feeling down, depressed, irritable, or hopeless?","haven_labelled","Symptom Scale","Depression",236,"ok","high",TRUE,5,"t5","T5","sx_phq9_01","sx_phq9_01",TRUE
"h4l15","sx_phq9_05_t5","Feeling tired, or having little energy?","haven_labelled","Symptom Scale","Depression",237,"ok","high",TRUE,5,"t5","T5","sx_phq9_05","sx_phq9_05",TRUE
"h4l15","sx_sdq_13_t5","I am often unhappy, depressed or tearful","haven_labelled","Symptom Scale","Depression",238,"ok","high",TRUE,5,"t5","T5","sx_sdq_13","sx_sdq_13",TRUE
"h4l15","sx_phq9_02_t5","Little interest or pleasure in doing things?","haven_labelled","Symptom Scale","Depression",239,"ok","high",TRUE,5,"t5","T5","sx_phq9_02","sx_phq9_02",TRUE
"h4l15","sx_phq9_08_t5","Moving or speaking so slowly that other people could have noticed? Or the opposite – being so fidgety or restless that you were moving around a lot more than usual?","haven_labelled","Symptom Scale","Depression",240,"ok","high",TRUE,5,"t5","T5","sx_phq9_08","sx_phq9_08",TRUE
"h4l15","sx_phq9_04_t5","Poor appetite, weight loss, or overeating?","haven_labelled","Symptom Scale","Depression",241,"ok","high",TRUE,5,"t5","T5","sx_phq9_04","sx_phq9_04",TRUE
"h4l15","sx_phq9_06_t1","T1 Feeling bad about yourself - or feeling that you are a failure, or that you have let yourself or your family down?","haven_labelled","Symptom Scale","Depression",242,"ok","high",TRUE,1,"t1","T1","sx_phq9_06","sx_phq9_06",TRUE
"h4l15","sx_phq9_01_t1","T1 Feeling down, depressed, irritable, or hopeless?","haven_labelled","Symptom Scale","Depression",243,"ok","high",TRUE,1,"t1","T1","sx_phq9_01","sx_phq9_01",TRUE
"h4l15","sx_phq9_05_t1","T1 Feeling tired, or having little energy?","haven_labelled","Symptom Scale","Depression",244,"ok","high",TRUE,1,"t1","T1","sx_phq9_05","sx_phq9_05",TRUE
"h4l15","sx_sdq_13_t1","T1 I am often unhappy, depressed or tearful","haven_labelled","Symptom Scale","Depression",245,"ok","high",TRUE,1,"t1","T1","sx_sdq_13","sx_sdq_13",TRUE
"h4l15","sx_phq9_02_t1","T1 Little interest or pleasure in doing things?","haven_labelled","Symptom Scale","Depression",246,"ok","high",TRUE,1,"t1","T1","sx_phq9_02","sx_phq9_02",TRUE
"h4l15","sx_phq9_08_t1","T1 Moving or speaking so slowly that other people could have noticed? Or the opposite – being so fidgety or restless that you were moving around a lot more than usual?","haven_labelled","Symptom Scale","Depression",247,"ok","high",TRUE,1,"t1","T1","sx_phq9_08","sx_phq9_08",TRUE
"h4l15","sx_phq8_bin_t1","T1 PHQ8 Proxy depression diagnosis","haven_labelled","Symptom Scale","Depression",248,"ok","high",TRUE,1,"t1","T1","sx_phq8_bin","sx_phq8_bin",TRUE
"h4l15","sx_phq8_cat_t1","T1 PHQ8 severity categories","haven_labelled","Symptom Scale","Depression",249,"ok","high",TRUE,1,"t1","T1","sx_phq8_cat","sx_phq8_cat",TRUE
"h4l15","sx_phq8_sum_t1","T1 PHQ8 total sum score","numeric","Symptom Scale","Depression",250,"ok","high",TRUE,1,"t1","T1","sx_phq8_sum",NA,FALSE
"h4l15","sx_phq8_sum_pror_t1","T1 PHQ8 total sum score prorated","numeric","Symptom Scale","Depression",251,"ok","high",TRUE,1,"t1","T1","sx_phq8_sum_pror",NA,FALSE
"h4l15","sx_phq9_04_t1","T1 Poor appetite, weight loss, or overeating?","haven_labelled","Symptom Scale","Depression",252,"ok","high",TRUE,1,"t1","T1","sx_phq9_04","sx_phq9_04",TRUE
"h4l15","sx_phq9_09_t1","T1 Thoughts that you would be better off dead, or of hurting yourself in some way?","haven_labelled","Symptom Scale","Depression",253,"ok","high",TRUE,1,"t1","T1","sx_phq9_09","sx_phq9_09",TRUE
"h4l15","sx_phq9_07_t1","T1 Trouble concentrating on things like school work, reading, watching TV?","haven_labelled","Symptom Scale","Depression",254,"ok","high",TRUE,1,"t1","T1","sx_phq9_07","sx_phq9_07",TRUE
"h4l15","sx_phq9_03_t1","T1 Trouble falling asleep, staying asleep, or sleeping too much?","haven_labelled","Symptom Scale","Depression",255,"ok","high",TRUE,1,"t1","T1","sx_phq9_03","sx_phq9_03",TRUE
"h4l15","sx_k6_04_t1","T1 …so depressed that nothing could cheer you up","haven_labelled","Symptom Scale","Depression",256,"ok","high",TRUE,1,"t1","T1","sx_k6_04","sx_k6_04",TRUE
"cap17","sx_bsi_05_t1","T1-Feeling hopeless about the future","haven_labelled","Symptom Scale","Depression",257,"ok","high",TRUE,1,"t1","T1","sx_bsi_05","sx_bsi_05",TRUE
"cap17","sx_bsi_02_t1","T1-Feeling lonely","haven_labelled","Symptom Scale","Depression",258,"ok","high",TRUE,1,"t1","T1","sx_bsi_02","sx_bsi_02",TRUE
"cap17","sx_bsi_04_t1","T1-Feeling no interest in things","haven_labelled","Symptom Scale","Depression",259,"ok","high",TRUE,1,"t1","T1","sx_bsi_04","sx_bsi_04",TRUE
"cap17","sx_bsi_03_t1","T1-Feeling sad","haven_labelled","Symptom Scale","Depression",260,"ok","high",TRUE,1,"t1","T1","sx_bsi_03","sx_bsi_03",TRUE
"cap17","sx_bsi_10_t1","T1-Feeling tearful","haven_labelled","Symptom Scale","Depression",261,"ok","high",TRUE,1,"t1","T1","sx_bsi_10","sx_bsi_10",TRUE
"cap17","sx_bsi_06_t1","T1-Feelings of worthlessness","haven_labelled","Symptom Scale","Depression",262,"ok","high",TRUE,1,"t1","T1","sx_bsi_06","sx_bsi_06",TRUE
"cap17","sx_k6_02_t1","T1-Hopeless?","haven_labelled","Symptom Scale","Depression",263,"ok","high",TRUE,1,"t1","T1","sx_k6_02","sx_k6_02",TRUE
"cap17","sx_sdq_13_t1","T1-I am often unhappy, down-hearted, or tearful.","haven_labelled","Symptom Scale","Depression",264,"ok","high",TRUE,1,"t1","T1","sx_sdq_13","sx_sdq_13",TRUE
"cap17","sx_surps_17_t1","T1-I feel that I'm a failure","haven_labelled","Symptom Scale","Depression",265,"ok","high",TRUE,1,"t1","T1","sx_surps_17","sx_surps_17",TRUE
"cap17","sx_k6_04_t1","T1-So depressed nothing could cheer you up?","haven_labelled","Symptom Scale","Depression",266,"ok","high",TRUE,1,"t1","T1","sx_k6_04","sx_k6_04",TRUE
"cap17","sx_k6_06_t1","T1-Worthless?","haven_labelled","Symptom Scale","Depression",267,"ok","high",TRUE,1,"t1","T1","sx_k6_06","sx_k6_06",TRUE
"h4l15","sx_phq9_06_t2","T2 Feeling bad about yourself - or feeling that you are a failure, or that you have let yourself or your family down?","haven_labelled","Symptom Scale","Depression",268,"ok","high",TRUE,2,"t2","T2","sx_phq9_06","sx_phq9_06",TRUE
"h4l15","sx_phq9_01_t2","T2 Feeling down, depressed, irritable, or hopeless?","haven_labelled","Symptom Scale","Depression",269,"ok","high",TRUE,2,"t2","T2","sx_phq9_01","sx_phq9_01",TRUE
"h4l15","sx_phq9_05_t2","T2 Feeling tired, or having little energy?","haven_labelled","Symptom Scale","Depression",270,"ok","high",TRUE,2,"t2","T2","sx_phq9_05","sx_phq9_05",TRUE
"h4l15","sx_phq9_02_t2","T2 Little interest or pleasure in doing things?","haven_labelled","Symptom Scale","Depression",271,"ok","high",TRUE,2,"t2","T2","sx_phq9_02","sx_phq9_02",TRUE
"h4l15","sx_phq9_08_t2","T2 Moving or speaking so slowly that other people could have noticed? Or the opposite – being so fidgety or restless that you were moving around a lot more than usual?","haven_labelled","Symptom Scale","Depression",272,"ok","high",TRUE,2,"t2","T2","sx_phq9_08","sx_phq9_08",TRUE
"h4l15","sx_phq8_bin_t2","T2 PHQ8 Proxy depression diagnosis","haven_labelled","Symptom Scale","Depression",273,"ok","high",TRUE,2,"t2","T2","sx_phq8_bin","sx_phq8_bin",TRUE
"h4l15","sx_phq8_cat_t2","T2 PHQ8 severity categories","haven_labelled","Symptom Scale","Depression",274,"ok","high",TRUE,2,"t2","T2","sx_phq8_cat","sx_phq8_cat",TRUE
"h4l15","sx_phq8_sum_t2","T2 PHQ8 total sum score","numeric","Symptom Scale","Depression",275,"ok","high",TRUE,2,"t2","T2","sx_phq8_sum",NA,FALSE
"h4l15","sx_phq8_sum_pror_t2","T2 PHQ8 total sum score prorated","numeric","Symptom Scale","Depression",276,"ok","high",TRUE,2,"t2","T2","sx_phq8_sum_pror",NA,FALSE
"h4l15","sx_phq9_04_t2","T2 Poor appetite, weight loss, or overeating?","haven_labelled","Symptom Scale","Depression",277,"ok","high",TRUE,2,"t2","T2","sx_phq9_04","sx_phq9_04",TRUE
"h4l15","sx_phq9_07_t2","T2 Trouble concentrating on things like school work, reading, watching TV?","haven_labelled","Symptom Scale","Depression",278,"ok","high",TRUE,2,"t2","T2","sx_phq9_07","sx_phq9_07",TRUE
"h4l15","sx_phq9_03_t2","T2 Trouble falling asleep, staying asleep, or sleeping too much?","haven_labelled","Symptom Scale","Depression",279,"ok","high",TRUE,2,"t2","T2","sx_phq9_03","sx_phq9_03",TRUE
"h4l15","sx_k6_04_t2","T2 …so depressed that nothing could cheer you up","haven_labelled","Symptom Scale","Depression",280,"ok","high",TRUE,2,"t2","T2","sx_k6_04","sx_k6_04",TRUE
"cap17","sx_bsi_05_t2","T2-Feeling hopeless about the future","haven_labelled","Symptom Scale","Depression",281,"ok","high",TRUE,2,"t2","T2","sx_bsi_05","sx_bsi_05",TRUE
"cap17","sx_bsi_02_t2","T2-Feeling lonely","haven_labelled","Symptom Scale","Depression",282,"ok","high",TRUE,2,"t2","T2","sx_bsi_02","sx_bsi_02",TRUE
"cap17","sx_bsi_04_t2","T2-Feeling no interest in things","haven_labelled","Symptom Scale","Depression",283,"ok","high",TRUE,2,"t2","T2","sx_bsi_04","sx_bsi_04",TRUE
"cap17","sx_bsi_03_t2","T2-Feeling sad","haven_labelled","Symptom Scale","Depression",284,"ok","high",TRUE,2,"t2","T2","sx_bsi_03","sx_bsi_03",TRUE
"cap17","sx_bsi_10_t2","T2-Feeling tearful","haven_labelled","Symptom Scale","Depression",285,"ok","high",TRUE,2,"t2","T2","sx_bsi_10","sx_bsi_10",TRUE
"cap17","sx_bsi_06_t2","T2-Feelings of worthlessness","haven_labelled","Symptom Scale","Depression",286,"ok","high",TRUE,2,"t2","T2","sx_bsi_06","sx_bsi_06",TRUE
"cap17","sx_k6_02_t2","T2-Hopeless?","haven_labelled","Symptom Scale","Depression",287,"ok","high",TRUE,2,"t2","T2","sx_k6_02","sx_k6_02",TRUE
"cap17","sx_sdq_13_t2","T2-I am often unhappy, down-hearted, or tearful.","haven_labelled","Symptom Scale","Depression",288,"ok","high",TRUE,2,"t2","T2","sx_sdq_13","sx_sdq_13",TRUE
"cap17","sx_surps_17_t2","T2-I feel that I'm a failure","haven_labelled","Symptom Scale","Depression",289,"ok","high",TRUE,2,"t2","T2","sx_surps_17","sx_surps_17",TRUE
"cap17","sx_k6_04_t2","T2-So depressed nothing could cheer you up?","haven_labelled","Symptom Scale","Depression",290,"ok","high",TRUE,2,"t2","T2","sx_k6_04","sx_k6_04",TRUE
"cap17","sx_k6_06_t2","T2-Worthless?","haven_labelled","Symptom Scale","Depression",291,"ok","high",TRUE,2,"t2","T2","sx_k6_06","sx_k6_06",TRUE
"h4l15","sx_phq9_06_t3","T3 Feeling bad about yourself - or feeling that you are a failure, or that you have let yourself or your family down?","haven_labelled","Symptom Scale","Depression",292,"ok","high",TRUE,3,"t3","T3","sx_phq9_06","sx_phq9_06",TRUE
"h4l15","sx_phq9_01_t3","T3 Feeling down, depressed, irritable, or hopeless?","haven_labelled","Symptom Scale","Depression",293,"ok","high",TRUE,3,"t3","T3","sx_phq9_01","sx_phq9_01",TRUE
"h4l15","sx_phq9_05_t3","T3 Feeling tired, or having little energy?","haven_labelled","Symptom Scale","Depression",294,"ok","high",TRUE,3,"t3","T3","sx_phq9_05","sx_phq9_05",TRUE
"h4l15","sx_sdq_13_t3","T3 I am often unhappy, depressed or tearful","haven_labelled","Symptom Scale","Depression",295,"ok","high",TRUE,3,"t3","T3","sx_sdq_13","sx_sdq_13",TRUE
"h4l15","sx_phq9_02_t3","T3 Little interest or pleasure in doing things?","haven_labelled","Symptom Scale","Depression",296,"ok","high",TRUE,3,"t3","T3","sx_phq9_02","sx_phq9_02",TRUE
"h4l15","sx_phq9_08_t3","T3 Moving or speaking so slowly that other people could have noticed? Or the opposite – being so fidgety or restless that you were moving around a lot more than usual?","haven_labelled","Symptom Scale","Depression",297,"ok","high",TRUE,3,"t3","T3","sx_phq9_08","sx_phq9_08",TRUE
"h4l15","sx_phq8_bin_t3","T3 PHQ8 Proxy depression diagnosis","haven_labelled","Symptom Scale","Depression",298,"ok","high",TRUE,3,"t3","T3","sx_phq8_bin","sx_phq8_bin",TRUE
"h4l15","sx_phq8_cat_t3","T3 PHQ8 severity categories","haven_labelled","Symptom Scale","Depression",299,"ok","high",TRUE,3,"t3","T3","sx_phq8_cat","sx_phq8_cat",TRUE
"h4l15","sx_phq8_sum_t3","T3 PHQ8 total sum score","numeric","Symptom Scale","Depression",300,"ok","high",TRUE,3,"t3","T3","sx_phq8_sum",NA,FALSE
"h4l15","sx_phq8_sum_pror_t3","T3 PHQ8 total sum score prorated","numeric","Symptom Scale","Depression",301,"ok","high",TRUE,3,"t3","T3","sx_phq8_sum_pror",NA,FALSE
"h4l15","sx_phq9_04_t3","T3 Poor appetite, weight loss, or overeating?","haven_labelled","Symptom Scale","Depression",302,"ok","high",TRUE,3,"t3","T3","sx_phq9_04","sx_phq9_04",TRUE
"h4l15","sx_phq9_07_t3","T3 Trouble concentrating on things like school work, reading, watching TV?","haven_labelled","Symptom Scale","Depression",303,"ok","high",TRUE,3,"t3","T3","sx_phq9_07","sx_phq9_07",TRUE
"h4l15","sx_phq9_03_t3","T3 Trouble falling asleep, staying asleep, or sleeping too much?","haven_labelled","Symptom Scale","Depression",304,"ok","high",TRUE,3,"t3","T3","sx_phq9_03","sx_phq9_03",TRUE
"h4l15","sx_k6_04_t3","T3 …so depressed that nothing could cheer you up","haven_labelled","Symptom Scale","Depression",305,"ok","high",TRUE,3,"t3","T3","sx_k6_04","sx_k6_04",TRUE
"cap17","sx_bsi_05_t3","T3-Feeling hopeless about the future","haven_labelled","Symptom Scale","Depression",306,"ok","high",TRUE,3,"t3","T3","sx_bsi_05","sx_bsi_05",TRUE
"cap17","sx_bsi_02_t3","T3-Feeling lonely","haven_labelled","Symptom Scale","Depression",307,"ok","high",TRUE,3,"t3","T3","sx_bsi_02","sx_bsi_02",TRUE
"cap17","sx_bsi_04_t3","T3-Feeling no interest in things","haven_labelled","Symptom Scale","Depression",308,"ok","high",TRUE,3,"t3","T3","sx_bsi_04","sx_bsi_04",TRUE
"cap17","sx_bsi_03_t3","T3-Feeling sad","haven_labelled","Symptom Scale","Depression",309,"ok","high",TRUE,3,"t3","T3","sx_bsi_03","sx_bsi_03",TRUE
"cap17","sx_bsi_10_t3","T3-Feeling tearful","haven_labelled","Symptom Scale","Depression",310,"ok","high",TRUE,3,"t3","T3","sx_bsi_10","sx_bsi_10",TRUE
"cap17","sx_bsi_06_t3","T3-Feelings of worthlessness","haven_labelled","Symptom Scale","Depression",311,"ok","high",TRUE,3,"t3","T3","sx_bsi_06","sx_bsi_06",TRUE
"cap17","sx_k6_02_t3","T3-Hopeless?","haven_labelled","Symptom Scale","Depression",312,"ok","high",TRUE,3,"t3","T3","sx_k6_02","sx_k6_02",TRUE
"cap17","sx_sdq_13_t3","T3-I am often unhappy, down-hearted, or tearful.","haven_labelled","Symptom Scale","Depression",313,"ok","high",TRUE,3,"t3","T3","sx_sdq_13","sx_sdq_13",TRUE
"cap17","sx_surps_17_t3","T3-I feel that I'm a failure","haven_labelled","Symptom Scale","Depression",314,"ok","high",TRUE,3,"t3","T3","sx_surps_17","sx_surps_17",TRUE
"cap17","sx_k6_04_t3","T3-So depressed nothing could cheer you up?","haven_labelled","Symptom Scale","Depression",315,"ok","high",TRUE,3,"t3","T3","sx_k6_04","sx_k6_04",TRUE
"cap17","sx_k6_06_t3","T3-Worthless?","haven_labelled","Symptom Scale","Depression",316,"ok","high",TRUE,3,"t3","T3","sx_k6_06","sx_k6_06",TRUE
"h4l15","sx_phq9_06_t4","T4 Feeling bad about yourself - or feeling that you are a failure, or that you have let yourself or your family down?","haven_labelled","Symptom Scale","Depression",317,"ok","high",TRUE,4,"t4","T4","sx_phq9_06","sx_phq9_06",TRUE
"h4l15","sx_phq9_01_t4","T4 Feeling down, depressed, irritable, or hopeless?","haven_labelled","Symptom Scale","Depression",318,"ok","high",TRUE,4,"t4","T4","sx_phq9_01","sx_phq9_01",TRUE
"h4l15","sx_phq9_05_t4","T4 Feeling tired, or having little energy?","haven_labelled","Symptom Scale","Depression",319,"ok","high",TRUE,4,"t4","T4","sx_phq9_05","sx_phq9_05",TRUE
"h4l15","sx_sdq_13_t4","T4 I am often unhappy, depressed or tearful","haven_labelled","Symptom Scale","Depression",320,"ok","high",TRUE,4,"t4","T4","sx_sdq_13","sx_sdq_13",TRUE
"h4l15","sx_phq9_02_t4","T4 Little interest or pleasure in doing things?","haven_labelled","Symptom Scale","Depression",321,"ok","high",TRUE,4,"t4","T4","sx_phq9_02","sx_phq9_02",TRUE
"h4l15","sx_phq9_08_t4","T4 Moving or speaking so slowly that other people could have noticed? Or the opposite – being so fidgety or restless that you were moving around a lot more than usual?","haven_labelled","Symptom Scale","Depression",322,"ok","high",TRUE,4,"t4","T4","sx_phq9_08","sx_phq9_08",TRUE
"h4l15","sx_phq8_bin_t4","T4 PHQ8 Proxy depression diagnosis","haven_labelled","Symptom Scale","Depression",323,"ok","high",TRUE,4,"t4","T4","sx_phq8_bin","sx_phq8_bin",TRUE
"h4l15","sx_phq8_cat_t4","T4 PHQ8 severity categories","haven_labelled","Symptom Scale","Depression",324,"ok","high",TRUE,4,"t4","T4","sx_phq8_cat","sx_phq8_cat",TRUE
"h4l15","sx_phq8_sum_t4","T4 PHQ8 total sum score","numeric","Symptom Scale","Depression",325,"ok","high",TRUE,4,"t4","T4","sx_phq8_sum",NA,FALSE
"h4l15","sx_phq8_sum_pror_t4","T4 PHQ8 total sum score prorated","numeric","Symptom Scale","Depression",326,"ok","high",TRUE,4,"t4","T4","sx_phq8_sum_pror",NA,FALSE
"h4l15","sx_phq9_04_t4","T4 Poor appetite, weight loss, or overeating?","haven_labelled","Symptom Scale","Depression",327,"ok","high",TRUE,4,"t4","T4","sx_phq9_04","sx_phq9_04",TRUE
"h4l15","sx_phq9_07_t4","T4 Trouble concentrating on things like school work, reading, watching TV?","haven_labelled","Symptom Scale","Depression",328,"ok","high",TRUE,4,"t4","T4","sx_phq9_07","sx_phq9_07",TRUE
"h4l15","sx_phq9_03_t4","T4 Trouble falling asleep, staying asleep, or sleeping too much?","haven_labelled","Symptom Scale","Depression",329,"ok","high",TRUE,4,"t4","T4","sx_phq9_03","sx_phq9_03",TRUE
"h4l15","sx_k6_04_t4","T4 …so depressed that nothing could cheer you up","haven_labelled","Symptom Scale","Depression",330,"ok","high",TRUE,4,"t4","T4","sx_k6_04","sx_k6_04",TRUE
"cap17","sx_bsi_05_t4","T4-Feeling hopeless about the future","haven_labelled","Symptom Scale","Depression",331,"ok","high",TRUE,4,"t4","T4","sx_bsi_05","sx_bsi_05",TRUE
"cap17","sx_bsi_02_t4","T4-Feeling lonely","haven_labelled","Symptom Scale","Depression",332,"ok","high",TRUE,4,"t4","T4","sx_bsi_02","sx_bsi_02",TRUE
"cap17","sx_bsi_04_t4","T4-Feeling no interest in things","haven_labelled","Symptom Scale","Depression",333,"ok","high",TRUE,4,"t4","T4","sx_bsi_04","sx_bsi_04",TRUE
"cap17","sx_bsi_03_t4","T4-Feeling sad","haven_labelled","Symptom Scale","Depression",334,"ok","high",TRUE,4,"t4","T4","sx_bsi_03","sx_bsi_03",TRUE
"cap17","sx_bsi_10_t4","T4-Feeling tearful","haven_labelled","Symptom Scale","Depression",335,"ok","high",TRUE,4,"t4","T4","sx_bsi_10","sx_bsi_10",TRUE
"cap17","sx_bsi_06_t4","T4-Feelings of worthlessness","haven_labelled","Symptom Scale","Depression",336,"ok","high",TRUE,4,"t4","T4","sx_bsi_06","sx_bsi_06",TRUE
"cap17","sx_k6_02_t4","T4-Hopeless?","haven_labelled","Symptom Scale","Depression",337,"ok","high",TRUE,4,"t4","T4","sx_k6_02","sx_k6_02",TRUE
"cap17","sx_sdq_13_t4","T4-I am often unhappy, down-hearted, or tearful.","haven_labelled","Symptom Scale","Depression",338,"ok","high",TRUE,4,"t4","T4","sx_sdq_13","sx_sdq_13",TRUE
"cap17","sx_surps_17_t4","T4-I feel that I'm a failure","haven_labelled","Symptom Scale","Depression",339,"ok","high",TRUE,4,"t4","T4","sx_surps_17","sx_surps_17",TRUE
"cap17","sx_k6_04_t4","T4-So depressed nothing could cheer you up?","haven_labelled","Symptom Scale","Depression",340,"ok","high",TRUE,4,"t4","T4","sx_k6_04","sx_k6_04",TRUE
"cap17","sx_k6_06_t4","T4-Worthless?","haven_labelled","Symptom Scale","Depression",341,"ok","high",TRUE,4,"t4","T4","sx_k6_06","sx_k6_06",TRUE
"h4l15","sx_phq8_bin_t5","T5 PHQ8 Proxy depression diagnosis","haven_labelled","Symptom Scale","Depression",342,"ok","high",TRUE,5,"t5","T5","sx_phq8_bin","sx_phq8_bin",TRUE
"h4l15","sx_phq8_cat_t5","T5 PHQ8 severity categories","haven_labelled","Symptom Scale","Depression",343,"ok","high",TRUE,5,"t5","T5","sx_phq8_cat","sx_phq8_cat",TRUE
"h4l15","sx_phq8_sum_t5","T5 PHQ8 total sum score","numeric","Symptom Scale","Depression",344,"ok","high",TRUE,5,"t5","T5","sx_phq8_sum",NA,FALSE
"h4l15","sx_phq8_sum_pror_t5","T5 PHQ8 total sum score prorated","numeric","Symptom Scale","Depression",345,"ok","high",TRUE,5,"t5","T5","sx_phq8_sum_pror",NA,FALSE
"cap17","sx_bsi_05_t5","T5-Feeling hopeless about the future","haven_labelled","Symptom Scale","Depression",346,"ok","high",TRUE,5,"t5","T5","sx_bsi_05","sx_bsi_05",TRUE
"cap17","sx_bsi_02_t5","T5-Feeling lonely","haven_labelled","Symptom Scale","Depression",347,"ok","high",TRUE,5,"t5","T5","sx_bsi_02","sx_bsi_02",TRUE
"cap17","sx_bsi_04_t5","T5-Feeling no interest in things","haven_labelled","Symptom Scale","Depression",348,"ok","high",TRUE,5,"t5","T5","sx_bsi_04","sx_bsi_04",TRUE
"cap17","sx_bsi_03_t5","T5-Feeling sad","haven_labelled","Symptom Scale","Depression",349,"ok","high",TRUE,5,"t5","T5","sx_bsi_03","sx_bsi_03",TRUE
"cap17","sx_bsi_10_t5","T5-Feeling tearful","haven_labelled","Symptom Scale","Depression",350,"ok","high",TRUE,5,"t5","T5","sx_bsi_10","sx_bsi_10",TRUE
"cap17","sx_bsi_06_t5","T5-Feelings of worthlessness","haven_labelled","Symptom Scale","Depression",351,"ok","high",TRUE,5,"t5","T5","sx_bsi_06","sx_bsi_06",TRUE
"cap17","sx_k6_02_t5","T5-Hopeless?","haven_labelled","Symptom Scale","Depression",352,"ok","high",TRUE,5,"t5","T5","sx_k6_02","sx_k6_02",TRUE
"cap17","sx_sdq_13_t5","T5-I am often unhappy, down-hearted, or tearful.","haven_labelled","Symptom Scale","Depression",353,"ok","high",TRUE,5,"t5","T5","sx_sdq_13","sx_sdq_13",TRUE
"cap17","sx_surps_17_t5","T5-I feel that I'm a failure","haven_labelled","Symptom Scale","Depression",354,"ok","high",TRUE,5,"t5","T5","sx_surps_17","sx_surps_17",TRUE
"cap17","sx_k6_04_t5","T5-So depressed nothing could cheer you up?","haven_labelled","Symptom Scale","Depression",355,"ok","high",TRUE,5,"t5","T5","sx_k6_04","sx_k6_04",TRUE
"cap17","sx_k6_06_t5","T5-Worthless?","haven_labelled","Symptom Scale","Depression",356,"ok","high",TRUE,5,"t5","T5","sx_k6_06","sx_k6_06",TRUE
"cap17","sx_k6_02_t6","Time 6 Hopeless?","haven_labelled","Symptom Scale","Depression",357,"ok","high",TRUE,6,"t6","T6","sx_k6_02","sx_k6_02",TRUE
"cap17","sx_sdq_13_t6","Time 6 I am often unhappy, depressed, or tearful.","haven_labelled","Symptom Scale","Depression",358,"ok","high",TRUE,6,"t6","T6","sx_sdq_13","sx_sdq_13",TRUE
"cap17","sx_surps_17_t6","Time 6 I feel that I'm a failure.","haven_labelled","Symptom Scale","Depression",359,"ok","high",TRUE,6,"t6","T6","sx_surps_17","sx_surps_17",TRUE
"cap17","sx_k6_04_t6","Time 6 So depressed that nothing could cheer you up?","haven_labelled","Symptom Scale","Depression",360,"ok","high",TRUE,6,"t6","T6","sx_k6_04","sx_k6_04",TRUE
"cap17","sx_k6_06_t6","Time 6 Worthless?","haven_labelled","Symptom Scale","Depression",361,"ok","high",TRUE,6,"t6","T6","sx_k6_06","sx_k6_06",TRUE
"cap17","sx_k6_02_t7","Time 7 Hopeless?","haven_labelled","Symptom Scale","Depression",362,"ok","high",TRUE,7,"t7","T7","sx_k6_02","sx_k6_02",TRUE
"cap17","sx_sdq_13_t7","Time 7 I am often unhappy, depressed, or tearful.","haven_labelled","Symptom Scale","Depression",363,"ok","high",TRUE,7,"t7","T7","sx_sdq_13","sx_sdq_13",TRUE
"cap17","sx_surps_17_t7","Time 7 I feel that I'm a failure.","haven_labelled","Symptom Scale","Depression",364,"ok","high",TRUE,7,"t7","T7","sx_surps_17","sx_surps_17",TRUE
"cap17","sx_k6_04_t7","Time 7 So depressed that nothing could cheer you up?","haven_labelled","Symptom Scale","Depression",365,"ok","high",TRUE,7,"t7","T7","sx_k6_04","sx_k6_04",TRUE
"cap17","sx_k6_06_t7","Time 7 Worthless?","haven_labelled","Symptom Scale","Depression",366,"ok","high",TRUE,7,"t7","T7","sx_k6_06","sx_k6_06",TRUE
"h4l15","sx_phq9_07_t5","Trouble concentrating on things like school work, reading, watching TV?","haven_labelled","Symptom Scale","Depression",367,"ok","high",TRUE,5,"t5","T5","sx_phq9_07","sx_phq9_07",TRUE
"h4l15","sx_phq9_03_t5","Trouble falling asleep, staying asleep, or sleeping too much?","haven_labelled","Symptom Scale","Depression",368,"ok","high",TRUE,5,"t5","T5","sx_phq9_03","sx_phq9_03",TRUE
"h4l15","sx_k6_04_t5","…so depressed that nothing could cheer you up","haven_labelled","Symptom Scale","Depression",369,"ok","high",TRUE,5,"t5","T5","sx_k6_04","sx_k6_04",TRUE
"h4l15","sx_sdq_10_t5","I am constantly fidgeting or squirming","haven_labelled","Symptom Scale","Other Scales",370,"ok","high",TRUE,5,"t5","T5","sx_sdq_10","sx_sdq_10",TRUE
"h4l15","sx_sdq_15_t5","I am easily distracted, I find it difficult to concentrate","haven_labelled","Symptom Scale","Other Scales",371,"ok","high",TRUE,5,"t5","T5","sx_sdq_15","sx_sdq_15",TRUE
"h4l15","sx_sdq_18_t5","I am often accused of lying or cheating","haven_labelled","Symptom Scale","Other Scales",372,"ok","high",TRUE,5,"t5","T5","sx_sdq_18","sx_sdq_18",TRUE
"h4l15","sx_sdq_02_t5","I am restless, I cannot stay still for long","haven_labelled","Symptom Scale","Other Scales",373,"ok","high",TRUE,5,"t5","T5","sx_sdq_02","sx_sdq_02",TRUE
"h4l15","sx_sdq_12_t5","I fight a lot. I can make other people do what I want","haven_labelled","Symptom Scale","Other Scales",374,"ok","high",TRUE,5,"t5","T5","sx_sdq_12","sx_sdq_12",TRUE
"h4l15","sx_sdq_25_t5","I finish the work I'm doing. My attention is good","haven_labelled","Symptom Scale","Other Scales",375,"ok","high",TRUE,5,"t5","T5","sx_sdq_25","sx_sdq_25",TRUE
"h4l15","sx_sdq_03_t5","I get a lot of headaches, stomach-aches or sickness","haven_labelled","Symptom Scale","Other Scales",376,"ok","high",TRUE,5,"t5","T5","sx_sdq_03","sx_sdq_03",TRUE
"h4l15","sx_sdq_23_t5","I get along better with adults than with people my own age","haven_labelled","Symptom Scale","Other Scales",377,"ok","high",TRUE,5,"t5","T5","sx_sdq_23","sx_sdq_23",TRUE
"h4l15","sx_sdq_05_t5","I get very angry and often lose my temper","haven_labelled","Symptom Scale","Other Scales",378,"ok","high",TRUE,5,"t5","T5","sx_sdq_05","sx_sdq_05",TRUE
"h4l15","sx_sdq_22_t5","I take things that are not mine from home, school or elsewhere","haven_labelled","Symptom Scale","Other Scales",379,"ok","high",TRUE,5,"t5","T5","sx_sdq_22","sx_sdq_22",TRUE
"h4l15","sx_sdq_21_t5","I think before I do things","haven_labelled","Symptom Scale","Other Scales",380,"ok","high",TRUE,5,"t5","T5","sx_sdq_21","sx_sdq_21",TRUE
"h4l15","sx_sdq_07_t5","I usually do as I am told","haven_labelled","Symptom Scale","Other Scales",381,"ok","high",TRUE,5,"t5","T5","sx_sdq_07","sx_sdq_07",TRUE
"h4l15","sx_sdq_19_t5","Other children or young people pick on me or bully me","haven_labelled","Symptom Scale","Other Scales",382,"ok","high",TRUE,5,"t5","T5","sx_sdq_19","sx_sdq_19",TRUE
"cap17","sx_sdq_con_band_t1","T1 Conduct Problems Band","haven_labelled","Symptom Scale","Other Scales",383,"ok","high",TRUE,1,"t1","T1","sx_sdq_con_band","sx_sdq_con_band",TRUE
"cap17","sx_sdq_con_t1","T1 Conduct Problems subscale score","numeric","Symptom Scale","Other Scales",384,"ok","high",TRUE,1,"t1","T1","sx_sdq_con",NA,FALSE
"cap17","sx_sdq_hyp_band_t1","T1 Hyperactivity Band","haven_labelled","Symptom Scale","Other Scales",385,"ok","high",TRUE,1,"t1","T1","sx_sdq_hyp_band","sx_sdq_hyp_band",TRUE
"cap17","sx_sdq_hyp_t1","T1 Hyperactivity subscale score","numeric","Symptom Scale","Other Scales",386,"ok","high",TRUE,1,"t1","T1","sx_sdq_hyp",NA,FALSE
"h4l15","sx_sdq_10_t1","T1 I am constantly fidgeting or squirming","haven_labelled","Symptom Scale","Other Scales",387,"ok","high",TRUE,1,"t1","T1","sx_sdq_10","sx_sdq_10",TRUE
"h4l15","sx_sdq_15_t1","T1 I am easily distracted, I find it difficult to concentrate","haven_labelled","Symptom Scale","Other Scales",388,"ok","high",TRUE,1,"t1","T1","sx_sdq_15","sx_sdq_15",TRUE
"h4l15","sx_sdq_18_t1","T1 I am often accused of lying or cheating","haven_labelled","Symptom Scale","Other Scales",389,"ok","high",TRUE,1,"t1","T1","sx_sdq_18","sx_sdq_18",TRUE
"h4l15","sx_sdq_02_t1","T1 I am restless, I cannot stay still for long","haven_labelled","Symptom Scale","Other Scales",390,"ok","high",TRUE,1,"t1","T1","sx_sdq_02","sx_sdq_02",TRUE
"h4l15","sx_sdq_12_t1","T1 I fight a lot. I can make other people do what I want","haven_labelled","Symptom Scale","Other Scales",391,"ok","high",TRUE,1,"t1","T1","sx_sdq_12","sx_sdq_12",TRUE
"h4l15","sx_sdq_25_t1","T1 I finish the work I'm doing. My attention is good","haven_labelled","Symptom Scale","Other Scales",392,"ok","high",TRUE,1,"t1","T1","sx_sdq_25","sx_sdq_25",TRUE
"h4l15","sx_sdq_03_t1","T1 I get a lot of headaches, stomach-aches or sickness","haven_labelled","Symptom Scale","Other Scales",393,"ok","high",TRUE,1,"t1","T1","sx_sdq_03","sx_sdq_03",TRUE
"h4l15","sx_sdq_23_t1","T1 I get along better with adults than with people my own age","haven_labelled","Symptom Scale","Other Scales",394,"ok","high",TRUE,1,"t1","T1","sx_sdq_23","sx_sdq_23",TRUE
"h4l15","sx_sdq_05_t1","T1 I get very angry and often lose my temper","haven_labelled","Symptom Scale","Other Scales",395,"ok","high",TRUE,1,"t1","T1","sx_sdq_05","sx_sdq_05",TRUE
"h4l15","sx_sdq_22_t1","T1 I take things that are not mine from home, school or elsewhere","haven_labelled","Symptom Scale","Other Scales",396,"ok","high",TRUE,1,"t1","T1","sx_sdq_22","sx_sdq_22",TRUE
"h4l15","sx_sdq_21_t1","T1 I think before I do things","haven_labelled","Symptom Scale","Other Scales",397,"ok","high",TRUE,1,"t1","T1","sx_sdq_21","sx_sdq_21",TRUE
"h4l15","sx_sdq_07_t1","T1 I usually do as I am told","haven_labelled","Symptom Scale","Other Scales",398,"ok","high",TRUE,1,"t1","T1","sx_sdq_07","sx_sdq_07",TRUE
"h4l15","sx_sdq_19_t1","T1 Other children or young people pick on me or bully me","haven_labelled","Symptom Scale","Other Scales",399,"ok","high",TRUE,1,"t1","T1","sx_sdq_19","sx_sdq_19",TRUE
"cap17","sx_sdq_peer_band_t1","T1 Peer Relationship Problems Band","haven_labelled","Symptom Scale","Other Scales",400,"ok","high",TRUE,1,"t1","T1","sx_sdq_peer_band","sx_sdq_peer_band",TRUE
"cap17","sx_sdq_peer_t1","T1 Peer Relationship Problems subscale score","numeric","Symptom Scale","Other Scales",401,"ok","high",TRUE,1,"t1","T1","sx_sdq_peer",NA,FALSE
"h4l15","sx_sdq_con_t1","T1 SDQ conduct problems subscale","numeric","Symptom Scale","Other Scales",402,"ok","high",TRUE,1,"t1","T1","sx_sdq_con",NA,FALSE
"h4l15","sx_sdq_con_pror_t1","T1 SDQ conduct problems subscale prorated","numeric","Symptom Scale","Other Scales",403,"ok","high",TRUE,1,"t1","T1","sx_sdq_con_pror",NA,FALSE
"h4l15","sx_sdq_hyp_t1","T1 SDQ hyperactivity subscale","numeric","Symptom Scale","Other Scales",404,"ok","high",TRUE,1,"t1","T1","sx_sdq_hyp",NA,FALSE
"h4l15","sx_sdq_hyp_pror_t1","T1 SDQ hyperactivity subscale prorated","numeric","Symptom Scale","Other Scales",405,"ok","high",TRUE,1,"t1","T1","sx_sdq_hyp_pror",NA,FALSE
"h4l15","sx_sdq_peer_t1","T1 SDQ peer subscale","numeric","Symptom Scale","Other Scales",406,"ok","high",TRUE,1,"t1","T1","sx_sdq_peer",NA,FALSE
"h4l15","sx_sdq_peer_pror_t1","T1 SDQ peer subscale prorated","numeric","Symptom Scale","Other Scales",407,"ok","high",TRUE,1,"t1","T1","sx_sdq_peer_pror",NA,FALSE
"h4l15","sx_sdq_tot_t1","T1 SDQ total score","numeric","Symptom Scale","Other Scales",408,"ok","high",TRUE,1,"t1","T1","sx_sdq_tot",NA,FALSE
"h4l15","sx_sdq_tot_pror_t1","T1 SDQ total score prorated","numeric","Symptom Scale","Other Scales",409,"ok","high",TRUE,1,"t1","T1","sx_sdq_tot_pror",NA,FALSE
"cap17","sx_sdq_30_t1","T1- I don’t often show my feelings or emotions.","haven_labelled","Symptom Scale","Other Scales",410,"ok","high",TRUE,1,"t1","T1","sx_sdq_30","sx_sdq_30",TRUE
"cap17","sx_sdq_23_t1","T1- I get on better with adults than with people my own age.","haven_labelled","Symptom Scale","Other Scales",411,"ok","high",TRUE,1,"t1","T1","sx_sdq_23","sx_sdq_23",TRUE
"cap17","sx_surps_09_t1","T1- I like doing this that frighten me a little","haven_labelled","Symptom Scale","Other Scales",412,"ok","high",TRUE,1,"t1","T1","sx_surps_09","sx_surps_09",TRUE
"cap17","sx_rpq_11_t1","T1-Become angry or mad when you don’t get your way","haven_labelled","Symptom Scale","Other Scales",413,"ok","high",TRUE,1,"t1","T1","sx_rpq_11","sx_rpq_11",TRUE
"cap17","sx_rpq_21_t1","T1-Carried a weapon to use in a fight","haven_labelled","Symptom Scale","Other Scales",414,"ok","high",TRUE,1,"t1","T1","sx_rpq_21","sx_rpq_21",TRUE
"cap17","sx_rpq_08_t1","T1-Damaged things because you felt mad","haven_labelled","Symptom Scale","Other Scales",415,"ok","high",TRUE,1,"t1","T1","sx_rpq_08","sx_rpq_08",TRUE
"cap17","sx_rpq_16_t1","T1-Felt better after hitting or yelling at someone","haven_labelled","Symptom Scale","Other Scales",416,"ok","high",TRUE,1,"t1","T1","sx_rpq_16","sx_rpq_16",TRUE
"cap17","sx_surps_15_t1","T1-Generally, I am an impulsive person","haven_labelled","Symptom Scale","Other Scales",417,"ok","high",TRUE,1,"t1","T1","sx_surps_15","sx_surps_15",TRUE
"cap17","sx_rpq_22_t1","T1-Gotten angry or mad or hit others when teased","haven_labelled","Symptom Scale","Other Scales",418,"ok","high",TRUE,1,"t1","T1","sx_rpq_22","sx_rpq_22",TRUE
"cap17","sx_rpq_13_t1","T1-Gotten angry or mad when you lost a game","haven_labelled","Symptom Scale","Other Scales",419,"ok","high",TRUE,1,"t1","T1","sx_rpq_13","sx_rpq_13",TRUE
"cap17","sx_rpq_05_t1","T1-Gotten angry when frustrated","haven_labelled","Symptom Scale","Other Scales",420,"ok","high",TRUE,1,"t1","T1","sx_rpq_05","sx_rpq_05",TRUE
"cap17","sx_rpq_14_t1","T1-Gotten angry when others threatened you","haven_labelled","Symptom Scale","Other Scales",421,"ok","high",TRUE,1,"t1","T1","sx_rpq_14","sx_rpq_14",TRUE
"cap17","sx_rpq_20_t1","T1-Gotten others to gang up on someone else","haven_labelled","Symptom Scale","Other Scales",422,"ok","high",TRUE,1,"t1","T1","sx_rpq_20","sx_rpq_20",TRUE
"cap17","sx_rpq_09_t1","T1-Had a gang fight to be cool","haven_labelled","Symptom Scale","Other Scales",423,"ok","high",TRUE,1,"t1","T1","sx_rpq_09","sx_rpq_09",TRUE
"cap17","sx_rpq_02_t1","T1-Had fights with others to show who was on top","haven_labelled","Symptom Scale","Other Scales",424,"ok","high",TRUE,1,"t1","T1","sx_rpq_02","sx_rpq_02",TRUE
"cap17","sx_rpq_07_t1","T1-Had temper tantrums","haven_labelled","Symptom Scale","Other Scales",425,"ok","high",TRUE,1,"t1","T1","sx_rpq_07","sx_rpq_07",TRUE
"cap17","sx_rpq_19_t1","T1-Hit others to defend yourself","haven_labelled","Symptom Scale","Other Scales",426,"ok","high",TRUE,1,"t1","T1","sx_rpq_19","sx_rpq_19",TRUE
"cap17","sx_rses_07_t1","T1-How well can you control your temper?","haven_labelled","Symptom Scale","Other Scales",427,"ok","high",TRUE,1,"t1","T1","sx_rses_07","sx_rses_07",TRUE
"cap17","sx_rses_01_t1","T1-How well can you resist peer pressure to do things that might get you in trouble?","haven_labelled","Symptom Scale","Other Scales",428,"ok","high",TRUE,1,"t1","T1","sx_rses_01","sx_rses_01",TRUE
"cap17","sx_rses_04_t1","T1-How well can you resist peer pressure to drink?","haven_labelled","Symptom Scale","Other Scales",429,"ok","high",TRUE,1,"t1","T1","sx_rses_04","sx_rses_04",TRUE
"cap17","sx_rses_03_t1","T1-How well can you resist peer pressure to smoke cigarettes?","haven_labelled","Symptom Scale","Other Scales",430,"ok","high",TRUE,1,"t1","T1","sx_rses_03","sx_rses_03",TRUE
"cap17","sx_rses_06_t1","T1-How well can you resist peer pressure to use pills?","haven_labelled","Symptom Scale","Other Scales",431,"ok","high",TRUE,1,"t1","T1","sx_rses_06","sx_rses_06",TRUE
"cap17","sx_rses_05_t1","T1-How well can you resist pressure to smoke cannabis?","haven_labelled","Symptom Scale","Other Scales",432,"ok","high",TRUE,1,"t1","T1","sx_rses_05","sx_rses_05",TRUE
"cap17","sx_rses_08_t1","T1-How well can you stand up to someone who is asking you to do soemthing unreasonable or inconvenient?","haven_labelled","Symptom Scale","Other Scales",433,"ok","high",TRUE,1,"t1","T1","sx_rses_08","sx_rses_08",TRUE
"cap17","sx_rses_02_t1","T1-How well can you stop yourself skipping school when you feel bored or upset?","haven_labelled","Symptom Scale","Other Scales",434,"ok","high",TRUE,1,"t1","T1","sx_rses_02","sx_rses_02",TRUE
"cap17","sx_rpq_10_t1","T1-Hurt others to win a game","haven_labelled","Symptom Scale","Other Scales",435,"ok","high",TRUE,1,"t1","T1","sx_rpq_10","sx_rpq_10",TRUE
"cap17","sx_sdq_10_t1","T1-I am constantly fidgeting or squirming.","haven_labelled","Symptom Scale","Other Scales",436,"ok","high",TRUE,1,"t1","T1","sx_sdq_10","sx_sdq_10",TRUE
"cap17","sx_sdq_15_t1","T1-I am easily distracted. I find it difficult to concentrate.","haven_labelled","Symptom Scale","Other Scales",437,"ok","high",TRUE,1,"t1","T1","sx_sdq_15","sx_sdq_15",TRUE
"cap17","sx_sdq_29_t1","T1-I am good at keeping promises.","haven_labelled","Symptom Scale","Other Scales",438,"ok","high",TRUE,1,"t1","T1","sx_sdq_29","sx_sdq_29",TRUE
"cap17","sx_surps_16_t1","T1-I am interested in experience for its own sake, even if it's illegal","haven_labelled","Symptom Scale","Other Scales",439,"ok","high",TRUE,1,"t1","T1","sx_surps_16","sx_surps_16",TRUE
"cap17","sx_sdq_18_t1","T1-I am often accused of lying or cheating.","haven_labelled","Symptom Scale","Other Scales",440,"ok","high",TRUE,1,"t1","T1","sx_sdq_18","sx_sdq_18",TRUE
"cap17","sx_sdq_02_t1","T1-I am restless. I cannot stay still for long.","haven_labelled","Symptom Scale","Other Scales",441,"ok","high",TRUE,1,"t1","T1","sx_sdq_02","sx_sdq_02",TRUE
"cap17","sx_sdq_06_t1","T1-I am usually on my own.  I generally play alone or keep to myself.","haven_labelled","Symptom Scale","Other Scales",442,"ok","high",TRUE,1,"t1","T1","sx_sdq_06","sx_sdq_06",TRUE
"cap17","sx_surps_06_t1","T1-I enjoy new and exciting experiences even if they are unconventional","haven_labelled","Symptom Scale","Other Scales",443,"ok","high",TRUE,1,"t1","T1","sx_surps_06","sx_surps_06",TRUE
"cap17","sx_surps_22_t1","T1-I feel I have to be crafty or manipulative to get what I want","haven_labelled","Symptom Scale","Other Scales",444,"ok","high",TRUE,1,"t1","T1","sx_surps_22","sx_surps_22",TRUE
"cap17","sx_sdq_28_t1","T1-I feel bad or guilty when I do something wrong.","haven_labelled","Symptom Scale","Other Scales",445,"ok","high",TRUE,1,"t1","T1","sx_sdq_28","sx_sdq_28",TRUE
"cap17","sx_sdq_12_t1","T1-I fight a lot. I can make other people do what I want.","haven_labelled","Symptom Scale","Other Scales",446,"ok","high",TRUE,1,"t1","T1","sx_sdq_12","sx_sdq_12",TRUE
"cap17","sx_sdq_25_t1","T1-I finish the work I am doing. My attention is good.","haven_labelled","Symptom Scale","Other Scales",447,"ok","high",TRUE,1,"t1","T1","sx_sdq_25","sx_sdq_25",TRUE
"cap17","sx_sdq_03_t1","T1-I get a lot of headaches, stomach-aches, or sickness.","haven_labelled","Symptom Scale","Other Scales",448,"ok","high",TRUE,1,"t1","T1","sx_sdq_03","sx_sdq_03",TRUE
"cap17","sx_sdq_05_t1","T1-I get very angry and often lose my temper.","haven_labelled","Symptom Scale","Other Scales",449,"ok","high",TRUE,1,"t1","T1","sx_sdq_05","sx_sdq_05",TRUE
"cap17","sx_surps_02_t1","T1-I often don't think things through before I speak","haven_labelled","Symptom Scale","Other Scales",450,"ok","high",TRUE,1,"t1","T1","sx_surps_02","sx_surps_02",TRUE
"cap17","sx_sdq_26_t1","T1-I often forget things or make careless mistakes in school/work and other activities.","haven_labelled","Symptom Scale","Other Scales",451,"ok","high",TRUE,1,"t1","T1","sx_sdq_26","sx_sdq_26",TRUE
"cap17","sx_surps_05_t1","T1-I often involve myself in situations that I later regret being involved in","haven_labelled","Symptom Scale","Other Scales",452,"ok","high",TRUE,1,"t1","T1","sx_surps_05","sx_surps_05",TRUE
"cap17","sx_sdq_22_t1","T1-I take things that are not mine from home, school or elsewhere.","haven_labelled","Symptom Scale","Other Scales",453,"ok","high",TRUE,1,"t1","T1","sx_sdq_22","sx_sdq_22",TRUE
"cap17","sx_sdq_21_t1","T1-I think before I do things.","haven_labelled","Symptom Scale","Other Scales",454,"ok","high",TRUE,1,"t1","T1","sx_sdq_21","sx_sdq_21",TRUE
"cap17","sx_surps_11_t1","T1-I usually act without stopping to think","haven_labelled","Symptom Scale","Other Scales",455,"ok","high",TRUE,1,"t1","T1","sx_surps_11","sx_surps_11",TRUE
"cap17","sx_sdq_07_t1","T1-I usually do as I am told.","haven_labelled","Symptom Scale","Other Scales",456,"ok","high",TRUE,1,"t1","T1","sx_sdq_07","sx_sdq_07",TRUE
"cap17","sx_surps_19_t1","T1-I would enjoy hiking long distances in wild and uninhabited territory","haven_labelled","Symptom Scale","Other Scales",457,"ok","high",TRUE,1,"t1","T1","sx_surps_19","sx_surps_19",TRUE
"cap17","sx_surps_12_t1","T1-I would like to learn how to drive a motorcycle","haven_labelled","Symptom Scale","Other Scales",458,"ok","high",TRUE,1,"t1","T1","sx_surps_12","sx_surps_12",TRUE
"cap17","sx_surps_03_t1","T1-I would like to skydive","haven_labelled","Symptom Scale","Other Scales",459,"ok","high",TRUE,1,"t1","T1","sx_surps_03","sx_surps_03",TRUE
"cap17","sx_rpq_18_t1","T1-Made obscene phone calls for fun","haven_labelled","Symptom Scale","Other Scales",460,"ok","high",TRUE,1,"t1","T1","sx_rpq_18","sx_rpq_18",TRUE
"cap17","sx_sdq_19_t1","T1-Often children or young people pick on me or bully me.","haven_labelled","Symptom Scale","Other Scales",461,"ok","high",TRUE,1,"t1","T1","sx_sdq_19","sx_sdq_19",TRUE
"cap17","sx_rpq_03_t1","T1-Reacted angrily when provoked by others","haven_labelled","Symptom Scale","Other Scales",462,"ok","high",TRUE,1,"t1","T1","sx_rpq_03","sx_rpq_03",TRUE
"cap17","sx_rpq_04_t1","T1-Taken things from other students","haven_labelled","Symptom Scale","Other Scales",463,"ok","high",TRUE,1,"t1","T1","sx_rpq_04","sx_rpq_04",TRUE
"cap17","sx_rpq_17_t1","T1-Threatened and bullied someone","haven_labelled","Symptom Scale","Other Scales",464,"ok","high",TRUE,1,"t1","T1","sx_rpq_17","sx_rpq_17",TRUE
"cap17","sx_rpq_15_t1","T1-Used force to obtain money or things from others","haven_labelled","Symptom Scale","Other Scales",465,"ok","high",TRUE,1,"t1","T1","sx_rpq_15","sx_rpq_15",TRUE
"cap17","sx_rpq_12_t1","T1-Used physical force to get others to do what you want","haven_labelled","Symptom Scale","Other Scales",466,"ok","high",TRUE,1,"t1","T1","sx_rpq_12","sx_rpq_12",TRUE
"cap17","sx_rpq_06_t1","T1-Vandalized something for fun","haven_labelled","Symptom Scale","Other Scales",467,"ok","high",TRUE,1,"t1","T1","sx_rpq_06","sx_rpq_06",TRUE
"cap17","sx_rpq_23_t1","T1-Yelled at others so they would do things for you","haven_labelled","Symptom Scale","Other Scales",468,"ok","high",TRUE,1,"t1","T1","sx_rpq_23","sx_rpq_23",TRUE
"cap17","sx_rpq_01_t1","T1-Yelled at others when they have annoyed you?","haven_labelled","Symptom Scale","Other Scales",469,"ok","high",TRUE,1,"t1","T1","sx_rpq_01","sx_rpq_01",TRUE
"cap17","sx_sdq_30_t2","T2- I don’t often show my feelings or emotions.","haven_labelled","Symptom Scale","Other Scales",470,"ok","high",TRUE,2,"t2","T2","sx_sdq_30","sx_sdq_30",TRUE
"cap17","sx_sdq_23_t2","T2- I get on better with adults than with people my own age.","haven_labelled","Symptom Scale","Other Scales",471,"ok","high",TRUE,2,"t2","T2","sx_sdq_23","sx_sdq_23",TRUE
"cap17","sx_surps_09_t2","T2- I like doing this that frighten me a little","haven_labelled","Symptom Scale","Other Scales",472,"ok","high",TRUE,2,"t2","T2","sx_surps_09","sx_surps_09",TRUE
"cap17","sx_dmqr_01_t2","T2-As a way to celebrate.","haven_labelled","Symptom Scale","Other Scales",473,"ok","high",TRUE,2,"t2","T2","sx_dmqr_01","sx_dmqr_01",TRUE
"cap17","sx_dmqr_03_t2","T2-Because I like the feeling","haven_labelled","Symptom Scale","Other Scales",474,"ok","high",TRUE,2,"t2","T2","sx_dmqr_03","sx_dmqr_03",TRUE
"cap17","sx_dmqr_06_t2","T2-Because it is exciting.","haven_labelled","Symptom Scale","Other Scales",475,"ok","high",TRUE,2,"t2","T2","sx_dmqr_06","sx_dmqr_06",TRUE
"cap17","sx_dmqr_04_t2","T2-Because it’s what most of my friends do when we get together.","haven_labelled","Symptom Scale","Other Scales",476,"ok","high",TRUE,2,"t2","T2","sx_dmqr_04","sx_dmqr_04",TRUE
"cap17","sx_rpq_11_t2","T2-Become angry or mad when you don’t get your way","haven_labelled","Symptom Scale","Other Scales",477,"ok","high",TRUE,2,"t2","T2","sx_rpq_11","sx_rpq_11",TRUE
"cap17","sx_rpq_21_t2","T2-Carried a weapon to use in a fight","haven_labelled","Symptom Scale","Other Scales",478,"ok","high",TRUE,2,"t2","T2","sx_rpq_21","sx_rpq_21",TRUE
"cap17","sx_rpq_08_t2","T2-Damaged things because you felt mad","haven_labelled","Symptom Scale","Other Scales",479,"ok","high",TRUE,2,"t2","T2","sx_rpq_08","sx_rpq_08",TRUE
"cap17","sx_rpq_16_t2","T2-Felt better after hitting or yelling at someone","haven_labelled","Symptom Scale","Other Scales",480,"ok","high",TRUE,2,"t2","T2","sx_rpq_16","sx_rpq_16",TRUE
"cap17","sx_surps_15_t2","T2-Generally, I am an impulsive person","haven_labelled","Symptom Scale","Other Scales",481,"ok","high",TRUE,2,"t2","T2","sx_surps_15","sx_surps_15",TRUE
"cap17","sx_rpq_22_t2","T2-Gotten angry or mad or hit others when teased","haven_labelled","Symptom Scale","Other Scales",482,"ok","high",TRUE,2,"t2","T2","sx_rpq_22","sx_rpq_22",TRUE
"cap17","sx_rpq_13_t2","T2-Gotten angry or mad when you lost a game","haven_labelled","Symptom Scale","Other Scales",483,"ok","high",TRUE,2,"t2","T2","sx_rpq_13","sx_rpq_13",TRUE
"cap17","sx_rpq_05_t2","T2-Gotten angry when frustrated","haven_labelled","Symptom Scale","Other Scales",484,"ok","high",TRUE,2,"t2","T2","sx_rpq_05","sx_rpq_05",TRUE
"cap17","sx_rpq_14_t2","T2-Gotten angry when others threatened you","haven_labelled","Symptom Scale","Other Scales",485,"ok","high",TRUE,2,"t2","T2","sx_rpq_14","sx_rpq_14",TRUE
"cap17","sx_rpq_20_t2","T2-Gotten others to gang up on someone else","haven_labelled","Symptom Scale","Other Scales",486,"ok","high",TRUE,2,"t2","T2","sx_rpq_20","sx_rpq_20",TRUE
"cap17","sx_rpq_09_t2","T2-Had a gang fight to be cool","haven_labelled","Symptom Scale","Other Scales",487,"ok","high",TRUE,2,"t2","T2","sx_rpq_09","sx_rpq_09",TRUE
"cap17","sx_rpq_02_t2","T2-Had fights with others to show who was on top","haven_labelled","Symptom Scale","Other Scales",488,"ok","high",TRUE,2,"t2","T2","sx_rpq_02","sx_rpq_02",TRUE
"cap17","sx_rpq_07_t2","T2-Had temper tantrums","haven_labelled","Symptom Scale","Other Scales",489,"ok","high",TRUE,2,"t2","T2","sx_rpq_07","sx_rpq_07",TRUE
"cap17","sx_rpq_19_t2","T2-Hit others to defend yourself","haven_labelled","Symptom Scale","Other Scales",490,"ok","high",TRUE,2,"t2","T2","sx_rpq_19","sx_rpq_19",TRUE
"cap17","sx_rses_07_t2","T2-How well can you control your temper?","haven_labelled","Symptom Scale","Other Scales",491,"ok","high",TRUE,2,"t2","T2","sx_rses_07","sx_rses_07",TRUE
"cap17","sx_rses_01_t2","T2-How well can you resist peer pressure to do things that might get you in trouble?","haven_labelled","Symptom Scale","Other Scales",492,"ok","high",TRUE,2,"t2","T2","sx_rses_01","sx_rses_01",TRUE
"cap17","sx_rses_04_t2","T2-How well can you resist peer pressure to drink?","haven_labelled","Symptom Scale","Other Scales",493,"ok","high",TRUE,2,"t2","T2","sx_rses_04","sx_rses_04",TRUE
"cap17","sx_rses_03_t2","T2-How well can you resist peer pressure to smoke cigarettes?","haven_labelled","Symptom Scale","Other Scales",494,"ok","high",TRUE,2,"t2","T2","sx_rses_03","sx_rses_03",TRUE
"cap17","sx_rses_06_t2","T2-How well can you resist peer pressure to use pills?","haven_labelled","Symptom Scale","Other Scales",495,"ok","high",TRUE,2,"t2","T2","sx_rses_06","sx_rses_06",TRUE
"cap17","sx_rses_05_t2","T2-How well can you resist pressure to smoke cannabis?","haven_labelled","Symptom Scale","Other Scales",496,"ok","high",TRUE,2,"t2","T2","sx_rses_05","sx_rses_05",TRUE
"cap17","sx_rses_08_t2","T2-How well can you stand up to someone who is asking you to do soemthing unreasonable or inconvenient?","haven_labelled","Symptom Scale","Other Scales",497,"ok","high",TRUE,2,"t2","T2","sx_rses_08","sx_rses_08",TRUE
"cap17","sx_rses_02_t2","T2-How well can you stop yourself skipping school when you feel bored or upset?","haven_labelled","Symptom Scale","Other Scales",498,"ok","high",TRUE,2,"t2","T2","sx_rses_02","sx_rses_02",TRUE
"cap17","sx_rpq_10_t2","T2-Hurt others to win a game","haven_labelled","Symptom Scale","Other Scales",499,"ok","high",TRUE,2,"t2","T2","sx_rpq_10","sx_rpq_10",TRUE
"cap17","sx_sdq_10_t2","T2-I am constantly fidgeting or squirming.","haven_labelled","Symptom Scale","Other Scales",500,"ok","high",TRUE,2,"t2","T2","sx_sdq_10","sx_sdq_10",TRUE
"cap17","sx_sdq_15_t2","T2-I am easily distracted. I find it difficult to concentrate.","haven_labelled","Symptom Scale","Other Scales",501,"ok","high",TRUE,2,"t2","T2","sx_sdq_15","sx_sdq_15",TRUE
"cap17","sx_sdq_29_t2","T2-I am good at keeping promises.","haven_labelled","Symptom Scale","Other Scales",502,"ok","high",TRUE,2,"t2","T2","sx_sdq_29","sx_sdq_29",TRUE
"cap17","sx_surps_16_t2","T2-I am interested in experience for its own sake, even if it's illegal","haven_labelled","Symptom Scale","Other Scales",503,"ok","high",TRUE,2,"t2","T2","sx_surps_16","sx_surps_16",TRUE
"cap17","sx_sdq_18_t2","T2-I am often accused of lying or cheating.","haven_labelled","Symptom Scale","Other Scales",504,"ok","high",TRUE,2,"t2","T2","sx_sdq_18","sx_sdq_18",TRUE
"cap17","sx_sdq_02_t2","T2-I am restless. I cannot stay still for long.","haven_labelled","Symptom Scale","Other Scales",505,"ok","high",TRUE,2,"t2","T2","sx_sdq_02","sx_sdq_02",TRUE
"cap17","sx_sdq_06_t2","T2-I am usually on my own.  I generally play alone or keep to myself.","haven_labelled","Symptom Scale","Other Scales",506,"ok","high",TRUE,2,"t2","T2","sx_sdq_06","sx_sdq_06",TRUE
"cap17","sx_surps_06_t2","T2-I enjoy new and exciting experiences even if they are unconventional","haven_labelled","Symptom Scale","Other Scales",507,"ok","high",TRUE,2,"t2","T2","sx_surps_06","sx_surps_06",TRUE
"cap17","sx_surps_22_t2","T2-I feel I have to be crafty or manipulative to get what I want","haven_labelled","Symptom Scale","Other Scales",508,"ok","high",TRUE,2,"t2","T2","sx_surps_22","sx_surps_22",TRUE
"cap17","sx_sdq_28_t2","T2-I feel bad or guilty when I do something wrong.","haven_labelled","Symptom Scale","Other Scales",509,"ok","high",TRUE,2,"t2","T2","sx_sdq_28","sx_sdq_28",TRUE
"cap17","sx_sdq_12_t2","T2-I fight a lot. I can make other people do what I want.","haven_labelled","Symptom Scale","Other Scales",510,"ok","high",TRUE,2,"t2","T2","sx_sdq_12","sx_sdq_12",TRUE
"cap17","sx_sdq_25_t2","T2-I finish the work I am doing. My attention is good.","haven_labelled","Symptom Scale","Other Scales",511,"ok","high",TRUE,2,"t2","T2","sx_sdq_25","sx_sdq_25",TRUE
"cap17","sx_sdq_03_t2","T2-I get a lot of headaches, stomach-aches, or sickness.","haven_labelled","Symptom Scale","Other Scales",512,"ok","high",TRUE,2,"t2","T2","sx_sdq_03","sx_sdq_03",TRUE
"cap17","sx_sdq_05_t2","T2-I get very angry and often lose my temper.","haven_labelled","Symptom Scale","Other Scales",513,"ok","high",TRUE,2,"t2","T2","sx_sdq_05","sx_sdq_05",TRUE
"cap17","sx_surps_02_t2","T2-I often don't think things through before I speak","haven_labelled","Symptom Scale","Other Scales",514,"ok","high",TRUE,2,"t2","T2","sx_surps_02","sx_surps_02",TRUE
"cap17","sx_sdq_26_t2","T2-I often forget things or make careless mistakes in school/work and other activities.","haven_labelled","Symptom Scale","Other Scales",515,"ok","high",TRUE,2,"t2","T2","sx_sdq_26","sx_sdq_26",TRUE
"cap17","sx_surps_05_t2","T2-I often involve myself in situations that I later regret being involved in","haven_labelled","Symptom Scale","Other Scales",516,"ok","high",TRUE,2,"t2","T2","sx_surps_05","sx_surps_05",TRUE
"cap17","sx_sdq_22_t2","T2-I take things that are not mine from home, school or elsewhere.","haven_labelled","Symptom Scale","Other Scales",517,"ok","high",TRUE,2,"t2","T2","sx_sdq_22","sx_sdq_22",TRUE
"cap17","sx_sdq_21_t2","T2-I think before I do things.","haven_labelled","Symptom Scale","Other Scales",518,"ok","high",TRUE,2,"t2","T2","sx_sdq_21","sx_sdq_21",TRUE
"cap17","sx_surps_11_t2","T2-I usually act without stopping to think","haven_labelled","Symptom Scale","Other Scales",519,"ok","high",TRUE,2,"t2","T2","sx_surps_11","sx_surps_11",TRUE
"cap17","sx_sdq_07_t2","T2-I usually do as I am told.","haven_labelled","Symptom Scale","Other Scales",520,"ok","high",TRUE,2,"t2","T2","sx_sdq_07","sx_sdq_07",TRUE
"cap17","sx_surps_19_t2","T2-I would enjoy hiking long distances in wild and uninhabited territory","haven_labelled","Symptom Scale","Other Scales",521,"ok","high",TRUE,2,"t2","T2","sx_surps_19","sx_surps_19",TRUE
"cap17","sx_surps_12_t2","T2-I would like to learn how to drive a motorcycle","haven_labelled","Symptom Scale","Other Scales",522,"ok","high",TRUE,2,"t2","T2","sx_surps_12","sx_surps_12",TRUE
"cap17","sx_surps_03_t2","T2-I would like to skydive","haven_labelled","Symptom Scale","Other Scales",523,"ok","high",TRUE,2,"t2","T2","sx_surps_03","sx_surps_03",TRUE
"cap17","sx_rpq_18_t2","T2-Made obscene phone calls for fun","haven_labelled","Symptom Scale","Other Scales",524,"ok","high",TRUE,2,"t2","T2","sx_rpq_18","sx_rpq_18",TRUE
"cap17","sx_sdq_19_t2","T2-Often children or young people pick on me or bully me.","haven_labelled","Symptom Scale","Other Scales",525,"ok","high",TRUE,2,"t2","T2","sx_sdq_19","sx_sdq_19",TRUE
"cap17","sx_rpq_03_t2","T2-Reacted angrily when provoked by others","haven_labelled","Symptom Scale","Other Scales",526,"ok","high",TRUE,2,"t2","T2","sx_rpq_03","sx_rpq_03",TRUE
"cap17","sx_rpq_04_t2","T2-Taken things from other students","haven_labelled","Symptom Scale","Other Scales",527,"ok","high",TRUE,2,"t2","T2","sx_rpq_04","sx_rpq_04",TRUE
"cap17","sx_rpq_17_t2","T2-Threatened and bullied someone","haven_labelled","Symptom Scale","Other Scales",528,"ok","high",TRUE,2,"t2","T2","sx_rpq_17","sx_rpq_17",TRUE
"cap17","sx_dmqr_05_t2","T2-To forget my worries.","haven_labelled","Symptom Scale","Other Scales",529,"ok","high",TRUE,2,"t2","T2","sx_dmqr_05","sx_dmqr_05",TRUE
"cap17","sx_dmqr_02_t2","T2-To relax.","haven_labelled","Symptom Scale","Other Scales",530,"ok","high",TRUE,2,"t2","T2","sx_dmqr_02","sx_dmqr_02",TRUE
"cap17","sx_rpq_15_t2","T2-Used force to obtain money or things from others","haven_labelled","Symptom Scale","Other Scales",531,"ok","high",TRUE,2,"t2","T2","sx_rpq_15","sx_rpq_15",TRUE
"cap17","sx_rpq_12_t2","T2-Used physical force to get others to do what you want","haven_labelled","Symptom Scale","Other Scales",532,"ok","high",TRUE,2,"t2","T2","sx_rpq_12","sx_rpq_12",TRUE
"cap17","sx_rpq_06_t2","T2-Vandalized something for fun","haven_labelled","Symptom Scale","Other Scales",533,"ok","high",TRUE,2,"t2","T2","sx_rpq_06","sx_rpq_06",TRUE
"cap17","sx_rpq_23_t2","T2-Yelled at others so they would do things for you","haven_labelled","Symptom Scale","Other Scales",534,"ok","high",TRUE,2,"t2","T2","sx_rpq_23","sx_rpq_23",TRUE
"cap17","sx_rpq_01_t2","T2-Yelled at others when they have annoyed you?","haven_labelled","Symptom Scale","Other Scales",535,"ok","high",TRUE,2,"t2","T2","sx_rpq_01","sx_rpq_01",TRUE
"cap17","sx_sdq_con_band_t3","T3 Conduct Problems Band","haven_labelled","Symptom Scale","Other Scales",536,"ok","high",TRUE,3,"t3","T3","sx_sdq_con_band","sx_sdq_con_band",TRUE
"cap17","sx_sdq_con_t3","T3 Conduct Problems subscale score","numeric","Symptom Scale","Other Scales",537,"ok","high",TRUE,3,"t3","T3","sx_sdq_con",NA,FALSE
"cap17","sx_dmqrsoc_sum_t3","T3 DM Social Total Score for DMQ-R","numeric","Symptom Scale","Other Scales",538,"ok","high",TRUE,3,"t3","T3","sx_dmqrsoc_sum",NA,FALSE
"cap17","sx_sdq_hyp_band_t3","T3 Hyperactivity Band","haven_labelled","Symptom Scale","Other Scales",539,"ok","high",TRUE,3,"t3","T3","sx_sdq_hyp_band","sx_sdq_hyp_band",TRUE
"cap17","sx_sdq_hyp_t3","T3 Hyperactivity subscale score","numeric","Symptom Scale","Other Scales",540,"ok","high",TRUE,3,"t3","T3","sx_sdq_hyp",NA,FALSE
"h4l15","sx_sdq_10_t3","T3 I am constantly fidgeting or squirming","haven_labelled","Symptom Scale","Other Scales",541,"ok","high",TRUE,3,"t3","T3","sx_sdq_10","sx_sdq_10",TRUE
"h4l15","sx_sdq_15_t3","T3 I am easily distracted, I find it difficult to concentrate","haven_labelled","Symptom Scale","Other Scales",542,"ok","high",TRUE,3,"t3","T3","sx_sdq_15","sx_sdq_15",TRUE
"h4l15","sx_sdq_18_t3","T3 I am often accused of lying or cheating","haven_labelled","Symptom Scale","Other Scales",543,"ok","high",TRUE,3,"t3","T3","sx_sdq_18","sx_sdq_18",TRUE
"h4l15","sx_sdq_02_t3","T3 I am restless, I cannot stay still for long","haven_labelled","Symptom Scale","Other Scales",544,"ok","high",TRUE,3,"t3","T3","sx_sdq_02","sx_sdq_02",TRUE
"h4l15","sx_sdq_12_t3","T3 I fight a lot. I can make other people do what I want","haven_labelled","Symptom Scale","Other Scales",545,"ok","high",TRUE,3,"t3","T3","sx_sdq_12","sx_sdq_12",TRUE
"h4l15","sx_sdq_25_t3","T3 I finish the work I'm doing. My attention is good","haven_labelled","Symptom Scale","Other Scales",546,"ok","high",TRUE,3,"t3","T3","sx_sdq_25","sx_sdq_25",TRUE
"h4l15","sx_sdq_03_t3","T3 I get a lot of headaches, stomach-aches or sickness","haven_labelled","Symptom Scale","Other Scales",547,"ok","high",TRUE,3,"t3","T3","sx_sdq_03","sx_sdq_03",TRUE
"h4l15","sx_sdq_23_t3","T3 I get along better with adults than with people my own age","haven_labelled","Symptom Scale","Other Scales",548,"ok","high",TRUE,3,"t3","T3","sx_sdq_23","sx_sdq_23",TRUE
"h4l15","sx_sdq_05_t3","T3 I get very angry and often lose my temper","haven_labelled","Symptom Scale","Other Scales",549,"ok","high",TRUE,3,"t3","T3","sx_sdq_05","sx_sdq_05",TRUE
"h4l15","sx_sdq_22_t3","T3 I take things that are not mine from home, school or elsewhere","haven_labelled","Symptom Scale","Other Scales",550,"ok","high",TRUE,3,"t3","T3","sx_sdq_22","sx_sdq_22",TRUE
"h4l15","sx_sdq_21_t3","T3 I think before I do things","haven_labelled","Symptom Scale","Other Scales",551,"ok","high",TRUE,3,"t3","T3","sx_sdq_21","sx_sdq_21",TRUE
"h4l15","sx_sdq_07_t3","T3 I usually do as I am told","haven_labelled","Symptom Scale","Other Scales",552,"ok","high",TRUE,3,"t3","T3","sx_sdq_07","sx_sdq_07",TRUE
"h4l15","sx_sdq_19_t3","T3 Other children or young people pick on me or bully me","haven_labelled","Symptom Scale","Other Scales",553,"ok","high",TRUE,3,"t3","T3","sx_sdq_19","sx_sdq_19",TRUE
"cap17","sx_sdq_peer_band_t3","T3 Peer Relationship Problems Band","haven_labelled","Symptom Scale","Other Scales",554,"ok","high",TRUE,3,"t3","T3","sx_sdq_peer_band","sx_sdq_peer_band",TRUE
"cap17","sx_sdq_peer_t3","T3 Peer Relationship Problems subscale score","numeric","Symptom Scale","Other Scales",555,"ok","high",TRUE,3,"t3","T3","sx_sdq_peer",NA,FALSE
"cap17","sc_rpq_sum_t3","T3 RPQ Total score","numeric","Symptom Scale","Other Scales",556,"ok","medium",TRUE,3,"t3","T3","sc_rpq_sum",NA,FALSE
"cap17","sc_rpq_proa_sum_t3","T3 RPQ proactive score","numeric","Symptom Scale","Other Scales",557,"ok","medium",TRUE,3,"t3","T3","sc_rpq_proa_sum",NA,FALSE
"cap17","sx_rpq_reac_sum_t3","T3 RPQ reactive score","numeric","Symptom Scale","Other Scales",558,"ok","high",TRUE,3,"t3","T3","sx_rpq_reac_sum",NA,FALSE
"h4l15","sx_sdq_con_t3","T3 SDQ conduct problems subscale","numeric","Symptom Scale","Other Scales",559,"ok","high",TRUE,3,"t3","T3","sx_sdq_con",NA,FALSE
"h4l15","sx_sdq_con_pror_t3","T3 SDQ conduct problems subscale prorated","numeric","Symptom Scale","Other Scales",560,"ok","high",TRUE,3,"t3","T3","sx_sdq_con_pror",NA,FALSE
"h4l15","sx_sdq_hyp_t3","T3 SDQ hyperactivity subscale","numeric","Symptom Scale","Other Scales",561,"ok","high",TRUE,3,"t3","T3","sx_sdq_hyp",NA,FALSE
"h4l15","sx_sdq_hyp_pror_t3","T3 SDQ hyperactivity subscale prorated","numeric","Symptom Scale","Other Scales",562,"ok","high",TRUE,3,"t3","T3","sx_sdq_hyp_pror",NA,FALSE
"h4l15","sx_sdq_peer_t3","T3 SDQ peer subscale","numeric","Symptom Scale","Other Scales",563,"ok","high",TRUE,3,"t3","T3","sx_sdq_peer",NA,FALSE
"h4l15","sx_sdq_peer_pror_t3","T3 SDQ peer subscale prorated","numeric","Symptom Scale","Other Scales",564,"ok","high",TRUE,3,"t3","T3","sx_sdq_peer_pror",NA,FALSE
"h4l15","sx_sdq_tot_t3","T3 SDQ total score","numeric","Symptom Scale","Other Scales",565,"ok","high",TRUE,3,"t3","T3","sx_sdq_tot",NA,FALSE
"h4l15","sx_sdq_tot_pror_t3","T3 SDQ total score prorated","numeric","Symptom Scale","Other Scales",566,"ok","high",TRUE,3,"t3","T3","sx_sdq_tot_pror",NA,FALSE
"cap17","sx_sdq_30_t3","T3- I don’t often show my feelings or emotions.","haven_labelled","Symptom Scale","Other Scales",567,"ok","high",TRUE,3,"t3","T3","sx_sdq_30","sx_sdq_30",TRUE
"cap17","sx_sdq_23_t3","T3- I get on better with adults than with people my own age.","haven_labelled","Symptom Scale","Other Scales",568,"ok","high",TRUE,3,"t3","T3","sx_sdq_23","sx_sdq_23",TRUE
"cap17","sx_surps_09_t3","T3- I like doing this that frighten me a little","haven_labelled","Symptom Scale","Other Scales",569,"ok","high",TRUE,3,"t3","T3","sx_surps_09","sx_surps_09",TRUE
"cap17","sx_dmqr_01_t3","T3-As a way to celebrate.","haven_labelled","Symptom Scale","Other Scales",570,"ok","high",TRUE,3,"t3","T3","sx_dmqr_01","sx_dmqr_01",TRUE
"cap17","sx_dmqr_03_t3","T3-Because I like the feeling","haven_labelled","Symptom Scale","Other Scales",571,"ok","high",TRUE,3,"t3","T3","sx_dmqr_03","sx_dmqr_03",TRUE
"cap17","sx_dmqr_06_t3","T3-Because it is exciting.","haven_labelled","Symptom Scale","Other Scales",572,"ok","high",TRUE,3,"t3","T3","sx_dmqr_06","sx_dmqr_06",TRUE
"cap17","sx_dmqr_04_t3","T3-Because it’s what most of my friends do when we get together.","haven_labelled","Symptom Scale","Other Scales",573,"ok","high",TRUE,3,"t3","T3","sx_dmqr_04","sx_dmqr_04",TRUE
"cap17","sx_rpq_11_t3","T3-Become angry or mad when you don’t get your way","haven_labelled","Symptom Scale","Other Scales",574,"ok","high",TRUE,3,"t3","T3","sx_rpq_11","sx_rpq_11",TRUE
"cap17","sx_rpq_21_t3","T3-Carried a weapon to use in a fight","haven_labelled","Symptom Scale","Other Scales",575,"ok","high",TRUE,3,"t3","T3","sx_rpq_21","sx_rpq_21",TRUE
"cap17","sx_rpq_08_t3","T3-Damaged things because you felt mad","haven_labelled","Symptom Scale","Other Scales",576,"ok","high",TRUE,3,"t3","T3","sx_rpq_08","sx_rpq_08",TRUE
"cap17","sx_rpq_16_t3","T3-Felt better after hitting or yelling at someone","haven_labelled","Symptom Scale","Other Scales",577,"ok","high",TRUE,3,"t3","T3","sx_rpq_16","sx_rpq_16",TRUE
"cap17","sx_surps_15_t3","T3-Generally, I am an impulsive person","haven_labelled","Symptom Scale","Other Scales",578,"ok","high",TRUE,3,"t3","T3","sx_surps_15","sx_surps_15",TRUE
"cap17","sx_rpq_22_t3","T3-Gotten angry or mad or hit others when teased","haven_labelled","Symptom Scale","Other Scales",579,"ok","high",TRUE,3,"t3","T3","sx_rpq_22","sx_rpq_22",TRUE
"cap17","sx_rpq_13_t3","T3-Gotten angry or mad when you lost a game","haven_labelled","Symptom Scale","Other Scales",580,"ok","high",TRUE,3,"t3","T3","sx_rpq_13","sx_rpq_13",TRUE
"cap17","sx_rpq_05_t3","T3-Gotten angry when frustrated","haven_labelled","Symptom Scale","Other Scales",581,"ok","high",TRUE,3,"t3","T3","sx_rpq_05","sx_rpq_05",TRUE
"cap17","sx_rpq_14_t3","T3-Gotten angry when others threatened you","haven_labelled","Symptom Scale","Other Scales",582,"ok","high",TRUE,3,"t3","T3","sx_rpq_14","sx_rpq_14",TRUE
"cap17","sx_rpq_20_t3","T3-Gotten others to gang up on someone else","haven_labelled","Symptom Scale","Other Scales",583,"ok","high",TRUE,3,"t3","T3","sx_rpq_20","sx_rpq_20",TRUE
"cap17","sx_rpq_09_t3","T3-Had a gang fight to be cool","haven_labelled","Symptom Scale","Other Scales",584,"ok","high",TRUE,3,"t3","T3","sx_rpq_09","sx_rpq_09",TRUE
"cap17","sx_rpq_02_t3","T3-Had fights with others to show who was on top","haven_labelled","Symptom Scale","Other Scales",585,"ok","high",TRUE,3,"t3","T3","sx_rpq_02","sx_rpq_02",TRUE
"cap17","sx_rpq_07_t3","T3-Had temper tantrums","haven_labelled","Symptom Scale","Other Scales",586,"ok","high",TRUE,3,"t3","T3","sx_rpq_07","sx_rpq_07",TRUE
"cap17","sx_rpq_19_t3","T3-Hit others to defend yourself","haven_labelled","Symptom Scale","Other Scales",587,"ok","high",TRUE,3,"t3","T3","sx_rpq_19","sx_rpq_19",TRUE
"cap17","sx_rses_07_t3","T3-How well can you control your temper?","haven_labelled","Symptom Scale","Other Scales",588,"ok","high",TRUE,3,"t3","T3","sx_rses_07","sx_rses_07",TRUE
"cap17","sx_rses_01_t3","T3-How well can you resist peer pressure to do things that might get you in trouble?","haven_labelled","Symptom Scale","Other Scales",589,"ok","high",TRUE,3,"t3","T3","sx_rses_01","sx_rses_01",TRUE
"cap17","sx_rses_04_t3","T3-How well can you resist peer pressure to drink?","haven_labelled","Symptom Scale","Other Scales",590,"ok","high",TRUE,3,"t3","T3","sx_rses_04","sx_rses_04",TRUE
"cap17","sx_rses_03_t3","T3-How well can you resist peer pressure to smoke cigarettes?","haven_labelled","Symptom Scale","Other Scales",591,"ok","high",TRUE,3,"t3","T3","sx_rses_03","sx_rses_03",TRUE
"cap17","sx_rses_06_t3","T3-How well can you resist peer pressure to use pills?","haven_labelled","Symptom Scale","Other Scales",592,"ok","high",TRUE,3,"t3","T3","sx_rses_06","sx_rses_06",TRUE
"cap17","sx_rses_05_t3","T3-How well can you resist pressure to smoke cannabis?","haven_labelled","Symptom Scale","Other Scales",593,"ok","high",TRUE,3,"t3","T3","sx_rses_05","sx_rses_05",TRUE
"cap17","sx_rses_08_t3","T3-How well can you stand up to someone who is asking you to do soemthing unreasonable or inconvenient?","haven_labelled","Symptom Scale","Other Scales",594,"ok","high",TRUE,3,"t3","T3","sx_rses_08","sx_rses_08",TRUE
"cap17","sx_rses_02_t3","T3-How well can you stop yourself skipping school when you feel bored or upset?","haven_labelled","Symptom Scale","Other Scales",595,"ok","high",TRUE,3,"t3","T3","sx_rses_02","sx_rses_02",TRUE
"cap17","sx_rpq_10_t3","T3-Hurt others to win a game","haven_labelled","Symptom Scale","Other Scales",596,"ok","high",TRUE,3,"t3","T3","sx_rpq_10","sx_rpq_10",TRUE
"cap17","sx_sdq_10_t3","T3-I am constantly fidgeting or squirming.","haven_labelled","Symptom Scale","Other Scales",597,"ok","high",TRUE,3,"t3","T3","sx_sdq_10","sx_sdq_10",TRUE
"cap17","sx_sdq_15_t3","T3-I am easily distracted. I find it difficult to concentrate.","haven_labelled","Symptom Scale","Other Scales",598,"ok","high",TRUE,3,"t3","T3","sx_sdq_15","sx_sdq_15",TRUE
"cap17","sx_sdq_29_t3","T3-I am good at keeping promises.","haven_labelled","Symptom Scale","Other Scales",599,"ok","high",TRUE,3,"t3","T3","sx_sdq_29","sx_sdq_29",TRUE
"cap17","sx_surps_16_t3","T3-I am interested in experience for its own sake, even if it's illegal","haven_labelled","Symptom Scale","Other Scales",600,"ok","high",TRUE,3,"t3","T3","sx_surps_16","sx_surps_16",TRUE
"cap17","sx_sdq_18_t3","T3-I am often accused of lying or cheating.","haven_labelled","Symptom Scale","Other Scales",601,"ok","high",TRUE,3,"t3","T3","sx_sdq_18","sx_sdq_18",TRUE
"cap17","sx_sdq_02_t3","T3-I am restless. I cannot stay still for long.","haven_labelled","Symptom Scale","Other Scales",602,"ok","high",TRUE,3,"t3","T3","sx_sdq_02","sx_sdq_02",TRUE
"cap17","sx_sdq_06_t3","T3-I am usually on my own.  I generally play alone or keep to myself.","haven_labelled","Symptom Scale","Other Scales",603,"ok","high",TRUE,3,"t3","T3","sx_sdq_06","sx_sdq_06",TRUE
"cap17","sx_surps_06_t3","T3-I enjoy new and exciting experiences even if they are unconventional","haven_labelled","Symptom Scale","Other Scales",604,"ok","high",TRUE,3,"t3","T3","sx_surps_06","sx_surps_06",TRUE
"cap17","sx_surps_22_t3","T3-I feel I have to be crafty or manipulative to get what I want","haven_labelled","Symptom Scale","Other Scales",605,"ok","high",TRUE,3,"t3","T3","sx_surps_22","sx_surps_22",TRUE
"cap17","sx_sdq_28_t3","T3-I feel bad or guilty when I do something wrong.","haven_labelled","Symptom Scale","Other Scales",606,"ok","high",TRUE,3,"t3","T3","sx_sdq_28","sx_sdq_28",TRUE
"cap17","sx_sdq_12_t3","T3-I fight a lot. I can make other people do what I want.","haven_labelled","Symptom Scale","Other Scales",607,"ok","high",TRUE,3,"t3","T3","sx_sdq_12","sx_sdq_12",TRUE
"cap17","sx_sdq_25_t3","T3-I finish the work I am doing. My attention is good.","haven_labelled","Symptom Scale","Other Scales",608,"ok","high",TRUE,3,"t3","T3","sx_sdq_25","sx_sdq_25",TRUE
"cap17","sx_sdq_03_t3","T3-I get a lot of headaches, stomach-aches, or sickness.","haven_labelled","Symptom Scale","Other Scales",609,"ok","high",TRUE,3,"t3","T3","sx_sdq_03","sx_sdq_03",TRUE
"cap17","sx_sdq_05_t3","T3-I get very angry and often lose my temper.","haven_labelled","Symptom Scale","Other Scales",610,"ok","high",TRUE,3,"t3","T3","sx_sdq_05","sx_sdq_05",TRUE
"cap17","sx_surps_02_t3","T3-I often don't think things through before I speak","haven_labelled","Symptom Scale","Other Scales",611,"ok","high",TRUE,3,"t3","T3","sx_surps_02","sx_surps_02",TRUE
"cap17","sx_sdq_26_t3","T3-I often forget things or make careless mistakes in school/work and other activities.","haven_labelled","Symptom Scale","Other Scales",612,"ok","high",TRUE,3,"t3","T3","sx_sdq_26","sx_sdq_26",TRUE
"cap17","sx_surps_05_t3","T3-I often involve myself in situations that I later regret being involved in","haven_labelled","Symptom Scale","Other Scales",613,"ok","high",TRUE,3,"t3","T3","sx_surps_05","sx_surps_05",TRUE
"cap17","sx_sdq_22_t3","T3-I take things that are not mine from home, school or elsewhere.","haven_labelled","Symptom Scale","Other Scales",614,"ok","high",TRUE,3,"t3","T3","sx_sdq_22","sx_sdq_22",TRUE
"cap17","sx_sdq_21_t3","T3-I think before I do things.","haven_labelled","Symptom Scale","Other Scales",615,"ok","high",TRUE,3,"t3","T3","sx_sdq_21","sx_sdq_21",TRUE
"cap17","sx_surps_11_t3","T3-I usually act without stopping to think","haven_labelled","Symptom Scale","Other Scales",616,"ok","high",TRUE,3,"t3","T3","sx_surps_11","sx_surps_11",TRUE
"cap17","sx_sdq_07_t3","T3-I usually do as I am told.","haven_labelled","Symptom Scale","Other Scales",617,"ok","high",TRUE,3,"t3","T3","sx_sdq_07","sx_sdq_07",TRUE
"cap17","sx_surps_19_t3","T3-I would enjoy hiking long distances in wild and uninhabited territory","haven_labelled","Symptom Scale","Other Scales",618,"ok","high",TRUE,3,"t3","T3","sx_surps_19","sx_surps_19",TRUE
"cap17","sx_surps_12_t3","T3-I would like to learn how to drive a motorcycle","haven_labelled","Symptom Scale","Other Scales",619,"ok","high",TRUE,3,"t3","T3","sx_surps_12","sx_surps_12",TRUE
"cap17","sx_surps_03_t3","T3-I would like to skydive","haven_labelled","Symptom Scale","Other Scales",620,"ok","high",TRUE,3,"t3","T3","sx_surps_03","sx_surps_03",TRUE
"cap17","sx_rpq_18_t3","T3-Made obscene phone calls for fun","haven_labelled","Symptom Scale","Other Scales",621,"ok","high",TRUE,3,"t3","T3","sx_rpq_18","sx_rpq_18",TRUE
"cap17","sx_sdq_19_t3","T3-Often children or young people pick on me or bully me.","haven_labelled","Symptom Scale","Other Scales",622,"ok","high",TRUE,3,"t3","T3","sx_sdq_19","sx_sdq_19",TRUE
"cap17","sx_rpq_03_t3","T3-Reacted angrily when provoked by others","haven_labelled","Symptom Scale","Other Scales",623,"ok","high",TRUE,3,"t3","T3","sx_rpq_03","sx_rpq_03",TRUE
"cap17","sx_rpq_04_t3","T3-Taken things from other students","haven_labelled","Symptom Scale","Other Scales",624,"ok","high",TRUE,3,"t3","T3","sx_rpq_04","sx_rpq_04",TRUE
"cap17","sx_rpq_17_t3","T3-Threatened and bullied someone","haven_labelled","Symptom Scale","Other Scales",625,"ok","high",TRUE,3,"t3","T3","sx_rpq_17","sx_rpq_17",TRUE
"cap17","sx_dmqr_05_t3","T3-To forget my worries.","haven_labelled","Symptom Scale","Other Scales",626,"ok","high",TRUE,3,"t3","T3","sx_dmqr_05","sx_dmqr_05",TRUE
"cap17","sx_dmqr_02_t3","T3-To relax.","haven_labelled","Symptom Scale","Other Scales",627,"ok","high",TRUE,3,"t3","T3","sx_dmqr_02","sx_dmqr_02",TRUE
"cap17","sx_rpq_15_t3","T3-Used force to obtain money or things from others","haven_labelled","Symptom Scale","Other Scales",628,"ok","high",TRUE,3,"t3","T3","sx_rpq_15","sx_rpq_15",TRUE
"cap17","sx_rpq_12_t3","T3-Used physical force to get others to do what you want","haven_labelled","Symptom Scale","Other Scales",629,"ok","high",TRUE,3,"t3","T3","sx_rpq_12","sx_rpq_12",TRUE
"cap17","sx_rpq_06_t3","T3-Vandalized something for fun","haven_labelled","Symptom Scale","Other Scales",630,"ok","high",TRUE,3,"t3","T3","sx_rpq_06","sx_rpq_06",TRUE
"cap17","sx_rpq_23_t3","T3-Yelled at others so they would do things for you","haven_labelled","Symptom Scale","Other Scales",631,"ok","high",TRUE,3,"t3","T3","sx_rpq_23","sx_rpq_23",TRUE
"cap17","sx_rpq_01_t3","T3-Yelled at others when they have annoyed you?","haven_labelled","Symptom Scale","Other Scales",632,"ok","high",TRUE,3,"t3","T3","sx_rpq_01","sx_rpq_01",TRUE
"cap17","sx_surps_imp_sum_t3","T3_Total IMP score","numeric","Symptom Scale","Other Scales",633,"ok","high",TRUE,3,"t3","T3","sx_surps_imp_sum",NA,FALSE
"cap17","sx_surps_nt_sum_t3","T3_Total NT score","numeric","Symptom Scale","Other Scales",634,"ok","high",TRUE,3,"t3","T3","sx_surps_nt_sum",NA,FALSE
"cap17","sx_surps_ss_sum_t3","T3_Total SS score","numeric","Symptom Scale","Other Scales",635,"ok","high",TRUE,3,"t3","T3","sx_surps_ss_sum",NA,FALSE
"cap17","sx_pec_32_t3","T3_other kids call me names because I can't do something","numeric","Symptom Scale","Other Scales",636,"ok","high",TRUE,3,"t3","T3","sx_pec_32",NA,FALSE
"cap17","sx_sdq_con_band_t4","T4 Conduct Problems Band","haven_labelled","Symptom Scale","Other Scales",637,"ok","high",TRUE,4,"t4","T4","sx_sdq_con_band","sx_sdq_con_band",TRUE
"cap17","sx_sdq_con_t4","T4 Conduct Problems subscale score","numeric","Symptom Scale","Other Scales",638,"ok","high",TRUE,4,"t4","T4","sx_sdq_con",NA,FALSE
"cap17","sx_dmqrsoc_sum_t4","T4 DM Social Total Score for DMQ-R","numeric","Symptom Scale","Other Scales",639,"ok","high",TRUE,4,"t4","T4","sx_dmqrsoc_sum",NA,FALSE
"cap17","sx_sdq_hyp_band_t4","T4 Hyperactivity Band","haven_labelled","Symptom Scale","Other Scales",640,"ok","high",TRUE,4,"t4","T4","sx_sdq_hyp_band","sx_sdq_hyp_band",TRUE
"cap17","sx_sdq_hyp_t4","T4 Hyperactivity subscale score","numeric","Symptom Scale","Other Scales",641,"ok","high",TRUE,4,"t4","T4","sx_sdq_hyp",NA,FALSE
"h4l15","sx_sdq_10_t4","T4 I am constantly fidgeting or squirming","haven_labelled","Symptom Scale","Other Scales",642,"ok","high",TRUE,4,"t4","T4","sx_sdq_10","sx_sdq_10",TRUE
"h4l15","sx_sdq_15_t4","T4 I am easily distracted, I find it difficult to concentrate","haven_labelled","Symptom Scale","Other Scales",643,"ok","high",TRUE,4,"t4","T4","sx_sdq_15","sx_sdq_15",TRUE
"h4l15","sx_sdq_18_t4","T4 I am often accused of lying or cheating","haven_labelled","Symptom Scale","Other Scales",644,"ok","high",TRUE,4,"t4","T4","sx_sdq_18","sx_sdq_18",TRUE
"h4l15","sx_sdq_02_t4","T4 I am restless, I cannot stay still for long","haven_labelled","Symptom Scale","Other Scales",645,"ok","high",TRUE,4,"t4","T4","sx_sdq_02","sx_sdq_02",TRUE
"h4l15","sx_sdq_12_t4","T4 I fight a lot. I can make other people do what I want","haven_labelled","Symptom Scale","Other Scales",646,"ok","high",TRUE,4,"t4","T4","sx_sdq_12","sx_sdq_12",TRUE
"h4l15","sx_sdq_25_t4","T4 I finish the work I'm doing. My attention is good","haven_labelled","Symptom Scale","Other Scales",647,"ok","high",TRUE,4,"t4","T4","sx_sdq_25","sx_sdq_25",TRUE
"h4l15","sx_sdq_03_t4","T4 I get a lot of headaches, stomach-aches or sickness","haven_labelled","Symptom Scale","Other Scales",648,"ok","high",TRUE,4,"t4","T4","sx_sdq_03","sx_sdq_03",TRUE
"h4l15","sx_sdq_23_t4","T4 I get along better with adults than with people my own age","haven_labelled","Symptom Scale","Other Scales",649,"ok","high",TRUE,4,"t4","T4","sx_sdq_23","sx_sdq_23",TRUE
"h4l15","sx_sdq_05_t4","T4 I get very angry and often lose my temper","haven_labelled","Symptom Scale","Other Scales",650,"ok","high",TRUE,4,"t4","T4","sx_sdq_05","sx_sdq_05",TRUE
"h4l15","sx_sdq_22_t4","T4 I take things that are not mine from home, school or elsewhere","haven_labelled","Symptom Scale","Other Scales",651,"ok","high",TRUE,4,"t4","T4","sx_sdq_22","sx_sdq_22",TRUE
"h4l15","sx_sdq_21_t4","T4 I think before I do things","haven_labelled","Symptom Scale","Other Scales",652,"ok","high",TRUE,4,"t4","T4","sx_sdq_21","sx_sdq_21",TRUE
"h4l15","sx_sdq_07_t4","T4 I usually do as I am told","haven_labelled","Symptom Scale","Other Scales",653,"ok","high",TRUE,4,"t4","T4","sx_sdq_07","sx_sdq_07",TRUE
"h4l15","sx_sdq_19_t4","T4 Other children or young people pick on me or bully me","haven_labelled","Symptom Scale","Other Scales",654,"ok","high",TRUE,4,"t4","T4","sx_sdq_19","sx_sdq_19",TRUE
"cap17","sx_sdq_peer_band_t4","T4 Peer Relationship Problems Band","haven_labelled","Symptom Scale","Other Scales",655,"ok","high",TRUE,4,"t4","T4","sx_sdq_peer_band","sx_sdq_peer_band",TRUE
"cap17","sx_sdq_peer_t4","T4 Peer Relationship Problems subscale score","numeric","Symptom Scale","Other Scales",656,"ok","high",TRUE,4,"t4","T4","sx_sdq_peer",NA,FALSE
"cap17","sc_rpq_sum_t4","T4 RPQ Total score","numeric","Symptom Scale","Other Scales",657,"ok","medium",TRUE,4,"t4","T4","sc_rpq_sum",NA,FALSE
"cap17","sc_rpq_proa_sum_t4","T4 RPQ proactive score","numeric","Symptom Scale","Other Scales",658,"ok","medium",TRUE,4,"t4","T4","sc_rpq_proa_sum",NA,FALSE
"cap17","sx_rpq_reac_sum_t4","T4 RPQ reactive score","numeric","Symptom Scale","Other Scales",659,"ok","high",TRUE,4,"t4","T4","sx_rpq_reac_sum",NA,FALSE
"h4l15","sx_sdq_con_t4","T4 SDQ conduct problems subscale","numeric","Symptom Scale","Other Scales",660,"ok","high",TRUE,4,"t4","T4","sx_sdq_con",NA,FALSE
"h4l15","sx_sdq_con_pror_t4","T4 SDQ conduct problems subscale prorated","numeric","Symptom Scale","Other Scales",661,"ok","high",TRUE,4,"t4","T4","sx_sdq_con_pror",NA,FALSE
"h4l15","sx_sdq_hyp_t4","T4 SDQ hyperactivity subscale","numeric","Symptom Scale","Other Scales",662,"ok","high",TRUE,4,"t4","T4","sx_sdq_hyp",NA,FALSE
"h4l15","sx_sdq_hyp_pror_t4","T4 SDQ hyperactivity subscale prorated","numeric","Symptom Scale","Other Scales",663,"ok","high",TRUE,4,"t4","T4","sx_sdq_hyp_pror",NA,FALSE
"h4l15","sx_sdq_peer_t4","T4 SDQ peer subscale","numeric","Symptom Scale","Other Scales",664,"ok","high",TRUE,4,"t4","T4","sx_sdq_peer",NA,FALSE
"h4l15","sx_sdq_peer_pror_t4","T4 SDQ peer subscale prorated","numeric","Symptom Scale","Other Scales",665,"ok","high",TRUE,4,"t4","T4","sx_sdq_peer_pror",NA,FALSE
"h4l15","sx_sdq_tot_t4","T4 SDQ total score","numeric","Symptom Scale","Other Scales",666,"ok","high",TRUE,4,"t4","T4","sx_sdq_tot",NA,FALSE
"h4l15","sx_sdq_tot_pror_t4","T4 SDQ total score prorated","numeric","Symptom Scale","Other Scales",667,"ok","high",TRUE,4,"t4","T4","sx_sdq_tot_pror",NA,FALSE
"cap17","sx_sdq_30_t4","T4- I don’t often show my feelings or emotions.","haven_labelled","Symptom Scale","Other Scales",668,"ok","high",TRUE,4,"t4","T4","sx_sdq_30","sx_sdq_30",TRUE
"cap17","sx_sdq_23_t4","T4- I get on better with adults than with people my own age.","haven_labelled","Symptom Scale","Other Scales",669,"ok","high",TRUE,4,"t4","T4","sx_sdq_23","sx_sdq_23",TRUE
"cap17","sx_surps_09_t4","T4- I like doing this that frighten me a little","haven_labelled","Symptom Scale","Other Scales",670,"ok","high",TRUE,4,"t4","T4","sx_surps_09","sx_surps_09",TRUE
"cap17","sx_rpq_11_t4","T4-Become angry or mad when you don’t get your way","haven_labelled","Symptom Scale","Other Scales",671,"ok","high",TRUE,4,"t4","T4","sx_rpq_11","sx_rpq_11",TRUE
"cap17","sx_rpq_21_t4","T4-Carried a weapon to use in a fight","haven_labelled","Symptom Scale","Other Scales",672,"ok","high",TRUE,4,"t4","T4","sx_rpq_21","sx_rpq_21",TRUE
"cap17","sx_rpq_08_t4","T4-Damaged things because you felt mad","haven_labelled","Symptom Scale","Other Scales",673,"ok","high",TRUE,4,"t4","T4","sx_rpq_08","sx_rpq_08",TRUE
"cap17","sx_rpq_16_t4","T4-Felt better after hitting or yelling at someone","haven_labelled","Symptom Scale","Other Scales",674,"ok","high",TRUE,4,"t4","T4","sx_rpq_16","sx_rpq_16",TRUE
"cap17","sx_surps_15_t4","T4-Generally, I am an impulsive person","haven_labelled","Symptom Scale","Other Scales",675,"ok","high",TRUE,4,"t4","T4","sx_surps_15","sx_surps_15",TRUE
"cap17","sx_rpq_22_t4","T4-Gotten angry or mad or hit others when teased","haven_labelled","Symptom Scale","Other Scales",676,"ok","high",TRUE,4,"t4","T4","sx_rpq_22","sx_rpq_22",TRUE
"cap17","sx_rpq_13_t4","T4-Gotten angry or mad when you lost a game","haven_labelled","Symptom Scale","Other Scales",677,"ok","high",TRUE,4,"t4","T4","sx_rpq_13","sx_rpq_13",TRUE
"cap17","sx_rpq_05_t4","T4-Gotten angry when frustrated","haven_labelled","Symptom Scale","Other Scales",678,"ok","high",TRUE,4,"t4","T4","sx_rpq_05","sx_rpq_05",TRUE
"cap17","sx_rpq_14_t4","T4-Gotten angry when others threatened you","haven_labelled","Symptom Scale","Other Scales",679,"ok","high",TRUE,4,"t4","T4","sx_rpq_14","sx_rpq_14",TRUE
"cap17","sx_rpq_20_t4","T4-Gotten others to gang up on someone else","haven_labelled","Symptom Scale","Other Scales",680,"ok","high",TRUE,4,"t4","T4","sx_rpq_20","sx_rpq_20",TRUE
"cap17","sx_rpq_09_t4","T4-Had a gang fight to be cool","haven_labelled","Symptom Scale","Other Scales",681,"ok","high",TRUE,4,"t4","T4","sx_rpq_09","sx_rpq_09",TRUE
"cap17","sx_rpq_02_t4","T4-Had fights with others to show who was on top","haven_labelled","Symptom Scale","Other Scales",682,"ok","high",TRUE,4,"t4","T4","sx_rpq_02","sx_rpq_02",TRUE
"cap17","sx_rpq_07_t4","T4-Had temper tantrums","haven_labelled","Symptom Scale","Other Scales",683,"ok","high",TRUE,4,"t4","T4","sx_rpq_07","sx_rpq_07",TRUE
"cap17","sx_rpq_19_t4","T4-Hit others to defend yourself","haven_labelled","Symptom Scale","Other Scales",684,"ok","high",TRUE,4,"t4","T4","sx_rpq_19","sx_rpq_19",TRUE
"cap17","sx_rses_07_t4","T4-How well can you control your temper?","haven_labelled","Symptom Scale","Other Scales",685,"ok","high",TRUE,4,"t4","T4","sx_rses_07","sx_rses_07",TRUE
"cap17","sx_rses_01_t4","T4-How well can you resist peer pressure to do things that might get you in trouble?","haven_labelled","Symptom Scale","Other Scales",686,"ok","high",TRUE,4,"t4","T4","sx_rses_01","sx_rses_01",TRUE
"cap17","sx_rses_04_t4","T4-How well can you resist peer pressure to drink?","haven_labelled","Symptom Scale","Other Scales",687,"ok","high",TRUE,4,"t4","T4","sx_rses_04","sx_rses_04",TRUE
"cap17","sx_rses_03_t4","T4-How well can you resist peer pressure to smoke cigarettes?","haven_labelled","Symptom Scale","Other Scales",688,"ok","high",TRUE,4,"t4","T4","sx_rses_03","sx_rses_03",TRUE
"cap17","sx_rses_06_t4","T4-How well can you resist peer pressure to use pills?","haven_labelled","Symptom Scale","Other Scales",689,"ok","high",TRUE,4,"t4","T4","sx_rses_06","sx_rses_06",TRUE
"cap17","sx_rses_05_t4","T4-How well can you resist pressure to smoke cannabis?","haven_labelled","Symptom Scale","Other Scales",690,"ok","high",TRUE,4,"t4","T4","sx_rses_05","sx_rses_05",TRUE
"cap17","sx_rses_08_t4","T4-How well can you stand up to someone who is asking you to do soemthing unreasonable or inconvenient?","haven_labelled","Symptom Scale","Other Scales",691,"ok","high",TRUE,4,"t4","T4","sx_rses_08","sx_rses_08",TRUE
"cap17","sx_rses_02_t4","T4-How well can you stop yourself skipping school when you feel bored or upset?","haven_labelled","Symptom Scale","Other Scales",692,"ok","high",TRUE,4,"t4","T4","sx_rses_02","sx_rses_02",TRUE
"cap17","sx_rpq_10_t4","T4-Hurt others to win a game","haven_labelled","Symptom Scale","Other Scales",693,"ok","high",TRUE,4,"t4","T4","sx_rpq_10","sx_rpq_10",TRUE
"cap17","sx_sdq_10_t4","T4-I am constantly fidgeting or squirming.","haven_labelled","Symptom Scale","Other Scales",694,"ok","high",TRUE,4,"t4","T4","sx_sdq_10","sx_sdq_10",TRUE
"cap17","sx_sdq_15_t4","T4-I am easily distracted. I find it difficult to concentrate.","haven_labelled","Symptom Scale","Other Scales",695,"ok","high",TRUE,4,"t4","T4","sx_sdq_15","sx_sdq_15",TRUE
"cap17","sx_sdq_29_t4","T4-I am good at keeping promises.","haven_labelled","Symptom Scale","Other Scales",696,"ok","high",TRUE,4,"t4","T4","sx_sdq_29","sx_sdq_29",TRUE
"cap17","sx_surps_16_t4","T4-I am interested in experience for its own sake, even if it's illegal","haven_labelled","Symptom Scale","Other Scales",697,"ok","high",TRUE,4,"t4","T4","sx_surps_16","sx_surps_16",TRUE
"cap17","sx_sdq_18_t4","T4-I am often accused of lying or cheating.","haven_labelled","Symptom Scale","Other Scales",698,"ok","high",TRUE,4,"t4","T4","sx_sdq_18","sx_sdq_18",TRUE
"cap17","sx_sdq_02_t4","T4-I am restless. I cannot stay still for long.","haven_labelled","Symptom Scale","Other Scales",699,"ok","high",TRUE,4,"t4","T4","sx_sdq_02","sx_sdq_02",TRUE
"cap17","sx_sdq_06_t4","T4-I am usually on my own.  I generally play alone or keep to myself.","haven_labelled","Symptom Scale","Other Scales",700,"ok","high",TRUE,4,"t4","T4","sx_sdq_06","sx_sdq_06",TRUE
"cap17","sx_surps_06_t4","T4-I enjoy new and exciting experiences even if they are unconventional","haven_labelled","Symptom Scale","Other Scales",701,"ok","high",TRUE,4,"t4","T4","sx_surps_06","sx_surps_06",TRUE
"cap17","sx_surps_22_t4","T4-I feel I have to be crafty or manipulative to get what I want","haven_labelled","Symptom Scale","Other Scales",702,"ok","high",TRUE,4,"t4","T4","sx_surps_22","sx_surps_22",TRUE
"cap17","sx_sdq_28_t4","T4-I feel bad or guilty when I do something wrong.","haven_labelled","Symptom Scale","Other Scales",703,"ok","high",TRUE,4,"t4","T4","sx_sdq_28","sx_sdq_28",TRUE
"cap17","sx_sdq_12_t4","T4-I fight a lot. I can make other people do what I want.","haven_labelled","Symptom Scale","Other Scales",704,"ok","high",TRUE,4,"t4","T4","sx_sdq_12","sx_sdq_12",TRUE
"cap17","sx_sdq_25_t4","T4-I finish the work I am doing. My attention is good.","haven_labelled","Symptom Scale","Other Scales",705,"ok","high",TRUE,4,"t4","T4","sx_sdq_25","sx_sdq_25",TRUE
"cap17","sx_sdq_03_t4","T4-I get a lot of headaches, stomach-aches, or sickness.","haven_labelled","Symptom Scale","Other Scales",706,"ok","high",TRUE,4,"t4","T4","sx_sdq_03","sx_sdq_03",TRUE
"cap17","sx_sdq_05_t4","T4-I get very angry and often lose my temper.","haven_labelled","Symptom Scale","Other Scales",707,"ok","high",TRUE,4,"t4","T4","sx_sdq_05","sx_sdq_05",TRUE
"cap17","sx_surps_02_t4","T4-I often don't think things through before I speak","haven_labelled","Symptom Scale","Other Scales",708,"ok","high",TRUE,4,"t4","T4","sx_surps_02","sx_surps_02",TRUE
"cap17","sx_sdq_26_t4","T4-I often forget things or make careless mistakes in school/work and other activities.","haven_labelled","Symptom Scale","Other Scales",709,"ok","high",TRUE,4,"t4","T4","sx_sdq_26","sx_sdq_26",TRUE
"cap17","sx_surps_05_t4","T4-I often involve myself in situations that I later regret being involved in","haven_labelled","Symptom Scale","Other Scales",710,"ok","high",TRUE,4,"t4","T4","sx_surps_05","sx_surps_05",TRUE
"cap17","sx_sdq_22_t4","T4-I take things that are not mine from home, school or elsewhere.","haven_labelled","Symptom Scale","Other Scales",711,"ok","high",TRUE,4,"t4","T4","sx_sdq_22","sx_sdq_22",TRUE
"cap17","sx_sdq_21_t4","T4-I think before I do things.","haven_labelled","Symptom Scale","Other Scales",712,"ok","high",TRUE,4,"t4","T4","sx_sdq_21","sx_sdq_21",TRUE
"cap17","sx_surps_11_t4","T4-I usually act without stopping to think","haven_labelled","Symptom Scale","Other Scales",713,"ok","high",TRUE,4,"t4","T4","sx_surps_11","sx_surps_11",TRUE
"cap17","sx_sdq_07_t4","T4-I usually do as I am told.","haven_labelled","Symptom Scale","Other Scales",714,"ok","high",TRUE,4,"t4","T4","sx_sdq_07","sx_sdq_07",TRUE
"cap17","sx_surps_19_t4","T4-I would enjoy hiking long distances in wild and uninhabited territory","haven_labelled","Symptom Scale","Other Scales",715,"ok","high",TRUE,4,"t4","T4","sx_surps_19","sx_surps_19",TRUE
"cap17","sx_surps_12_t4","T4-I would like to learn how to drive a motorcycle","haven_labelled","Symptom Scale","Other Scales",716,"ok","high",TRUE,4,"t4","T4","sx_surps_12","sx_surps_12",TRUE
"cap17","sx_surps_03_t4","T4-I would like to skydive","haven_labelled","Symptom Scale","Other Scales",717,"ok","high",TRUE,4,"t4","T4","sx_surps_03","sx_surps_03",TRUE
"cap17","sx_rpq_18_t4","T4-Made obscene phone calls for fun","haven_labelled","Symptom Scale","Other Scales",718,"ok","high",TRUE,4,"t4","T4","sx_rpq_18","sx_rpq_18",TRUE
"cap17","sx_sdq_19_t4","T4-Often children or young people pick on me or bully me.","haven_labelled","Symptom Scale","Other Scales",719,"ok","high",TRUE,4,"t4","T4","sx_sdq_19","sx_sdq_19",TRUE
"cap17","sx_rpq_03_t4","T4-Reacted angrily when provoked by others","haven_labelled","Symptom Scale","Other Scales",720,"ok","high",TRUE,4,"t4","T4","sx_rpq_03","sx_rpq_03",TRUE
"cap17","sx_rpq_04_t4","T4-Taken things from other students","haven_labelled","Symptom Scale","Other Scales",721,"ok","high",TRUE,4,"t4","T4","sx_rpq_04","sx_rpq_04",TRUE
"cap17","sx_rpq_17_t4","T4-Threatened and bullied someone","haven_labelled","Symptom Scale","Other Scales",722,"ok","high",TRUE,4,"t4","T4","sx_rpq_17","sx_rpq_17",TRUE
"cap17","sx_rpq_15_t4","T4-Used force to obtain money or things from others","haven_labelled","Symptom Scale","Other Scales",723,"ok","high",TRUE,4,"t4","T4","sx_rpq_15","sx_rpq_15",TRUE
"cap17","sx_rpq_12_t4","T4-Used physical force to get others to do what you want","haven_labelled","Symptom Scale","Other Scales",724,"ok","high",TRUE,4,"t4","T4","sx_rpq_12","sx_rpq_12",TRUE
"cap17","sx_rpq_06_t4","T4-Vandalized something for fun","haven_labelled","Symptom Scale","Other Scales",725,"ok","high",TRUE,4,"t4","T4","sx_rpq_06","sx_rpq_06",TRUE
"cap17","sx_rpq_23_t4","T4-Yelled at others so they would do things for you","haven_labelled","Symptom Scale","Other Scales",726,"ok","high",TRUE,4,"t4","T4","sx_rpq_23","sx_rpq_23",TRUE
"cap17","sx_rpq_01_t4","T4-Yelled at others when they have annoyed you?","haven_labelled","Symptom Scale","Other Scales",727,"ok","high",TRUE,4,"t4","T4","sx_rpq_01","sx_rpq_01",TRUE
"cap17","sx_surps_imp_sum_t4","T4_Total IMP score","numeric","Symptom Scale","Other Scales",728,"ok","high",TRUE,4,"t4","T4","sx_surps_imp_sum",NA,FALSE
"cap17","sx_surps_nt_sum_t4","T4_Total NT score","numeric","Symptom Scale","Other Scales",729,"ok","high",TRUE,4,"t4","T4","sx_surps_nt_sum",NA,FALSE
"cap17","sx_surps_ss_sum_t4","T4_Total SS score","numeric","Symptom Scale","Other Scales",730,"ok","high",TRUE,4,"t4","T4","sx_surps_ss_sum",NA,FALSE
"cap17","sx_sdq_con_band_t5","T5 Conduct Problems Band","haven_labelled","Symptom Scale","Other Scales",731,"ok","high",TRUE,5,"t5","T5","sx_sdq_con_band","sx_sdq_con_band",TRUE
"cap17","sx_sdq_con_t5","T5 Conduct Problems subscale score","numeric","Symptom Scale","Other Scales",732,"ok","high",TRUE,5,"t5","T5","sx_sdq_con",NA,FALSE
"cap17","sx_dmqrsoc_sum_t5","T5 DM Social Total Score for DMQ-R","numeric","Symptom Scale","Other Scales",733,"ok","high",TRUE,5,"t5","T5","sx_dmqrsoc_sum",NA,FALSE
"cap17","sx_sdq_hyp_band_t5","T5 Hyperactivity Band","haven_labelled","Symptom Scale","Other Scales",734,"ok","high",TRUE,5,"t5","T5","sx_sdq_hyp_band","sx_sdq_hyp_band",TRUE
"cap17","sx_sdq_hyp_t5","T5 Hyperactivity subscale score","numeric","Symptom Scale","Other Scales",735,"ok","high",TRUE,5,"t5","T5","sx_sdq_hyp",NA,FALSE
"cap17","sx_sdq_peer_band_t5","T5 Peer Relationship Problems Band","haven_labelled","Symptom Scale","Other Scales",736,"ok","high",TRUE,5,"t5","T5","sx_sdq_peer_band","sx_sdq_peer_band",TRUE
"cap17","sx_sdq_peer_t5","T5 Peer Relationship Problems subscale score","numeric","Symptom Scale","Other Scales",737,"ok","high",TRUE,5,"t5","T5","sx_sdq_peer",NA,FALSE
"cap17","sc_rpq_sum_t5","T5 RPQ Total score","numeric","Symptom Scale","Other Scales",738,"ok","medium",TRUE,5,"t5","T5","sc_rpq_sum",NA,FALSE
"cap17","sc_rpq_proa_sum_t5","T5 RPQ proactive score","numeric","Symptom Scale","Other Scales",739,"ok","medium",TRUE,5,"t5","T5","sc_rpq_proa_sum",NA,FALSE
"cap17","sx_rpq_reac_sum_t5","T5 RPQ reactive score","numeric","Symptom Scale","Other Scales",740,"ok","high",TRUE,5,"t5","T5","sx_rpq_reac_sum",NA,FALSE
"h4l15","sx_sdq_con_t5","T5 SDQ conduct problems subscale","numeric","Symptom Scale","Other Scales",741,"ok","high",TRUE,5,"t5","T5","sx_sdq_con",NA,FALSE
"h4l15","sx_sdq_con_pror_t5","T5 SDQ conduct problems subscale prorated","numeric","Symptom Scale","Other Scales",742,"ok","high",TRUE,5,"t5","T5","sx_sdq_con_pror",NA,FALSE
"h4l15","sx_sdq_hyp_t5","T5 SDQ hyperactivity subscale","numeric","Symptom Scale","Other Scales",743,"ok","high",TRUE,5,"t5","T5","sx_sdq_hyp",NA,FALSE
"h4l15","sx_sdq_hyp_pror_t5","T5 SDQ hyperactivity subscale prorated","numeric","Symptom Scale","Other Scales",744,"ok","high",TRUE,5,"t5","T5","sx_sdq_hyp_pror",NA,FALSE
"h4l15","sx_sdq_peer_t5","T5 SDQ peer subscale","numeric","Symptom Scale","Other Scales",745,"ok","high",TRUE,5,"t5","T5","sx_sdq_peer",NA,FALSE
"h4l15","sx_sdq_peer_pror_t5","T5 SDQ peer subscale prorated","numeric","Symptom Scale","Other Scales",746,"ok","high",TRUE,5,"t5","T5","sx_sdq_peer_pror",NA,FALSE
"h4l15","sx_sdq_tot_t5","T5 SDQ total score","numeric","Symptom Scale","Other Scales",747,"ok","high",TRUE,5,"t5","T5","sx_sdq_tot",NA,FALSE
"h4l15","sx_sdq_tot_pror_t5","T5 SDQ total score prorated","numeric","Symptom Scale","Other Scales",748,"ok","high",TRUE,5,"t5","T5","sx_sdq_tot_pror",NA,FALSE
"cap17","sx_sdq_23_t5","T5- I get on better with adults than with people my own age.","haven_labelled","Symptom Scale","Other Scales",749,"ok","high",TRUE,5,"t5","T5","sx_sdq_23","sx_sdq_23",TRUE
"cap17","sx_surps_09_t5","T5- I like doing this that frighten me a little","haven_labelled","Symptom Scale","Other Scales",750,"ok","high",TRUE,5,"t5","T5","sx_surps_09","sx_surps_09",TRUE
"cap17","sx_rpq_11_t5","T5-Become angry or mad when you don’t get your way","haven_labelled","Symptom Scale","Other Scales",751,"ok","high",TRUE,5,"t5","T5","sx_rpq_11","sx_rpq_11",TRUE
"cap17","sx_rpq_21_t5","T5-Carried a weapon to use in a fight","haven_labelled","Symptom Scale","Other Scales",752,"ok","high",TRUE,5,"t5","T5","sx_rpq_21","sx_rpq_21",TRUE
"cap17","sx_sdq_19_t5","T5-Children or young people pick on me or bully me.","haven_labelled","Symptom Scale","Other Scales",753,"ok","high",TRUE,5,"t5","T5","sx_sdq_19","sx_sdq_19",TRUE
"cap17","sx_rpq_08_t5","T5-Damaged things because you felt mad","haven_labelled","Symptom Scale","Other Scales",754,"ok","high",TRUE,5,"t5","T5","sx_rpq_08","sx_rpq_08",TRUE
"cap17","sx_rpq_16_t5","T5-Felt better after hitting or yelling at someone","haven_labelled","Symptom Scale","Other Scales",755,"ok","high",TRUE,5,"t5","T5","sx_rpq_16","sx_rpq_16",TRUE
"cap17","sx_surps_15_t5","T5-Generally, I am an impulsive person","haven_labelled","Symptom Scale","Other Scales",756,"ok","high",TRUE,5,"t5","T5","sx_surps_15","sx_surps_15",TRUE
"cap17","sx_rpq_22_t5","T5-Gotten angry or mad or hit others when teased","haven_labelled","Symptom Scale","Other Scales",757,"ok","high",TRUE,5,"t5","T5","sx_rpq_22","sx_rpq_22",TRUE
"cap17","sx_rpq_13_t5","T5-Gotten angry or mad when you lost a game","haven_labelled","Symptom Scale","Other Scales",758,"ok","high",TRUE,5,"t5","T5","sx_rpq_13","sx_rpq_13",TRUE
"cap17","sx_rpq_05_t5","T5-Gotten angry when frustrated","haven_labelled","Symptom Scale","Other Scales",759,"ok","high",TRUE,5,"t5","T5","sx_rpq_05","sx_rpq_05",TRUE
"cap17","sx_rpq_14_t5","T5-Gotten angry when others threatened you","haven_labelled","Symptom Scale","Other Scales",760,"ok","high",TRUE,5,"t5","T5","sx_rpq_14","sx_rpq_14",TRUE
"cap17","sx_rpq_20_t5","T5-Gotten others to gang up on someone else","haven_labelled","Symptom Scale","Other Scales",761,"ok","high",TRUE,5,"t5","T5","sx_rpq_20","sx_rpq_20",TRUE
"cap17","sx_rpq_09_t5","T5-Had a gang fight to be cool","haven_labelled","Symptom Scale","Other Scales",762,"ok","high",TRUE,5,"t5","T5","sx_rpq_09","sx_rpq_09",TRUE
"cap17","sx_rpq_02_t5","T5-Had fights with others to show who was on top","haven_labelled","Symptom Scale","Other Scales",763,"ok","high",TRUE,5,"t5","T5","sx_rpq_02","sx_rpq_02",TRUE
"cap17","sx_rpq_07_t5","T5-Had temper tantrums","haven_labelled","Symptom Scale","Other Scales",764,"ok","high",TRUE,5,"t5","T5","sx_rpq_07","sx_rpq_07",TRUE
"cap17","sx_rpq_19_t5","T5-Hit others to defend yourself","haven_labelled","Symptom Scale","Other Scales",765,"ok","high",TRUE,5,"t5","T5","sx_rpq_19","sx_rpq_19",TRUE
"cap17","sx_rses_07_t5","T5-How well can you control your temper?","haven_labelled","Symptom Scale","Other Scales",766,"ok","high",TRUE,5,"t5","T5","sx_rses_07","sx_rses_07",TRUE
"cap17","sx_rses_01_t5","T5-How well can you resist peer pressure to do things that might get you in trouble?","haven_labelled","Symptom Scale","Other Scales",767,"ok","high",TRUE,5,"t5","T5","sx_rses_01","sx_rses_01",TRUE
"cap17","sx_rses_04_t5","T5-How well can you resist peer pressure to drink?","haven_labelled","Symptom Scale","Other Scales",768,"ok","high",TRUE,5,"t5","T5","sx_rses_04","sx_rses_04",TRUE
"cap17","sx_rses_03_t5","T5-How well can you resist peer pressure to smoke cigarettes?","haven_labelled","Symptom Scale","Other Scales",769,"ok","high",TRUE,5,"t5","T5","sx_rses_03","sx_rses_03",TRUE
"cap17","sx_rses_06_t5","T5-How well can you resist peer pressure to use pills?","haven_labelled","Symptom Scale","Other Scales",770,"ok","high",TRUE,5,"t5","T5","sx_rses_06","sx_rses_06",TRUE
"cap17","sx_rses_05_t5","T5-How well can you resist pressure to smoke cannabis?","haven_labelled","Symptom Scale","Other Scales",771,"ok","high",TRUE,5,"t5","T5","sx_rses_05","sx_rses_05",TRUE
"cap17","sx_rses_08_t5","T5-How well can you stand up to someone who is asking you to do soemthing unreasonable or inconvenient?","haven_labelled","Symptom Scale","Other Scales",772,"ok","high",TRUE,5,"t5","T5","sx_rses_08","sx_rses_08",TRUE
"cap17","sx_rses_02_t5","T5-How well can you stop yourself skipping school when you feel bored or upset?","haven_labelled","Symptom Scale","Other Scales",773,"ok","high",TRUE,5,"t5","T5","sx_rses_02","sx_rses_02",TRUE
"cap17","sx_rpq_10_t5","T5-Hurt others to win a game","haven_labelled","Symptom Scale","Other Scales",774,"ok","high",TRUE,5,"t5","T5","sx_rpq_10","sx_rpq_10",TRUE
"cap17","sx_sdq_10_t5","T5-I am constantly fidgeting or squirming.","haven_labelled","Symptom Scale","Other Scales",775,"ok","high",TRUE,5,"t5","T5","sx_sdq_10","sx_sdq_10",TRUE
"cap17","sx_sdq_15_t5","T5-I am easily distracted. I find it difficult to concentrate.","haven_labelled","Symptom Scale","Other Scales",776,"ok","high",TRUE,5,"t5","T5","sx_sdq_15","sx_sdq_15",TRUE
"cap17","sx_surps_16_t5","T5-I am interested in experience for its own sake, even if it's illegal","haven_labelled","Symptom Scale","Other Scales",777,"ok","high",TRUE,5,"t5","T5","sx_surps_16","sx_surps_16",TRUE
"cap17","sx_sdq_18_t5","T5-I am often accused of lying or cheating.","haven_labelled","Symptom Scale","Other Scales",778,"ok","high",TRUE,5,"t5","T5","sx_sdq_18","sx_sdq_18",TRUE
"cap17","sx_sdq_02_t5","T5-I am restless. I cannot stay still for long.","haven_labelled","Symptom Scale","Other Scales",779,"ok","high",TRUE,5,"t5","T5","sx_sdq_02","sx_sdq_02",TRUE
"cap17","sx_sdq_06_t5","T5-I am usually on my own.  I generally play alone or keep to myself.","haven_labelled","Symptom Scale","Other Scales",780,"ok","high",TRUE,5,"t5","T5","sx_sdq_06","sx_sdq_06",TRUE
"cap17","sx_surps_06_t5","T5-I enjoy new and exciting experiences even if they are unconventional","haven_labelled","Symptom Scale","Other Scales",781,"ok","high",TRUE,5,"t5","T5","sx_surps_06","sx_surps_06",TRUE
"cap17","sx_surps_22_t5","T5-I feel I have to be crafty or manipulative to get what I want","haven_labelled","Symptom Scale","Other Scales",782,"ok","high",TRUE,5,"t5","T5","sx_surps_22","sx_surps_22",TRUE
"cap17","sx_sdq_12_t5","T5-I fight a lot. I can make other people do what I want.","haven_labelled","Symptom Scale","Other Scales",783,"ok","high",TRUE,5,"t5","T5","sx_sdq_12","sx_sdq_12",TRUE
"cap17","sx_sdq_25_t5","T5-I finish the work I am doing. My attention is good.","haven_labelled","Symptom Scale","Other Scales",784,"ok","high",TRUE,5,"t5","T5","sx_sdq_25","sx_sdq_25",TRUE
"cap17","sx_sdq_03_t5","T5-I get a lot of headaches, stomach-aches, or sickness.","haven_labelled","Symptom Scale","Other Scales",785,"ok","high",TRUE,5,"t5","T5","sx_sdq_03","sx_sdq_03",TRUE
"cap17","sx_sdq_05_t5","T5-I get very angry and often lose my temper.","haven_labelled","Symptom Scale","Other Scales",786,"ok","high",TRUE,5,"t5","T5","sx_sdq_05","sx_sdq_05",TRUE
"cap17","sx_surps_02_t5","T5-I often don't think things through before I speak","haven_labelled","Symptom Scale","Other Scales",787,"ok","high",TRUE,5,"t5","T5","sx_surps_02","sx_surps_02",TRUE
"cap17","sx_surps_05_t5","T5-I often involve myself in situations that I later regret being involved in","haven_labelled","Symptom Scale","Other Scales",788,"ok","high",TRUE,5,"t5","T5","sx_surps_05","sx_surps_05",TRUE
"cap17","sx_sdq_22_t5","T5-I take things that are not mine from home, school or elsewhere.","haven_labelled","Symptom Scale","Other Scales",789,"ok","high",TRUE,5,"t5","T5","sx_sdq_22","sx_sdq_22",TRUE
"cap17","sx_sdq_21_t5","T5-I think before I do things.","haven_labelled","Symptom Scale","Other Scales",790,"ok","high",TRUE,5,"t5","T5","sx_sdq_21","sx_sdq_21",TRUE
"cap17","sx_surps_11_t5","T5-I usually act without stopping to think","haven_labelled","Symptom Scale","Other Scales",791,"ok","high",TRUE,5,"t5","T5","sx_surps_11","sx_surps_11",TRUE
"cap17","sx_sdq_07_t5","T5-I usually do as I am told.","haven_labelled","Symptom Scale","Other Scales",792,"ok","high",TRUE,5,"t5","T5","sx_sdq_07","sx_sdq_07",TRUE
"cap17","sx_surps_19_t5","T5-I would enjoy hiking long distances in wild and uninhabited territory","haven_labelled","Symptom Scale","Other Scales",793,"ok","high",TRUE,5,"t5","T5","sx_surps_19","sx_surps_19",TRUE
"cap17","sx_surps_12_t5","T5-I would like to learn how to drive a motorcycle","haven_labelled","Symptom Scale","Other Scales",794,"ok","high",TRUE,5,"t5","T5","sx_surps_12","sx_surps_12",TRUE
"cap17","sx_surps_03_t5","T5-I would like to skydive","haven_labelled","Symptom Scale","Other Scales",795,"ok","high",TRUE,5,"t5","T5","sx_surps_03","sx_surps_03",TRUE
"cap17","sx_rpq_18_t5","T5-Made obscene phone calls for fun","haven_labelled","Symptom Scale","Other Scales",796,"ok","high",TRUE,5,"t5","T5","sx_rpq_18","sx_rpq_18",TRUE
"cap17","sx_rpq_03_t5","T5-Reacted angrily when provoked by others","haven_labelled","Symptom Scale","Other Scales",797,"ok","high",TRUE,5,"t5","T5","sx_rpq_03","sx_rpq_03",TRUE
"cap17","sx_rpq_04_t5","T5-Taken things from other students","haven_labelled","Symptom Scale","Other Scales",798,"ok","high",TRUE,5,"t5","T5","sx_rpq_04","sx_rpq_04",TRUE
"cap17","sx_rpq_17_t5","T5-Threatened and bullied someone","haven_labelled","Symptom Scale","Other Scales",799,"ok","high",TRUE,5,"t5","T5","sx_rpq_17","sx_rpq_17",TRUE
"cap17","sx_rpq_15_t5","T5-Used force to obtain money or things from others","haven_labelled","Symptom Scale","Other Scales",800,"ok","high",TRUE,5,"t5","T5","sx_rpq_15","sx_rpq_15",TRUE
"cap17","sx_rpq_12_t5","T5-Used physical force to get others to do what you want","haven_labelled","Symptom Scale","Other Scales",801,"ok","high",TRUE,5,"t5","T5","sx_rpq_12","sx_rpq_12",TRUE
"cap17","sx_rpq_06_t5","T5-Vandalized something for fun","haven_labelled","Symptom Scale","Other Scales",802,"ok","high",TRUE,5,"t5","T5","sx_rpq_06","sx_rpq_06",TRUE
"cap17","sx_rpq_23_t5","T5-Yelled at others so they would do things for you","haven_labelled","Symptom Scale","Other Scales",803,"ok","high",TRUE,5,"t5","T5","sx_rpq_23","sx_rpq_23",TRUE
"cap17","sx_rpq_01_t5","T5-Yelled at others when they have annoyed you?","haven_labelled","Symptom Scale","Other Scales",804,"ok","high",TRUE,5,"t5","T5","sx_rpq_01","sx_rpq_01",TRUE
"cap17","sx_surps_imp_sum_t5","T5_Total IMP score","numeric","Symptom Scale","Other Scales",805,"ok","high",TRUE,5,"t5","T5","sx_surps_imp_sum",NA,FALSE
"cap17","sx_surps_nt_sum_t5","T5_Total NT score","numeric","Symptom Scale","Other Scales",806,"ok","high",TRUE,5,"t5","T5","sx_surps_nt_sum",NA,FALSE
"cap17","sx_surps_ss_sum_t5","T5_Total SS score","numeric","Symptom Scale","Other Scales",807,"ok","high",TRUE,5,"t5","T5","sx_surps_ss_sum",NA,FALSE
"cap17","sc_rpq_sum_t1","Time 1 RPQ Total score","numeric","Symptom Scale","Other Scales",808,"ok","medium",TRUE,1,"t1","T1","sc_rpq_sum",NA,FALSE
"cap17","sc_rpq_proa_sum_t1","Time 1 RPQ proactive score","numeric","Symptom Scale","Other Scales",809,"ok","medium",TRUE,1,"t1","T1","sc_rpq_proa_sum",NA,FALSE
"cap17","sx_rpq_reac_sum_t1","Time 1 RPQ reactive score","numeric","Symptom Scale","Other Scales",810,"ok","high",TRUE,1,"t1","T1","sx_rpq_reac_sum",NA,FALSE
"cap17","sx_surps_grp_sch_t1","Time 1 Surps group, based on individual school mean and SD","haven_labelled","Symptom Scale","Other Scales",811,"ok","high",TRUE,1,"t1","T1","sx_surps_grp_sch","sx_surps_grp_sch",TRUE
"cap17","sx_surps_grp_pop_t1","Time 1 Surps group, based on population mean and SD","haven_labelled","Symptom Scale","Other Scales",812,"ok","high",TRUE,1,"t1","T1","sx_surps_grp_pop","sx_surps_grp_pop",TRUE
"cap17","sx_surps_imp_sum_t1","Time 1 Total IMP score","numeric","Symptom Scale","Other Scales",813,"ok","high",TRUE,1,"t1","T1","sx_surps_imp_sum",NA,FALSE
"cap17","sx_surps_ss_sum_t1","Time 1 Total SS score","numeric","Symptom Scale","Other Scales",814,"ok","high",TRUE,1,"t1","T1","sx_surps_ss_sum",NA,FALSE
"cap17","sx_surps_nt_sum_t1","Time 1Total NT score","numeric","Symptom Scale","Other Scales",815,"ok","high",TRUE,1,"t1","T1","sx_surps_nt_sum",NA,FALSE
"cap17","sx_sdq_con_band_t2","Time 2 Conduct Problems Band","haven_labelled","Symptom Scale","Other Scales",816,"ok","high",TRUE,2,"t2","T2","sx_sdq_con_band","sx_sdq_con_band",TRUE
"cap17","sx_sdq_con_t2","Time 2 Conduct Problems subscale score","numeric","Symptom Scale","Other Scales",817,"ok","high",TRUE,2,"t2","T2","sx_sdq_con",NA,FALSE
"cap17","sx_sdq_hyp_band_t2","Time 2 Hyperactivity Band","haven_labelled","Symptom Scale","Other Scales",818,"ok","high",TRUE,2,"t2","T2","sx_sdq_hyp_band","sx_sdq_hyp_band",TRUE
"cap17","sx_sdq_hyp_t2","Time 2 Hyperactivity subscale score","numeric","Symptom Scale","Other Scales",819,"ok","high",TRUE,2,"t2","T2","sx_sdq_hyp",NA,FALSE
"cap17","sx_sdq_peer_band_t2","Time 2 Peer Relationship Problems Band","haven_labelled","Symptom Scale","Other Scales",820,"ok","high",TRUE,2,"t2","T2","sx_sdq_peer_band","sx_sdq_peer_band",TRUE
"cap17","sx_sdq_peer_t2","Time 2 Peer Relationship Problems subscale score","numeric","Symptom Scale","Other Scales",821,"ok","high",TRUE,2,"t2","T2","sx_sdq_peer",NA,FALSE
"cap17","sc_rpq_sum_t2","Time 2 RPQ Total score","numeric","Symptom Scale","Other Scales",822,"ok","medium",TRUE,2,"t2","T2","sc_rpq_sum",NA,FALSE
"cap17","sc_rpq_proa_sum_t2","Time 2 RPQ proactive score","numeric","Symptom Scale","Other Scales",823,"ok","medium",TRUE,2,"t2","T2","sc_rpq_proa_sum",NA,FALSE
"cap17","sx_rpq_reac_sum_t2","Time 2 RPQ reactive score","numeric","Symptom Scale","Other Scales",824,"ok","high",TRUE,2,"t2","T2","sx_rpq_reac_sum",NA,FALSE
"cap17","sx_surps_grp_sch_t2","Time 2 Surps group, based on individual school mean and SD","haven_labelled","Symptom Scale","Other Scales",825,"ok","high",TRUE,2,"t2","T2","sx_surps_grp_sch","sx_surps_grp_sch",TRUE
"cap17","sx_surps_grp_pop_t2","Time 2 Surps group, based on population mean and SD","haven_labelled","Symptom Scale","Other Scales",826,"ok","high",TRUE,2,"t2","T2","sx_surps_grp_pop","sx_surps_grp_pop",TRUE
"cap17","sx_surps_imp_sum_t2","Time 2 Total IMP score","numeric","Symptom Scale","Other Scales",827,"ok","high",TRUE,2,"t2","T2","sx_surps_imp_sum",NA,FALSE
"cap17","sx_surps_nt_sum_t2","Time 2 Total NT score","numeric","Symptom Scale","Other Scales",828,"ok","high",TRUE,2,"t2","T2","sx_surps_nt_sum",NA,FALSE
"cap17","sx_surps_ss_sum_t2","Time 2 Total SS score","numeric","Symptom Scale","Other Scales",829,"ok","high",TRUE,2,"t2","T2","sx_surps_ss_sum",NA,FALSE
"cap17","sx_surps_grp_sch_t3","Time 3 Surps group, based on individual school mean and SD","haven_labelled","Symptom Scale","Other Scales",830,"ok","high",TRUE,3,"t3","T3","sx_surps_grp_sch","sx_surps_grp_sch",TRUE
"cap17","sx_surps_grp_pop_t3","Time 3 Surps group, based on population mean and SD","haven_labelled","Symptom Scale","Other Scales",831,"ok","high",TRUE,3,"t3","T3","sx_surps_grp_pop","sx_surps_grp_pop",TRUE
"cap17","sx_surps_grp_sch_t4","Time 4 Surps group, based on individual school mean and SD","haven_labelled","Symptom Scale","Other Scales",832,"ok","high",TRUE,4,"t4","T4","sx_surps_grp_sch","sx_surps_grp_sch",TRUE
"cap17","sx_surps_grp_pop_t4","Time 4 Surps group, based on population mean and SD","haven_labelled","Symptom Scale","Other Scales",833,"ok","high",TRUE,4,"t4","T4","sx_surps_grp_pop","sx_surps_grp_pop",TRUE
"cap17","sx_surps_grp_sch_t5","Time 5 Surps group, based on individual school mean and SD","haven_labelled","Symptom Scale","Other Scales",834,"ok","high",TRUE,5,"t5","T5","sx_surps_grp_sch","sx_surps_grp_sch",TRUE
"cap17","sx_surps_grp_pop_t5","Time 5 Surps group, based on population mean and SD","haven_labelled","Symptom Scale","Other Scales",835,"ok","high",TRUE,5,"t5","T5","sx_surps_grp_pop","sx_surps_grp_pop",TRUE
"cap17","sx_rpq_11_t6","Time 6 Become angry or mad when you don't get your way?","haven_labelled","Symptom Scale","Other Scales",836,"ok","high",TRUE,6,"t6","T6","sx_rpq_11","sx_rpq_11",TRUE
"cap17","sx_rpq_21_t6","Time 6 Carried a weapon to use in a fight?","haven_labelled","Symptom Scale","Other Scales",837,"ok","high",TRUE,6,"t6","T6","sx_rpq_21","sx_rpq_21",TRUE
"cap17","sx_sdq_con_band_t6","Time 6 Conduct Problems Band","haven_labelled","Symptom Scale","Other Scales",838,"ok","high",TRUE,6,"t6","T6","sx_sdq_con_band","sx_sdq_con_band",TRUE
"cap17","sx_sdq_con_t6","Time 6 Conduct Problems subscale score","numeric","Symptom Scale","Other Scales",839,"ok","high",TRUE,6,"t6","T6","sx_sdq_con",NA,FALSE
"cap17","sx_rpq_08_t6","Time 6 Damaged things because you felt mad?","haven_labelled","Symptom Scale","Other Scales",840,"ok","high",TRUE,6,"t6","T6","sx_rpq_08","sx_rpq_08",TRUE
"cap17","sx_rpq_16_t6","Time 6 Felt better after hitting or yelling at someone?","haven_labelled","Symptom Scale","Other Scales",841,"ok","high",TRUE,6,"t6","T6","sx_rpq_16","sx_rpq_16",TRUE
"cap17","sx_surps_15_t6","Time 6 Generally, I am an impulsive person (a person who does things 'on the spur of the moment', without thinking of what the consequences (outcome/result) will be).","haven_labelled","Symptom Scale","Other Scales",842,"ok","high",TRUE,6,"t6","T6","sx_surps_15","sx_surps_15",TRUE
"cap17","sx_rpq_22_t6","Time 6 Gotten angry or mad or hit others when teased?","haven_labelled","Symptom Scale","Other Scales",843,"ok","high",TRUE,6,"t6","T6","sx_rpq_22","sx_rpq_22",TRUE
"cap17","sx_rpq_13_t6","Time 6 Gotten angry or mad when you lost a game?","haven_labelled","Symptom Scale","Other Scales",844,"ok","high",TRUE,6,"t6","T6","sx_rpq_13","sx_rpq_13",TRUE
"cap17","sx_rpq_05_t6","Time 6 Gotten angry when frustrated?","haven_labelled","Symptom Scale","Other Scales",845,"ok","high",TRUE,6,"t6","T6","sx_rpq_05","sx_rpq_05",TRUE
"cap17","sx_rpq_14_t6","Time 6 Gotten angry when others threatened you?","haven_labelled","Symptom Scale","Other Scales",846,"ok","high",TRUE,6,"t6","T6","sx_rpq_14","sx_rpq_14",TRUE
"cap17","sx_rpq_20_t6","Time 6 Gotten others to gang up on someone else?","haven_labelled","Symptom Scale","Other Scales",847,"ok","high",TRUE,6,"t6","T6","sx_rpq_20","sx_rpq_20",TRUE
"cap17","sx_rpq_09_t6","Time 6 Had a gang fight to be cool?","haven_labelled","Symptom Scale","Other Scales",848,"ok","high",TRUE,6,"t6","T6","sx_rpq_09","sx_rpq_09",TRUE
"cap17","sx_rpq_02_t6","Time 6 Had fights with others to show who was on top?","haven_labelled","Symptom Scale","Other Scales",849,"ok","high",TRUE,6,"t6","T6","sx_rpq_02","sx_rpq_02",TRUE
"cap17","sx_rpq_07_t6","Time 6 Had temper tantrums?","haven_labelled","Symptom Scale","Other Scales",850,"ok","high",TRUE,6,"t6","T6","sx_rpq_07","sx_rpq_07",TRUE
"cap17","sx_rpq_19_t6","Time 6 Hit others to defend yourself?","haven_labelled","Symptom Scale","Other Scales",851,"ok","high",TRUE,6,"t6","T6","sx_rpq_19","sx_rpq_19",TRUE
"cap17","sx_rpq_10_t6","Time 6 Hurt others to win a game?","haven_labelled","Symptom Scale","Other Scales",852,"ok","high",TRUE,6,"t6","T6","sx_rpq_10","sx_rpq_10",TRUE
"cap17","sx_sdq_hyp_band_t6","Time 6 Hyperactivity Band","haven_labelled","Symptom Scale","Other Scales",853,"ok","high",TRUE,6,"t6","T6","sx_sdq_hyp_band","sx_sdq_hyp_band",TRUE
"cap17","sx_sdq_hyp_t6","Time 6 Hyperactivity subscale score","numeric","Symptom Scale","Other Scales",854,"ok","high",TRUE,6,"t6","T6","sx_sdq_hyp",NA,FALSE
"cap17","sx_sdq_10_t6","Time 6 I am constantly fidgeting or squirming.","haven_labelled","Symptom Scale","Other Scales",855,"ok","high",TRUE,6,"t6","T6","sx_sdq_10","sx_sdq_10",TRUE
"cap17","sx_sdq_15_t6","Time 6 I am easily distracted. I find it difficult to concentrate.","haven_labelled","Symptom Scale","Other Scales",856,"ok","high",TRUE,6,"t6","T6","sx_sdq_15","sx_sdq_15",TRUE
"cap17","sx_sdq_07_t6","Time 6 I am generally willing to do what other people want.","haven_labelled","Symptom Scale","Other Scales",857,"ok","high",TRUE,6,"t6","T6","sx_sdq_07","sx_sdq_07",TRUE
"cap17","sx_surps_16_t6","Time 6 I am interested in experience for its own sake, even if it is illegal.","haven_labelled","Symptom Scale","Other Scales",858,"ok","high",TRUE,6,"t6","T6","sx_surps_16","sx_surps_16",TRUE
"cap17","sx_sdq_18_t6","Time 6 I am often accused of lying or cheating.","haven_labelled","Symptom Scale","Other Scales",859,"ok","high",TRUE,6,"t6","T6","sx_sdq_18","sx_sdq_18",TRUE
"cap17","sx_sdq_02_t6","Time 6 I am restless, I cannot stay still for long.","haven_labelled","Symptom Scale","Other Scales",860,"ok","high",TRUE,6,"t6","T6","sx_sdq_02","sx_sdq_02",TRUE
"cap17","sx_surps_06_t6","Time 6 I enjoy new and exciting experiences even if they are unconventional (out of the ordinary).","haven_labelled","Symptom Scale","Other Scales",861,"ok","high",TRUE,6,"t6","T6","sx_surps_06","sx_surps_06",TRUE
"cap17","sx_surps_22_t6","Time 6 I feel I have to be crafty or manipulative (sneaky) to get what I want.","haven_labelled","Symptom Scale","Other Scales",862,"ok","high",TRUE,6,"t6","T6","sx_surps_22","sx_surps_22",TRUE
"cap17","sx_sdq_12_t6","Time 6 I fight a lot. I can make other people do what I want.","haven_labelled","Symptom Scale","Other Scales",863,"ok","high",TRUE,6,"t6","T6","sx_sdq_12","sx_sdq_12",TRUE
"cap17","sx_sdq_25_t6","Time 6 I finish the work I am doing. My attention is good.","haven_labelled","Symptom Scale","Other Scales",864,"ok","high",TRUE,6,"t6","T6","sx_sdq_25","sx_sdq_25",TRUE
"cap17","sx_sdq_03_t6","Time 6 I get a lot of headaches, stomach-aches, or sickness.","haven_labelled","Symptom Scale","Other Scales",865,"ok","high",TRUE,6,"t6","T6","sx_sdq_03","sx_sdq_03",TRUE
"cap17","sx_sdq_23_t6","Time 6 I get on better with older people than with people of my own age.","haven_labelled","Symptom Scale","Other Scales",866,"ok","high",TRUE,6,"t6","T6","sx_sdq_23","sx_sdq_23",TRUE
"cap17","sx_sdq_05_t6","Time 6 I get very angry and often lose my temper.","haven_labelled","Symptom Scale","Other Scales",867,"ok","high",TRUE,6,"t6","T6","sx_sdq_05","sx_sdq_05",TRUE
"cap17","sx_surps_09_t6","Time 6 I like doing things that frighten me a little.","haven_labelled","Symptom Scale","Other Scales",868,"ok","high",TRUE,6,"t6","T6","sx_surps_09","sx_surps_09",TRUE
"cap17","sx_surps_02_t6","Time 6 I often don't think things through before I speak.","haven_labelled","Symptom Scale","Other Scales",869,"ok","high",TRUE,6,"t6","T6","sx_surps_02","sx_surps_02",TRUE
"cap17","sx_surps_05_t6","Time 6 I often involve myself in situations that I later regret being involved in.","haven_labelled","Symptom Scale","Other Scales",870,"ok","high",TRUE,6,"t6","T6","sx_surps_05","sx_surps_05",TRUE
"cap17","sx_sdq_22_t6","Time 6 I take things that are not mine from home, work or elsewhere.","haven_labelled","Symptom Scale","Other Scales",871,"ok","high",TRUE,6,"t6","T6","sx_sdq_22","sx_sdq_22",TRUE
"cap17","sx_sdq_21_t6","Time 6 I think before I do things.","haven_labelled","Symptom Scale","Other Scales",872,"ok","high",TRUE,6,"t6","T6","sx_sdq_21","sx_sdq_21",TRUE
"cap17","sx_surps_11_t6","Time 6 I usually act without stopping to think.","haven_labelled","Symptom Scale","Other Scales",873,"ok","high",TRUE,6,"t6","T6","sx_surps_11","sx_surps_11",TRUE
"cap17","sx_surps_19_t6","Time 6 I would enjoy hiking (walking) long distances in wild and uninhabited territory.","haven_labelled","Symptom Scale","Other Scales",874,"ok","high",TRUE,6,"t6","T6","sx_surps_19","sx_surps_19",TRUE
"cap17","sx_surps_12_t6","Time 6 I would like to learn how to drive a motorcycle.","haven_labelled","Symptom Scale","Other Scales",875,"ok","high",TRUE,6,"t6","T6","sx_surps_12","sx_surps_12",TRUE
"cap17","sx_surps_03_t6","Time 6 I would like to skydive (parachute out of a plane).","haven_labelled","Symptom Scale","Other Scales",876,"ok","high",TRUE,6,"t6","T6","sx_surps_03","sx_surps_03",TRUE
"cap17","sx_sdq_06_t6","Time 6 I would rather be alone than with other people.","haven_labelled","Symptom Scale","Other Scales",877,"ok","high",TRUE,6,"t6","T6","sx_sdq_06","sx_sdq_06",TRUE
"cap17","sx_rpq_18_t6","Time 6 Made obscene phone calls for fun?","haven_labelled","Symptom Scale","Other Scales",878,"ok","high",TRUE,6,"t6","T6","sx_rpq_18","sx_rpq_18",TRUE
"cap17","sx_sdq_19_t6","Time 6 Other people pick on me or bully me.","haven_labelled","Symptom Scale","Other Scales",879,"ok","high",TRUE,6,"t6","T6","sx_sdq_19","sx_sdq_19",TRUE
"cap17","sx_sdq_peer_band_t6","Time 6 Peer Relationship Problems Band","haven_labelled","Symptom Scale","Other Scales",880,"ok","high",TRUE,6,"t6","T6","sx_sdq_peer_band","sx_sdq_peer_band",TRUE
"cap17","sx_sdq_peer_t6","Time 6 Peer Relationship Problems subscale score","numeric","Symptom Scale","Other Scales",881,"ok","high",TRUE,6,"t6","T6","sx_sdq_peer",NA,FALSE
"cap17","sc_rpq_sum_t6","Time 6 RPQ Total score","numeric","Symptom Scale","Other Scales",882,"ok","medium",TRUE,6,"t6","T6","sc_rpq_sum",NA,FALSE
"cap17","sc_rpq_proa_sum_t6","Time 6 RPQ proactive score","numeric","Symptom Scale","Other Scales",883,"ok","medium",TRUE,6,"t6","T6","sc_rpq_proa_sum",NA,FALSE
"cap17","sx_rpq_reac_sum_t6","Time 6 RPQ reactive score","numeric","Symptom Scale","Other Scales",884,"ok","high",TRUE,6,"t6","T6","sx_rpq_reac_sum",NA,FALSE
"cap17","sx_rpq_03_t6","Time 6 Reacted angrily when provoked by others?","haven_labelled","Symptom Scale","Other Scales",885,"ok","high",TRUE,6,"t6","T6","sx_rpq_03","sx_rpq_03",TRUE
"cap17","sx_surps_grp_sch_t6","Time 6 Surps group, based on individual school mean and SD","haven_labelled","Symptom Scale","Other Scales",886,"ok","high",TRUE,6,"t6","T6","sx_surps_grp_sch","sx_surps_grp_sch",TRUE
"cap17","sx_surps_grp_pop_t6","Time 6 Surps group, based on population mean and SD","haven_labelled","Symptom Scale","Other Scales",887,"ok","high",TRUE,6,"t6","T6","sx_surps_grp_pop","sx_surps_grp_pop",TRUE
"cap17","sx_rpq_04_t6","Time 6 Taken things from others?","haven_labelled","Symptom Scale","Other Scales",888,"ok","high",TRUE,6,"t6","T6","sx_rpq_04","sx_rpq_04",TRUE
"cap17","sx_rpq_17_t6","Time 6 Threatened and bullied someone?","haven_labelled","Symptom Scale","Other Scales",889,"ok","high",TRUE,6,"t6","T6","sx_rpq_17","sx_rpq_17",TRUE
"cap17","sx_surps_imp_sum_t6","Time 6 Total IMP score","numeric","Symptom Scale","Other Scales",890,"ok","high",TRUE,6,"t6","T6","sx_surps_imp_sum",NA,FALSE
"cap17","sx_surps_nt_sum_t6","Time 6 Total NT score","numeric","Symptom Scale","Other Scales",891,"ok","high",TRUE,6,"t6","T6","sx_surps_nt_sum",NA,FALSE
"cap17","sx_surps_ss_sum_t6","Time 6 Total SS score","numeric","Symptom Scale","Other Scales",892,"ok","high",TRUE,6,"t6","T6","sx_surps_ss_sum",NA,FALSE
"cap17","sx_rpq_15_t6","Time 6 Used force to obtain money or things from others?","haven_labelled","Symptom Scale","Other Scales",893,"ok","high",TRUE,6,"t6","T6","sx_rpq_15","sx_rpq_15",TRUE
"cap17","sx_rpq_12_t6","Time 6 Used physical force to get others to do what you want?","haven_labelled","Symptom Scale","Other Scales",894,"ok","high",TRUE,6,"t6","T6","sx_rpq_12","sx_rpq_12",TRUE
"cap17","sx_rpq_06_t6","Time 6 Vandalized something for fun?","haven_labelled","Symptom Scale","Other Scales",895,"ok","high",TRUE,6,"t6","T6","sx_rpq_06","sx_rpq_06",TRUE
"cap17","sx_rpq_23_t6","Time 6 Yelled at others so they would do things for you?","haven_labelled","Symptom Scale","Other Scales",896,"ok","high",TRUE,6,"t6","T6","sx_rpq_23","sx_rpq_23",TRUE
"cap17","sx_rpq_01_t6","Time 6 Yelled at others when they have annoyed you?","haven_labelled","Symptom Scale","Other Scales",897,"ok","high",TRUE,6,"t6","T6","sx_rpq_01","sx_rpq_01",TRUE
"cap17","sx_rpq_11_t7","Time 7 Become angry or mad when you don't get your way?","haven_labelled","Symptom Scale","Other Scales",898,"ok","high",TRUE,7,"t7","T7","sx_rpq_11","sx_rpq_11",TRUE
"cap17","sx_rpq_21_t7","Time 7 Carried a weapon to use in a fight?","haven_labelled","Symptom Scale","Other Scales",899,"ok","high",TRUE,7,"t7","T7","sx_rpq_21","sx_rpq_21",TRUE
"cap17","sx_sdq_con_band_t7","Time 7 Conduct Problems Band","haven_labelled","Symptom Scale","Other Scales",900,"ok","high",TRUE,7,"t7","T7","sx_sdq_con_band","sx_sdq_con_band",TRUE
"cap17","sx_sdq_con_t7","Time 7 Conduct Problems subscale score","numeric","Symptom Scale","Other Scales",901,"ok","high",TRUE,7,"t7","T7","sx_sdq_con",NA,FALSE
"cap17","sx_rpq_08_t7","Time 7 Damaged things because you felt mad?","haven_labelled","Symptom Scale","Other Scales",902,"ok","high",TRUE,7,"t7","T7","sx_rpq_08","sx_rpq_08",TRUE
"cap17","sx_rpq_16_t7","Time 7 Felt better after hitting or yelling at someone?","haven_labelled","Symptom Scale","Other Scales",903,"ok","high",TRUE,7,"t7","T7","sx_rpq_16","sx_rpq_16",TRUE
"cap17","sx_surps_15_t7","Time 7 Generally, I am an impulsive person (a person who does things 'on the spur of the moment', without thinking of what the consequences (outcome/result) will be).","haven_labelled","Symptom Scale","Other Scales",904,"ok","high",TRUE,7,"t7","T7","sx_surps_15","sx_surps_15",TRUE
"cap17","sx_rpq_22_t7","Time 7 Gotten angry or mad or hit others when teased?","haven_labelled","Symptom Scale","Other Scales",905,"ok","high",TRUE,7,"t7","T7","sx_rpq_22","sx_rpq_22",TRUE
"cap17","sx_rpq_13_t7","Time 7 Gotten angry or mad when you lost a game?","haven_labelled","Symptom Scale","Other Scales",906,"ok","high",TRUE,7,"t7","T7","sx_rpq_13","sx_rpq_13",TRUE
"cap17","sx_rpq_05_t7","Time 7 Gotten angry when frustrated?","haven_labelled","Symptom Scale","Other Scales",907,"ok","high",TRUE,7,"t7","T7","sx_rpq_05","sx_rpq_05",TRUE
"cap17","sx_rpq_14_t7","Time 7 Gotten angry when others threatened you?","haven_labelled","Symptom Scale","Other Scales",908,"ok","high",TRUE,7,"t7","T7","sx_rpq_14","sx_rpq_14",TRUE
"cap17","sx_rpq_20_t7","Time 7 Gotten others to gang up on someone else?","haven_labelled","Symptom Scale","Other Scales",909,"ok","high",TRUE,7,"t7","T7","sx_rpq_20","sx_rpq_20",TRUE
"cap17","sx_rpq_09_t7","Time 7 Had a gang fight to be cool?","haven_labelled","Symptom Scale","Other Scales",910,"ok","high",TRUE,7,"t7","T7","sx_rpq_09","sx_rpq_09",TRUE
"cap17","sx_rpq_02_t7","Time 7 Had fights with others to show who was on top?","haven_labelled","Symptom Scale","Other Scales",911,"ok","high",TRUE,7,"t7","T7","sx_rpq_02","sx_rpq_02",TRUE
"cap17","sx_rpq_07_t7","Time 7 Had temper tantrums?","haven_labelled","Symptom Scale","Other Scales",912,"ok","high",TRUE,7,"t7","T7","sx_rpq_07","sx_rpq_07",TRUE
"cap17","sx_rpq_19_t7","Time 7 Hit others to defend yourself?","haven_labelled","Symptom Scale","Other Scales",913,"ok","high",TRUE,7,"t7","T7","sx_rpq_19","sx_rpq_19",TRUE
"cap17","sx_rpq_10_t7","Time 7 Hurt others to win a game?","haven_labelled","Symptom Scale","Other Scales",914,"ok","high",TRUE,7,"t7","T7","sx_rpq_10","sx_rpq_10",TRUE
"cap17","sx_sdq_hyp_band_t7","Time 7 Hyperactivity Band","haven_labelled","Symptom Scale","Other Scales",915,"ok","high",TRUE,7,"t7","T7","sx_sdq_hyp_band","sx_sdq_hyp_band",TRUE
"cap17","sx_sdq_hyp_t7","Time 7 Hyperactivity subscale score","numeric","Symptom Scale","Other Scales",916,"ok","high",TRUE,7,"t7","T7","sx_sdq_hyp",NA,FALSE
"cap17","sx_sdq_10_t7","Time 7 I am constantly fidgeting or squirming.","haven_labelled","Symptom Scale","Other Scales",917,"ok","high",TRUE,7,"t7","T7","sx_sdq_10","sx_sdq_10",TRUE
"cap17","sx_sdq_15_t7","Time 7 I am easily distracted. I find it difficult to concentrate.","haven_labelled","Symptom Scale","Other Scales",918,"ok","high",TRUE,7,"t7","T7","sx_sdq_15","sx_sdq_15",TRUE
"cap17","sx_sdq_07_t7","Time 7 I am generally willing to do what other people want.","haven_labelled","Symptom Scale","Other Scales",919,"ok","high",TRUE,7,"t7","T7","sx_sdq_07","sx_sdq_07",TRUE
"cap17","sx_surps_16_t7","Time 7 I am interested in experience for its own sake, even if it is illegal.","haven_labelled","Symptom Scale","Other Scales",920,"ok","high",TRUE,7,"t7","T7","sx_surps_16","sx_surps_16",TRUE
"cap17","sx_sdq_18_t7","Time 7 I am often accused of lying or cheating.","haven_labelled","Symptom Scale","Other Scales",921,"ok","high",TRUE,7,"t7","T7","sx_sdq_18","sx_sdq_18",TRUE
"cap17","sx_sdq_02_t7","Time 7 I am restless, I cannot stay still for long.","haven_labelled","Symptom Scale","Other Scales",922,"ok","high",TRUE,7,"t7","T7","sx_sdq_02","sx_sdq_02",TRUE
"cap17","sx_surps_06_t7","Time 7 I enjoy new and exciting experiences even if they are unconventional (out of the ordinary).","haven_labelled","Symptom Scale","Other Scales",923,"ok","high",TRUE,7,"t7","T7","sx_surps_06","sx_surps_06",TRUE
"cap17","sx_surps_22_t7","Time 7 I feel I have to be crafty or manipulative (sneaky) to get what I want.","haven_labelled","Symptom Scale","Other Scales",924,"ok","high",TRUE,7,"t7","T7","sx_surps_22","sx_surps_22",TRUE
"cap17","sx_sdq_12_t7","Time 7 I fight a lot. I can make other people do what I want.","haven_labelled","Symptom Scale","Other Scales",925,"ok","high",TRUE,7,"t7","T7","sx_sdq_12","sx_sdq_12",TRUE
"cap17","sx_sdq_25_t7","Time 7 I finish the work I am doing. My attention is good.","haven_labelled","Symptom Scale","Other Scales",926,"ok","high",TRUE,7,"t7","T7","sx_sdq_25","sx_sdq_25",TRUE
"cap17","sx_sdq_03_t7","Time 7 I get a lot of headaches, stomach-aches, or sickness.","haven_labelled","Symptom Scale","Other Scales",927,"ok","high",TRUE,7,"t7","T7","sx_sdq_03","sx_sdq_03",TRUE
"cap17","sx_sdq_23_t7","Time 7 I get on better with older people than with people of my own age.","haven_labelled","Symptom Scale","Other Scales",928,"ok","high",TRUE,7,"t7","T7","sx_sdq_23","sx_sdq_23",TRUE
"cap17","sx_sdq_05_t7","Time 7 I get very angry and often lose my temper.","haven_labelled","Symptom Scale","Other Scales",929,"ok","high",TRUE,7,"t7","T7","sx_sdq_05","sx_sdq_05",TRUE
"cap17","sx_surps_09_t7","Time 7 I like doing things that frighten me a little.","haven_labelled","Symptom Scale","Other Scales",930,"ok","high",TRUE,7,"t7","T7","sx_surps_09","sx_surps_09",TRUE
"cap17","sx_surps_02_t7","Time 7 I often don't think things through before I speak.","haven_labelled","Symptom Scale","Other Scales",931,"ok","high",TRUE,7,"t7","T7","sx_surps_02","sx_surps_02",TRUE
"cap17","sx_surps_05_t7","Time 7 I often involve myself in situations that I later regret being involved in.","haven_labelled","Symptom Scale","Other Scales",932,"ok","high",TRUE,7,"t7","T7","sx_surps_05","sx_surps_05",TRUE
"cap17","sx_sdq_22_t7","Time 7 I take things that are not mine from home, work or elsewhere.","haven_labelled","Symptom Scale","Other Scales",933,"ok","high",TRUE,7,"t7","T7","sx_sdq_22","sx_sdq_22",TRUE
"cap17","sx_sdq_21_t7","Time 7 I think before I do things.","haven_labelled","Symptom Scale","Other Scales",934,"ok","high",TRUE,7,"t7","T7","sx_sdq_21","sx_sdq_21",TRUE
"cap17","sx_surps_11_t7","Time 7 I usually act without stopping to think.","haven_labelled","Symptom Scale","Other Scales",935,"ok","high",TRUE,7,"t7","T7","sx_surps_11","sx_surps_11",TRUE
"cap17","sx_surps_19_t7","Time 7 I would enjoy hiking (walking) long distances in wild and uninhabited territory.","haven_labelled","Symptom Scale","Other Scales",936,"ok","high",TRUE,7,"t7","T7","sx_surps_19","sx_surps_19",TRUE
"cap17","sx_surps_12_t7","Time 7 I would like to learn how to drive a motorcycle.","haven_labelled","Symptom Scale","Other Scales",937,"ok","high",TRUE,7,"t7","T7","sx_surps_12","sx_surps_12",TRUE
"cap17","sx_surps_03_t7","Time 7 I would like to skydive (parachute out of a plane).","haven_labelled","Symptom Scale","Other Scales",938,"ok","high",TRUE,7,"t7","T7","sx_surps_03","sx_surps_03",TRUE
"cap17","sx_sdq_06_t7","Time 7 I would rather be alone than with other people.","haven_labelled","Symptom Scale","Other Scales",939,"ok","high",TRUE,7,"t7","T7","sx_sdq_06","sx_sdq_06",TRUE
"cap17","sx_rpq_18_t7","Time 7 Made obscene phone calls for fun?","haven_labelled","Symptom Scale","Other Scales",940,"ok","high",TRUE,7,"t7","T7","sx_rpq_18","sx_rpq_18",TRUE
"cap17","sx_sdq_19_t7","Time 7 Other people pick on me or bully me.","haven_labelled","Symptom Scale","Other Scales",941,"ok","high",TRUE,7,"t7","T7","sx_sdq_19","sx_sdq_19",TRUE
"cap17","sx_sdq_peer_band_t7","Time 7 Peer Relationship Problems Band","haven_labelled","Symptom Scale","Other Scales",942,"ok","high",TRUE,7,"t7","T7","sx_sdq_peer_band","sx_sdq_peer_band",TRUE
"cap17","sx_sdq_peer_t7","Time 7 Peer Relationship Problems subscale score","numeric","Symptom Scale","Other Scales",943,"ok","high",TRUE,7,"t7","T7","sx_sdq_peer",NA,FALSE
"cap17","sc_rpq_sum_t7","Time 7 RPQ Total score","numeric","Symptom Scale","Other Scales",944,"ok","medium",TRUE,7,"t7","T7","sc_rpq_sum",NA,FALSE
"cap17","sc_rpq_proa_sum_t7","Time 7 RPQ proactive score","numeric","Symptom Scale","Other Scales",945,"ok","medium",TRUE,7,"t7","T7","sc_rpq_proa_sum",NA,FALSE
"cap17","sx_rpq_reac_sum_t7","Time 7 RPQ reactive score","numeric","Symptom Scale","Other Scales",946,"ok","high",TRUE,7,"t7","T7","sx_rpq_reac_sum",NA,FALSE
"cap17","sx_rpq_03_t7","Time 7 Reacted angrily when provoked by others?","haven_labelled","Symptom Scale","Other Scales",947,"ok","high",TRUE,7,"t7","T7","sx_rpq_03","sx_rpq_03",TRUE
"cap17","sx_surps_grp_sch_t7","Time 7 Surps group, based on individual school mean and SD","haven_labelled","Symptom Scale","Other Scales",948,"ok","high",TRUE,7,"t7","T7","sx_surps_grp_sch","sx_surps_grp_sch",TRUE
"cap17","sx_surps_grp_pop_t7","Time 7 Surps group, based on population mean and SD","haven_labelled","Symptom Scale","Other Scales",949,"ok","high",TRUE,7,"t7","T7","sx_surps_grp_pop","sx_surps_grp_pop",TRUE
"cap17","sx_rpq_04_t7","Time 7 Taken things from others?","haven_labelled","Symptom Scale","Other Scales",950,"ok","high",TRUE,7,"t7","T7","sx_rpq_04","sx_rpq_04",TRUE
"cap17","sx_rpq_17_t7","Time 7 Threatened and bullied someone?","haven_labelled","Symptom Scale","Other Scales",951,"ok","high",TRUE,7,"t7","T7","sx_rpq_17","sx_rpq_17",TRUE
"cap17","sx_surps_imp_sum_t7","Time 7 Total IMP score","numeric","Symptom Scale","Other Scales",952,"ok","high",TRUE,7,"t7","T7","sx_surps_imp_sum",NA,FALSE
"cap17","sx_surps_nt_sum_t7","Time 7 Total NT score","numeric","Symptom Scale","Other Scales",953,"ok","high",TRUE,7,"t7","T7","sx_surps_nt_sum",NA,FALSE
"cap17","sx_surps_ss_sum_t7","Time 7 Total SS score","numeric","Symptom Scale","Other Scales",954,"ok","high",TRUE,7,"t7","T7","sx_surps_ss_sum",NA,FALSE
"cap17","sx_rpq_15_t7","Time 7 Used force to obtain money or things from others?","haven_labelled","Symptom Scale","Other Scales",955,"ok","high",TRUE,7,"t7","T7","sx_rpq_15","sx_rpq_15",TRUE
"cap17","sx_rpq_12_t7","Time 7 Used physical force to get others to do what you want?","haven_labelled","Symptom Scale","Other Scales",956,"ok","high",TRUE,7,"t7","T7","sx_rpq_12","sx_rpq_12",TRUE
"cap17","sx_rpq_06_t7","Time 7 Vandalized something for fun?","haven_labelled","Symptom Scale","Other Scales",957,"ok","high",TRUE,7,"t7","T7","sx_rpq_06","sx_rpq_06",TRUE
"cap17","sx_rpq_23_t7","Time 7 Yelled at others so they would do things for you?","haven_labelled","Symptom Scale","Other Scales",958,"ok","high",TRUE,7,"t7","T7","sx_rpq_23","sx_rpq_23",TRUE
"cap17","sx_rpq_01_t7","Time 7 Yelled at others when they have annoyed you?","haven_labelled","Symptom Scale","Other Scales",959,"ok","high",TRUE,7,"t7","T7","sx_rpq_01","sx_rpq_01",TRUE
"cap17","sx_surps_imp_z_t3","Zscore:  T3_Total IMP score","numeric","Symptom Scale","Other Scales",960,"ok","high",TRUE,3,"t3","T3","sx_surps_imp_z",NA,FALSE
"cap17","sx_surps_nt_z_t3","Zscore:  T3_Total NT score","numeric","Symptom Scale","Other Scales",961,"ok","high",TRUE,3,"t3","T3","sx_surps_nt_z",NA,FALSE
"cap17","sx_surps_ss_z_t3","Zscore:  T3_Total SS score","numeric","Symptom Scale","Other Scales",962,"ok","high",TRUE,3,"t3","T3","sx_surps_ss_z",NA,FALSE
"cap17","sx_surps_imp_z_t4","Zscore:  T4_Total IMP score","numeric","Symptom Scale","Other Scales",963,"ok","high",TRUE,4,"t4","T4","sx_surps_imp_z",NA,FALSE
"cap17","sx_surps_nt_z_t4","Zscore:  T4_Total NT score","numeric","Symptom Scale","Other Scales",964,"ok","high",TRUE,4,"t4","T4","sx_surps_nt_z",NA,FALSE
"cap17","sx_surps_ss_z_t4","Zscore:  T4_Total SS score","numeric","Symptom Scale","Other Scales",965,"ok","high",TRUE,4,"t4","T4","sx_surps_ss_z",NA,FALSE
"cap17","sx_surps_imp_z_t5","Zscore:  T5_Total IMP score","numeric","Symptom Scale","Other Scales",966,"ok","high",TRUE,5,"t5","T5","sx_surps_imp_z",NA,FALSE
"cap17","sx_surps_nt_z_t5","Zscore:  T5_Total NT score","numeric","Symptom Scale","Other Scales",967,"ok","high",TRUE,5,"t5","T5","sx_surps_nt_z",NA,FALSE
"cap17","sx_surps_ss_z_t5","Zscore:  T5_Total SS score","numeric","Symptom Scale","Other Scales",968,"ok","high",TRUE,5,"t5","T5","sx_surps_ss_z",NA,FALSE
"cap17","sx_surps_imp_z_t1","Zscore:  Time 1 Total IMP score","numeric","Symptom Scale","Other Scales",969,"ok","high",TRUE,1,"t1","T1","sx_surps_imp_z",NA,FALSE
"cap17","sx_surps_ss_z_t1","Zscore:  Time 1 Total SS score","numeric","Symptom Scale","Other Scales",970,"ok","high",TRUE,1,"t1","T1","sx_surps_ss_z",NA,FALSE
"cap17","sx_surps_nt_z_t1","Zscore:  Time 1Total NT score","numeric","Symptom Scale","Other Scales",971,"ok","high",TRUE,1,"t1","T1","sx_surps_nt_z",NA,FALSE
"cap17","sx_surps_imp_z_t2","Zscore:  Time 2 Total IMP score","numeric","Symptom Scale","Other Scales",972,"ok","high",TRUE,2,"t2","T2","sx_surps_imp_z",NA,FALSE
"cap17","sx_surps_nt_z_t2","Zscore:  Time 2 Total NT score","numeric","Symptom Scale","Other Scales",973,"ok","high",TRUE,2,"t2","T2","sx_surps_nt_z",NA,FALSE
"cap17","sx_surps_ss_z_t2","Zscore:  Time 2 Total SS score","numeric","Symptom Scale","Other Scales",974,"ok","high",TRUE,2,"t2","T2","sx_surps_ss_z",NA,FALSE
"cap17","sx_surps_imp_z_sch_t1","Zscore; Time 1 Total IMP score, based on individual school mean and SD","numeric","Symptom Scale","Other Scales",975,"ok","high",TRUE,1,"t1","T1","sx_surps_imp_z_sch",NA,FALSE
"cap17","sx_surps_nt_z_sch_t1","Zscore; Time 1 Total NT score, based on individual school mean and SD","numeric","Symptom Scale","Other Scales",976,"ok","high",TRUE,1,"t1","T1","sx_surps_nt_z_sch",NA,FALSE
"cap17","sx_surps_ss_z_sch_t1","Zscore; Time 1 Total SS score, based on individual school mean and SD","numeric","Symptom Scale","Other Scales",977,"ok","high",TRUE,1,"t1","T1","sx_surps_ss_z_sch",NA,FALSE
"cap17","sx_surps_imp_z_sch_t2","Zscore; Time 2 Total IMP score, based on individual school mean and SD","numeric","Symptom Scale","Other Scales",978,"ok","high",TRUE,2,"t2","T2","sx_surps_imp_z_sch",NA,FALSE
"cap17","sx_surps_nt_z_sch_t2","Zscore; Time 2 Total NT score, based on individual school mean and SD","numeric","Symptom Scale","Other Scales",979,"ok","high",TRUE,2,"t2","T2","sx_surps_nt_z_sch",NA,FALSE
"cap17","sx_surps_ss_z_sch_t2","Zscore; Time 2 Total SS score, based on individual school mean and SD","numeric","Symptom Scale","Other Scales",980,"ok","high",TRUE,2,"t2","T2","sx_surps_ss_z_sch",NA,FALSE
"cap17","sx_surps_imp_z_sch_t3","Zscore; Time 3 Total IMP score, based on individual school mean and SD","numeric","Symptom Scale","Other Scales",981,"ok","high",TRUE,3,"t3","T3","sx_surps_imp_z_sch",NA,FALSE
"cap17","sx_surps_nt_z_sch_t3","Zscore; Time 3 Total NT score, based on individual school mean and SD","numeric","Symptom Scale","Other Scales",982,"ok","high",TRUE,3,"t3","T3","sx_surps_nt_z_sch",NA,FALSE
"cap17","sx_surps_ss_z_sch_t3","Zscore; Time 3 Total SS score, based on individual school mean and SD","numeric","Symptom Scale","Other Scales",983,"ok","high",TRUE,3,"t3","T3","sx_surps_ss_z_sch",NA,FALSE
"cap17","sx_surps_imp_z_sch_t4","Zscore; Time 4 Total IMP score, based on individual school mean and SD","numeric","Symptom Scale","Other Scales",984,"ok","high",TRUE,4,"t4","T4","sx_surps_imp_z_sch",NA,FALSE
"cap17","sx_surps_nt_z_sch_t4","Zscore; Time 4 Total NT score, based on individual school mean and SD","numeric","Symptom Scale","Other Scales",985,"ok","high",TRUE,4,"t4","T4","sx_surps_nt_z_sch",NA,FALSE
"cap17","sx_surps_ss_z_sch_t4","Zscore; Time 4 Total SS score, based on individual school mean and SD","numeric","Symptom Scale","Other Scales",986,"ok","high",TRUE,4,"t4","T4","sx_surps_ss_z_sch",NA,FALSE
"cap17","sx_surps_imp_z_sch_t5","Zscore; Time 5 Total IMP score, based on individual school mean and SD","numeric","Symptom Scale","Other Scales",987,"ok","high",TRUE,5,"t5","T5","sx_surps_imp_z_sch",NA,FALSE
"cap17","sx_surps_nt_z_sch_t5","Zscore; Time 5 Total NT score, based on individual school mean and SD","numeric","Symptom Scale","Other Scales",988,"ok","high",TRUE,5,"t5","T5","sx_surps_nt_z_sch",NA,FALSE
"cap17","sx_surps_ss_z_sch_t5","Zscore; Time 5 Total SS score, based on individual school mean and SD","numeric","Symptom Scale","Other Scales",989,"ok","high",TRUE,5,"t5","T5","sx_surps_ss_z_sch",NA,FALSE
"h4l15","sx_k6_role_t1","T1 During the past 30 days, how many days out of 30 were you totally unable to work, unable to go to school, or carry out your normal activities because of these feelings? (Days)","haven_labelled","Symptom Scale","Psychological Distress",990,"ok","high",TRUE,1,"t1","T1","sx_k6_role","sx_k6_role",TRUE
"h4l15","sx_k6_sum_t1","T1 K6 total sum score","numeric","Symptom Scale","Psychological Distress",991,"ok","high",TRUE,1,"t1","T1","sx_k6_sum",NA,FALSE
"h4l15","sx_k6_sum_pror_t1","T1 K6 total sum score prorated","numeric","Symptom Scale","Psychological Distress",992,"ok","high",TRUE,1,"t1","T1","sx_k6_sum_pror",NA,FALSE
"h4l15","sx_k6_partrole_t1","T1 Not counting the days you reported in response to the previous question, how many days in the past 30 were you able to do only half or less of what you would normally have been able to do, because of these feelings? (Days)","haven_labelled","Symptom Scale","Psychological Distress",993,"ok","high",TRUE,1,"t1","T1","sx_k6_partrole","sx_k6_partrole",TRUE
"cap17","sx_sdq_tot_band_t1","T1 Total Difficulties Behaviour Band","haven_labelled","Symptom Scale","Psychological Distress",994,"ok","high",TRUE,1,"t1","T1","sx_sdq_tot_band","sx_sdq_tot_band",TRUE
"cap17","sx_sdq_tot_t1","T1 Total Difficulties score","numeric","Symptom Scale","Psychological Distress",995,"ok","high",TRUE,1,"t1","T1","sx_sdq_tot",NA,FALSE
"h4l15","sx_k6_02_t1","T1 …hopeless","haven_labelled","Symptom Scale","Psychological Distress",996,"ok","high",TRUE,1,"t1","T1","sx_k6_02","sx_k6_02",TRUE
"h4l15","sx_k6_01_t1","T1 …nervous ","haven_labelled","Symptom Scale","Psychological Distress",997,"ok","high",TRUE,1,"t1","T1","sx_k6_01","sx_k6_01",TRUE
"h4l15","sx_k6_03_t1","T1 …restless or fidgety","haven_labelled","Symptom Scale","Psychological Distress",998,"ok","high",TRUE,1,"t1","T1","sx_k6_03","sx_k6_03",TRUE
"h4l15","sx_k6_05_t1","T1 …that everything was an effort ","haven_labelled","Symptom Scale","Psychological Distress",999,"ok","high",TRUE,1,"t1","T1","sx_k6_05","sx_k6_05",TRUE
"h4l15","sx_k6_06_t1","T1 …worthless ","haven_labelled","Symptom Scale","Psychological Distress",1000,"ok","high",TRUE,1,"t1","T1","sx_k6_06","sx_k6_06",TRUE
"cap17","sx_k6_05_t1","T1-That everything was an effort?","haven_labelled","Symptom Scale","Psychological Distress",1001,"ok","high",TRUE,1,"t1","T1","sx_k6_05","sx_k6_05",TRUE
"cap17","sx_bsi_01_t1","T1-Thoughts of ending your life","haven_labelled","Symptom Scale","Psychological Distress",1002,"ok","high",TRUE,1,"t1","T1","sx_bsi_01","sx_bsi_01",TRUE
"h4l15","sx_k6_sum_t2","T2 K6 total sum score","numeric","Symptom Scale","Psychological Distress",1003,"ok","high",TRUE,2,"t2","T2","sx_k6_sum",NA,FALSE
"h4l15","sx_k6_sum_pror_t2","T2 K6 total sum score prorated","numeric","Symptom Scale","Psychological Distress",1004,"ok","high",TRUE,2,"t2","T2","sx_k6_sum_pror",NA,FALSE
"h4l15","sx_k6_02_t2","T2 …hopeless","haven_labelled","Symptom Scale","Psychological Distress",1005,"ok","high",TRUE,2,"t2","T2","sx_k6_02","sx_k6_02",TRUE
"h4l15","sx_k6_01_t2","T2 …nervous ","haven_labelled","Symptom Scale","Psychological Distress",1006,"ok","high",TRUE,2,"t2","T2","sx_k6_01","sx_k6_01",TRUE
"h4l15","sx_k6_03_t2","T2 …restless or fidgety","haven_labelled","Symptom Scale","Psychological Distress",1007,"ok","high",TRUE,2,"t2","T2","sx_k6_03","sx_k6_03",TRUE
"h4l15","sx_k6_05_t2","T2 …that everything was an effort ","haven_labelled","Symptom Scale","Psychological Distress",1008,"ok","high",TRUE,2,"t2","T2","sx_k6_05","sx_k6_05",TRUE
"h4l15","sx_k6_06_t2","T2 …worthless ","haven_labelled","Symptom Scale","Psychological Distress",1009,"ok","high",TRUE,2,"t2","T2","sx_k6_06","sx_k6_06",TRUE
"cap17","sx_k6_05_t2","T2-That everything was an effort?","haven_labelled","Symptom Scale","Psychological Distress",1010,"ok","high",TRUE,2,"t2","T2","sx_k6_05","sx_k6_05",TRUE
"cap17","sx_bsi_01_t2","T2-Thoughts of ending your life","haven_labelled","Symptom Scale","Psychological Distress",1011,"ok","high",TRUE,2,"t2","T2","sx_bsi_01","sx_bsi_01",TRUE
"cap17","sx_k6_sum_t3","T3 K6 Total Score","numeric","Symptom Scale","Psychological Distress",1012,"ok","high",TRUE,3,"t3","T3","sx_k6_sum",NA,FALSE
"h4l15","sx_k6_sum_t3","T3 K6 total sum score","numeric","Symptom Scale","Psychological Distress",1013,"ok","high",TRUE,3,"t3","T3","sx_k6_sum",NA,FALSE
"h4l15","sx_k6_sum_pror_t3","T3 K6 total sum score prorated","numeric","Symptom Scale","Psychological Distress",1014,"ok","high",TRUE,3,"t3","T3","sx_k6_sum_pror",NA,FALSE
"cap17","sx_sdq_tot_band_t3","T3 Total Difficulties Behaviour Band","haven_labelled","Symptom Scale","Psychological Distress",1015,"ok","high",TRUE,3,"t3","T3","sx_sdq_tot_band","sx_sdq_tot_band",TRUE
"cap17","sx_sdq_tot_t3","T3 Total Difficulties score","numeric","Symptom Scale","Psychological Distress",1016,"ok","high",TRUE,3,"t3","T3","sx_sdq_tot",NA,FALSE
"h4l15","sx_k6_02_t3","T3 …hopeless","haven_labelled","Symptom Scale","Psychological Distress",1017,"ok","high",TRUE,3,"t3","T3","sx_k6_02","sx_k6_02",TRUE
"h4l15","sx_k6_01_t3","T3 …nervous ","haven_labelled","Symptom Scale","Psychological Distress",1018,"ok","high",TRUE,3,"t3","T3","sx_k6_01","sx_k6_01",TRUE
"h4l15","sx_k6_03_t3","T3 …restless or fidgety","haven_labelled","Symptom Scale","Psychological Distress",1019,"ok","high",TRUE,3,"t3","T3","sx_k6_03","sx_k6_03",TRUE
"h4l15","sx_k6_05_t3","T3 …that everything was an effort ","haven_labelled","Symptom Scale","Psychological Distress",1020,"ok","high",TRUE,3,"t3","T3","sx_k6_05","sx_k6_05",TRUE
"h4l15","sx_k6_06_t3","T3 …worthless ","haven_labelled","Symptom Scale","Psychological Distress",1021,"ok","high",TRUE,3,"t3","T3","sx_k6_06","sx_k6_06",TRUE
"cap17","sx_k6_05_t3","T3-That everything was an effort?","haven_labelled","Symptom Scale","Psychological Distress",1022,"ok","high",TRUE,3,"t3","T3","sx_k6_05","sx_k6_05",TRUE
"cap17","sx_bsi_01_t3","T3-Thoughts of ending your life","haven_labelled","Symptom Scale","Psychological Distress",1023,"ok","high",TRUE,3,"t3","T3","sx_bsi_01","sx_bsi_01",TRUE
"cap17","sx_k6_sum_t4","T4 K6 Total Score","numeric","Symptom Scale","Psychological Distress",1024,"ok","high",TRUE,4,"t4","T4","sx_k6_sum",NA,FALSE
"h4l15","sx_k6_sum_t4","T4 K6 total sum score","numeric","Symptom Scale","Psychological Distress",1025,"ok","high",TRUE,4,"t4","T4","sx_k6_sum",NA,FALSE
"h4l15","sx_k6_sum_pror_t4","T4 K6 total sum score prorated","numeric","Symptom Scale","Psychological Distress",1026,"ok","high",TRUE,4,"t4","T4","sx_k6_sum_pror",NA,FALSE
"cap17","sx_sdq_tot_band_t4","T4 Total Difficulties Behaviour Band","haven_labelled","Symptom Scale","Psychological Distress",1027,"ok","high",TRUE,4,"t4","T4","sx_sdq_tot_band","sx_sdq_tot_band",TRUE
"cap17","sx_sdq_tot_t4","T4 Total Difficulties score","numeric","Symptom Scale","Psychological Distress",1028,"ok","high",TRUE,4,"t4","T4","sx_sdq_tot",NA,FALSE
"h4l15","sx_k6_02_t4","T4 …hopeless","haven_labelled","Symptom Scale","Psychological Distress",1029,"ok","high",TRUE,4,"t4","T4","sx_k6_02","sx_k6_02",TRUE
"h4l15","sx_k6_01_t4","T4 …nervous","haven_labelled","Symptom Scale","Psychological Distress",1030,"ok","high",TRUE,4,"t4","T4","sx_k6_01","sx_k6_01",TRUE
"h4l15","sx_k6_03_t4","T4 …restless or fidgety","haven_labelled","Symptom Scale","Psychological Distress",1031,"ok","high",TRUE,4,"t4","T4","sx_k6_03","sx_k6_03",TRUE
"h4l15","sx_k6_05_t4","T4 …that everything was an effort","haven_labelled","Symptom Scale","Psychological Distress",1032,"ok","high",TRUE,4,"t4","T4","sx_k6_05","sx_k6_05",TRUE
"h4l15","sx_k6_06_t4","T4 …worthless","haven_labelled","Symptom Scale","Psychological Distress",1033,"ok","high",TRUE,4,"t4","T4","sx_k6_06","sx_k6_06",TRUE
"cap17","sx_k6_05_t4","T4-That everything was an effort?","haven_labelled","Symptom Scale","Psychological Distress",1034,"ok","high",TRUE,4,"t4","T4","sx_k6_05","sx_k6_05",TRUE
"cap17","sx_bsi_01_t4","T4-Thoughts of ending your life","haven_labelled","Symptom Scale","Psychological Distress",1035,"ok","high",TRUE,4,"t4","T4","sx_bsi_01","sx_bsi_01",TRUE
"cap17","sx_k6_sum_t5","T5 K6 Total Score","numeric","Symptom Scale","Psychological Distress",1036,"ok","high",TRUE,5,"t5","T5","sx_k6_sum",NA,FALSE
"h4l15","sx_k6_sum_t5","T5 K6 total sum score","numeric","Symptom Scale","Psychological Distress",1037,"ok","high",TRUE,5,"t5","T5","sx_k6_sum",NA,FALSE
"h4l15","sx_k6_sum_pror_t5","T5 K6 total sum score prorated","numeric","Symptom Scale","Psychological Distress",1038,"ok","high",TRUE,5,"t5","T5","sx_k6_sum_pror",NA,FALSE
"cap17","sx_sdq_tot_band_t5","T5 Total Difficulties Behaviour Band","haven_labelled","Symptom Scale","Psychological Distress",1039,"ok","high",TRUE,5,"t5","T5","sx_sdq_tot_band","sx_sdq_tot_band",TRUE
"cap17","sx_sdq_tot_t5","T5 Total Difficulties score","numeric","Symptom Scale","Psychological Distress",1040,"ok","high",TRUE,5,"t5","T5","sx_sdq_tot",NA,FALSE
"cap17","sx_k6_05_t5","T5-That everything was an effort?","haven_labelled","Symptom Scale","Psychological Distress",1041,"ok","high",TRUE,5,"t5","T5","sx_k6_05","sx_k6_05",TRUE
"cap17","sx_bsi_01_t5","T5-Thoughts of ending your life","haven_labelled","Symptom Scale","Psychological Distress",1042,"ok","high",TRUE,5,"t5","T5","sx_bsi_01","sx_bsi_01",TRUE
"cap17","sx_k6_sum_t1","Time 1 K6 Total Score","numeric","Symptom Scale","Psychological Distress",1043,"ok","high",TRUE,1,"t1","T1","sx_k6_sum",NA,FALSE
"cap17","sx_k6_sum_t2","Time 2 K6 Total Score","numeric","Symptom Scale","Psychological Distress",1044,"ok","high",TRUE,2,"t2","T2","sx_k6_sum",NA,FALSE
"cap17","sx_sdq_tot_band_t2","Time 2 Total Difficulties Behaviour Band","haven_labelled","Symptom Scale","Psychological Distress",1045,"ok","high",TRUE,2,"t2","T2","sx_sdq_tot_band","sx_sdq_tot_band",TRUE
"cap17","sx_sdq_tot_t2","Time 2 Total Difficulties score","numeric","Symptom Scale","Psychological Distress",1046,"ok","high",TRUE,2,"t2","T2","sx_sdq_tot",NA,FALSE
"cap17","sx_k6_sum_t6","Time 6 K6 Total Score","numeric","Symptom Scale","Psychological Distress",1047,"ok","high",TRUE,6,"t6","T6","sx_k6_sum",NA,FALSE
"cap17","sx_k6_05_t6","Time 6 That everything was an effort?","haven_labelled","Symptom Scale","Psychological Distress",1048,"ok","high",TRUE,6,"t6","T6","sx_k6_05","sx_k6_05",TRUE
"cap17","sx_sdq_tot_band_t6","Time 6 Total Difficulties Behaviour Band","haven_labelled","Symptom Scale","Psychological Distress",1049,"ok","high",TRUE,6,"t6","T6","sx_sdq_tot_band","sx_sdq_tot_band",TRUE
"cap17","sx_sdq_tot_t6","Time 6 Total Difficulties score","numeric","Symptom Scale","Psychological Distress",1050,"ok","high",TRUE,6,"t6","T6","sx_sdq_tot",NA,FALSE
"cap17","sx_k6_sum_t7","Time 7 K6 Total Score","numeric","Symptom Scale","Psychological Distress",1051,"ok","high",TRUE,7,"t7","T7","sx_k6_sum",NA,FALSE
"cap17","sx_k6_05_t7","Time 7 That everything was an effort?","haven_labelled","Symptom Scale","Psychological Distress",1052,"ok","high",TRUE,7,"t7","T7","sx_k6_05","sx_k6_05",TRUE
"cap17","sx_sdq_tot_band_t7","Time 7 Total Difficulties Behaviour Band","haven_labelled","Symptom Scale","Psychological Distress",1053,"ok","high",TRUE,7,"t7","T7","sx_sdq_tot_band","sx_sdq_tot_band",TRUE
"cap17","sx_sdq_tot_t7","Time 7 Total Difficulties score","numeric","Symptom Scale","Psychological Distress",1054,"ok","high",TRUE,7,"t7","T7","sx_sdq_tot",NA,FALSE
"h4l15","sx_k6_02_t5","…hopeless","haven_labelled","Symptom Scale","Psychological Distress",1055,"ok","high",TRUE,5,"t5","T5","sx_k6_02","sx_k6_02",TRUE
"h4l15","sx_k6_01_t5","…nervous","haven_labelled","Symptom Scale","Psychological Distress",1056,"ok","high",TRUE,5,"t5","T5","sx_k6_01","sx_k6_01",TRUE
"h4l15","sx_k6_03_t5","…restless or fidgety","haven_labelled","Symptom Scale","Psychological Distress",1057,"ok","high",TRUE,5,"t5","T5","sx_k6_03","sx_k6_03",TRUE
"h4l15","sx_k6_05_t5","…that everything was an effort","haven_labelled","Symptom Scale","Psychological Distress",1058,"ok","high",TRUE,5,"t5","T5","sx_k6_05","sx_k6_05",TRUE
"h4l15","sx_k6_06_t5","…worthless","haven_labelled","Symptom Scale","Psychological Distress",1059,"ok","high",TRUE,5,"t5","T5","sx_k6_06","sx_k6_06",TRUE
"h4l15","sx_sdq_09_t5","I am helpful if someone is hurt, upset or feeling ill","haven_labelled","Symptom Scale","Wellbeing",1060,"ok","high",TRUE,5,"t5","T5","sx_sdq_09","sx_sdq_09",TRUE
"h4l15","sx_sdq_17_t5","I am kind to younger children","haven_labelled","Symptom Scale","Wellbeing",1061,"ok","high",TRUE,5,"t5","T5","sx_sdq_17","sx_sdq_17",TRUE
"h4l15","sx_sdq_11_t5","I have one good friend or more","haven_labelled","Symptom Scale","Wellbeing",1062,"ok","high",TRUE,5,"t5","T5","sx_sdq_11","sx_sdq_11",TRUE
"h4l15","sx_sdq_20_t5","I often volunteer to help others (parents, teachers, children)","haven_labelled","Symptom Scale","Wellbeing",1063,"ok","high",TRUE,5,"t5","T5","sx_sdq_20","sx_sdq_20",TRUE
"h4l15","sx_sdq_01_t5","I try to be nice to other people. I care about their feelings","haven_labelled","Symptom Scale","Wellbeing",1064,"ok","high",TRUE,5,"t5","T5","sx_sdq_01","sx_sdq_01",TRUE
"h4l15","sx_sdq_04_t5","I usually share with others, for example games, food","haven_labelled","Symptom Scale","Wellbeing",1065,"ok","high",TRUE,5,"t5","T5","sx_sdq_04","sx_sdq_04",TRUE
"h4l15","sx_wemwbs_07_t5","I’ve been able to make up my own mind about things","haven_labelled","Symptom Scale","Wellbeing",1066,"ok","high",TRUE,5,"t5","T5","sx_wemwbs_07","sx_wemwbs_07",TRUE
"h4l15","sx_wemwbs_04_t5","I’ve been dealing with problems well","haven_labelled","Symptom Scale","Wellbeing",1067,"ok","high",TRUE,5,"t5","T5","sx_wemwbs_04","sx_wemwbs_04",TRUE
"h4l15","sx_wemwbs_06_t5","I’ve been feeling close to other people","haven_labelled","Symptom Scale","Wellbeing",1068,"ok","high",TRUE,5,"t5","T5","sx_wemwbs_06","sx_wemwbs_06",TRUE
"h4l15","sx_wemwbs_01_t5","I’ve been feeling optimistic about the future","haven_labelled","Symptom Scale","Wellbeing",1069,"ok","high",TRUE,5,"t5","T5","sx_wemwbs_01","sx_wemwbs_01",TRUE
"h4l15","sx_wemwbs_03_t5","I’ve been feeling relaxed","haven_labelled","Symptom Scale","Wellbeing",1070,"ok","high",TRUE,5,"t5","T5","sx_wemwbs_03","sx_wemwbs_03",TRUE
"h4l15","sx_wemwbs_02_t5","I’ve been feeling useful","haven_labelled","Symptom Scale","Wellbeing",1071,"ok","high",TRUE,5,"t5","T5","sx_wemwbs_02","sx_wemwbs_02",TRUE
"h4l15","sx_wemwbs_05_t5","I’ve been thinking clearly","haven_labelled","Symptom Scale","Wellbeing",1072,"ok","high",TRUE,5,"t5","T5","sx_wemwbs_05","sx_wemwbs_05",TRUE
"h4l15","sx_sdq_14_t5","Other people my age generally like me","haven_labelled","Symptom Scale","Wellbeing",1073,"ok","high",TRUE,5,"t5","T5","sx_sdq_14","sx_sdq_14",TRUE
"h4l15","sx_sdq_09_t1","T1 I am helpful if someone is hurt, upset or feeling ill","haven_labelled","Symptom Scale","Wellbeing",1074,"ok","high",TRUE,1,"t1","T1","sx_sdq_09","sx_sdq_09",TRUE
"h4l15","sx_sdq_17_t1","T1 I am kind to younger children","haven_labelled","Symptom Scale","Wellbeing",1075,"ok","high",TRUE,1,"t1","T1","sx_sdq_17","sx_sdq_17",TRUE
"h4l15","sx_sdq_11_t1","T1 I have one good friend or more","haven_labelled","Symptom Scale","Wellbeing",1076,"ok","high",TRUE,1,"t1","T1","sx_sdq_11","sx_sdq_11",TRUE
"h4l15","sx_sdq_20_t1","T1 I often volunteer to help others (parents, teachers, children)","haven_labelled","Symptom Scale","Wellbeing",1077,"ok","high",TRUE,1,"t1","T1","sx_sdq_20","sx_sdq_20",TRUE
"h4l15","sx_sdq_01_t1","T1 I try to be nice to other people. I care about their feelings","haven_labelled","Symptom Scale","Wellbeing",1078,"ok","high",TRUE,1,"t1","T1","sx_sdq_01","sx_sdq_01",TRUE
"h4l15","sx_sdq_04_t1","T1 I usually share with others, for example games, food","haven_labelled","Symptom Scale","Wellbeing",1079,"ok","high",TRUE,1,"t1","T1","sx_sdq_04","sx_sdq_04",TRUE
"h4l15","sx_sdq_14_t1","T1 Other people my age generally like me","haven_labelled","Symptom Scale","Wellbeing",1080,"ok","high",TRUE,1,"t1","T1","sx_sdq_14","sx_sdq_14",TRUE
"cap17","sx_sdq_pro_band_t1","T1 Prosocial Behaviour Band","haven_labelled","Symptom Scale","Wellbeing",1081,"ok","high",TRUE,1,"t1","T1","sx_sdq_pro_band","sx_sdq_pro_band",TRUE
"cap17","sx_sdq_pro_t1","T1 Prosocial Behaviour subscale score","numeric","Symptom Scale","Wellbeing",1082,"ok","high",TRUE,1,"t1","T1","sx_sdq_pro",NA,FALSE
"h4l15","sx_sdq_pro_t1","T1 SDQ prosocial subscale","numeric","Symptom Scale","Wellbeing",1083,"ok","high",TRUE,1,"t1","T1","sx_sdq_pro",NA,FALSE
"h4l15","sx_sdq_pro_pror_t1","T1 SDQ prosocial subscale prorated","numeric","Symptom Scale","Wellbeing",1084,"ok","high",TRUE,1,"t1","T1","sx_sdq_pro_pror",NA,FALSE
"cap17","sx_surps_01_t1","T1-I am content or satisfied","haven_labelled","Symptom Scale","Wellbeing",1085,"ok","high",TRUE,1,"t1","T1","sx_surps_01","sx_surps_01",TRUE
"cap17","sx_surps_04_t1","T1-I am happy","haven_labelled","Symptom Scale","Wellbeing",1086,"ok","high",TRUE,1,"t1","T1","sx_surps_04","sx_surps_04",TRUE
"cap17","sx_sdq_09_t1","T1-I am helpful if someone is hurt, upset, or feeling ill.","haven_labelled","Symptom Scale","Wellbeing",1087,"ok","high",TRUE,1,"t1","T1","sx_sdq_09","sx_sdq_09",TRUE
"cap17","sx_sdq_17_t1","T1-I am kind to younger children.","haven_labelled","Symptom Scale","Wellbeing",1088,"ok","high",TRUE,1,"t1","T1","sx_sdq_17","sx_sdq_17",TRUE
"cap17","sx_surps_23_t1","T1-I am very enthusiastic about my future","haven_labelled","Symptom Scale","Wellbeing",1089,"ok","high",TRUE,1,"t1","T1","sx_surps_23","sx_surps_23",TRUE
"cap17","sx_surps_20_t1","T1-I feel pleasant","haven_labelled","Symptom Scale","Wellbeing",1090,"ok","high",TRUE,1,"t1","T1","sx_surps_20","sx_surps_20",TRUE
"cap17","sx_surps_13_t1","T1-I feel proud of my accomplishments","haven_labelled","Symptom Scale","Wellbeing",1091,"ok","high",TRUE,1,"t1","T1","sx_surps_13","sx_surps_13",TRUE
"cap17","sx_surps_07_t1","T1-I have faith that my future holds great promise","haven_labelled","Symptom Scale","Wellbeing",1092,"ok","high",TRUE,1,"t1","T1","sx_surps_07","sx_surps_07",TRUE
"cap17","sx_sdq_11_t1","T1-I have one good friend or more.","haven_labelled","Symptom Scale","Wellbeing",1093,"ok","high",TRUE,1,"t1","T1","sx_sdq_11","sx_sdq_11",TRUE
"cap17","sx_sdq_20_t1","T1-I often volunteer to help others (parents, teachers, children).","haven_labelled","Symptom Scale","Wellbeing",1094,"ok","high",TRUE,1,"t1","T1","sx_sdq_20","sx_sdq_20",TRUE
"cap17","sx_sdq_01_t1","T1-I try to be nice to other people. I care about their feelings.","haven_labelled","Symptom Scale","Wellbeing",1095,"ok","high",TRUE,1,"t1","T1","sx_sdq_01","sx_sdq_01",TRUE
"cap17","sx_sdq_04_t1","T1-I usually share with others (food, games etc).","haven_labelled","Symptom Scale","Wellbeing",1096,"ok","high",TRUE,1,"t1","T1","sx_sdq_04","sx_sdq_04",TRUE
"cap17","sx_sdq_14_t1","T1-Other people my age generally like me.","haven_labelled","Symptom Scale","Wellbeing",1097,"ok","high",TRUE,1,"t1","T1","sx_sdq_14","sx_sdq_14",TRUE
"cap17","sx_surps_01_t2","T2-I am content or satisfied","haven_labelled","Symptom Scale","Wellbeing",1098,"ok","high",TRUE,2,"t2","T2","sx_surps_01","sx_surps_01",TRUE
"cap17","sx_surps_04_t2","T2-I am happy","haven_labelled","Symptom Scale","Wellbeing",1099,"ok","high",TRUE,2,"t2","T2","sx_surps_04","sx_surps_04",TRUE
"cap17","sx_sdq_09_t2","T2-I am helpful if someone is hurt, upset, or feeling ill.","haven_labelled","Symptom Scale","Wellbeing",1100,"ok","high",TRUE,2,"t2","T2","sx_sdq_09","sx_sdq_09",TRUE
"cap17","sx_sdq_17_t2","T2-I am kind to younger children.","haven_labelled","Symptom Scale","Wellbeing",1101,"ok","high",TRUE,2,"t2","T2","sx_sdq_17","sx_sdq_17",TRUE
"cap17","sx_surps_23_t2","T2-I am very enthusiastic about my future","haven_labelled","Symptom Scale","Wellbeing",1102,"ok","high",TRUE,2,"t2","T2","sx_surps_23","sx_surps_23",TRUE
"cap17","sx_surps_20_t2","T2-I feel pleasant","haven_labelled","Symptom Scale","Wellbeing",1103,"ok","high",TRUE,2,"t2","T2","sx_surps_20","sx_surps_20",TRUE
"cap17","sx_surps_13_t2","T2-I feel proud of my accomplishments","haven_labelled","Symptom Scale","Wellbeing",1104,"ok","high",TRUE,2,"t2","T2","sx_surps_13","sx_surps_13",TRUE
"cap17","sx_surps_07_t2","T2-I have faith that my future holds great promise","haven_labelled","Symptom Scale","Wellbeing",1105,"ok","high",TRUE,2,"t2","T2","sx_surps_07","sx_surps_07",TRUE
"cap17","sx_sdq_11_t2","T2-I have one good friend or more.","haven_labelled","Symptom Scale","Wellbeing",1106,"ok","high",TRUE,2,"t2","T2","sx_sdq_11","sx_sdq_11",TRUE
"cap17","sx_sdq_20_t2","T2-I often volunteer to help others (parents, teachers, children).","haven_labelled","Symptom Scale","Wellbeing",1107,"ok","high",TRUE,2,"t2","T2","sx_sdq_20","sx_sdq_20",TRUE
"cap17","sx_sdq_01_t2","T2-I try to be nice to other people. I care about their feelings.","haven_labelled","Symptom Scale","Wellbeing",1108,"ok","high",TRUE,2,"t2","T2","sx_sdq_01","sx_sdq_01",TRUE
"cap17","sx_sdq_04_t2","T2-I usually share with others (food, games etc).","haven_labelled","Symptom Scale","Wellbeing",1109,"ok","high",TRUE,2,"t2","T2","sx_sdq_04","sx_sdq_04",TRUE
"cap17","sx_sdq_14_t2","T2-Other people my age generally like me.","haven_labelled","Symptom Scale","Wellbeing",1110,"ok","high",TRUE,2,"t2","T2","sx_sdq_14","sx_sdq_14",TRUE
"h4l15","sx_sdq_09_t3","T3 I am helpful if someone is hurt, upset or feeling ill","haven_labelled","Symptom Scale","Wellbeing",1111,"ok","high",TRUE,3,"t3","T3","sx_sdq_09","sx_sdq_09",TRUE
"h4l15","sx_sdq_17_t3","T3 I am kind to younger children","haven_labelled","Symptom Scale","Wellbeing",1112,"ok","high",TRUE,3,"t3","T3","sx_sdq_17","sx_sdq_17",TRUE
"h4l15","sx_sdq_11_t3","T3 I have one good friend or more","haven_labelled","Symptom Scale","Wellbeing",1113,"ok","high",TRUE,3,"t3","T3","sx_sdq_11","sx_sdq_11",TRUE
"h4l15","sx_sdq_20_t3","T3 I often volunteer to help others (parents, teachers, children)","haven_labelled","Symptom Scale","Wellbeing",1114,"ok","high",TRUE,3,"t3","T3","sx_sdq_20","sx_sdq_20",TRUE
"h4l15","sx_sdq_01_t3","T3 I try to be nice to other people. I care about their feelings","haven_labelled","Symptom Scale","Wellbeing",1115,"ok","high",TRUE,3,"t3","T3","sx_sdq_01","sx_sdq_01",TRUE
"h4l15","sx_sdq_04_t3","T3 I usually share with others, for example games, food","haven_labelled","Symptom Scale","Wellbeing",1116,"ok","high",TRUE,3,"t3","T3","sx_sdq_04","sx_sdq_04",TRUE
"h4l15","sx_sdq_14_t3","T3 Other people my age generally like me","haven_labelled","Symptom Scale","Wellbeing",1117,"ok","high",TRUE,3,"t3","T3","sx_sdq_14","sx_sdq_14",TRUE
"cap17","sx_sdq_pro_band_t3","T3 Prosocial Behaviour Band","haven_labelled","Symptom Scale","Wellbeing",1118,"ok","high",TRUE,3,"t3","T3","sx_sdq_pro_band","sx_sdq_pro_band",TRUE
"cap17","sx_sdq_pro_t3","T3 Prosocial Behaviour subscale score","numeric","Symptom Scale","Wellbeing",1119,"ok","high",TRUE,3,"t3","T3","sx_sdq_pro",NA,FALSE
"h4l15","sx_sdq_pro_t3","T3 SDQ prosocial subscale","numeric","Symptom Scale","Wellbeing",1120,"ok","high",TRUE,3,"t3","T3","sx_sdq_pro",NA,FALSE
"h4l15","sx_sdq_pro_pror_t3","T3 SDQ prosocial subscale prorated","numeric","Symptom Scale","Wellbeing",1121,"ok","high",TRUE,3,"t3","T3","sx_sdq_pro_pror",NA,FALSE
"cap17","sx_surps_01_t3","T3-I am content or satisfied","haven_labelled","Symptom Scale","Wellbeing",1122,"ok","high",TRUE,3,"t3","T3","sx_surps_01","sx_surps_01",TRUE
"cap17","sx_surps_04_t3","T3-I am happy","haven_labelled","Symptom Scale","Wellbeing",1123,"ok","high",TRUE,3,"t3","T3","sx_surps_04","sx_surps_04",TRUE
"cap17","sx_sdq_09_t3","T3-I am helpful if someone is hurt, upset, or feeling ill.","haven_labelled","Symptom Scale","Wellbeing",1124,"ok","high",TRUE,3,"t3","T3","sx_sdq_09","sx_sdq_09",TRUE
"cap17","sx_sdq_17_t3","T3-I am kind to younger children.","haven_labelled","Symptom Scale","Wellbeing",1125,"ok","high",TRUE,3,"t3","T3","sx_sdq_17","sx_sdq_17",TRUE
"cap17","sx_surps_23_t3","T3-I am very enthusiastic about my future","haven_labelled","Symptom Scale","Wellbeing",1126,"ok","high",TRUE,3,"t3","T3","sx_surps_23","sx_surps_23",TRUE
"cap17","sx_surps_20_t3","T3-I feel pleasant","haven_labelled","Symptom Scale","Wellbeing",1127,"ok","high",TRUE,3,"t3","T3","sx_surps_20","sx_surps_20",TRUE
"cap17","sx_surps_13_t3","T3-I feel proud of my accomplishments","haven_labelled","Symptom Scale","Wellbeing",1128,"ok","high",TRUE,3,"t3","T3","sx_surps_13","sx_surps_13",TRUE
"cap17","sx_surps_07_t3","T3-I have faith that my future holds great promise","haven_labelled","Symptom Scale","Wellbeing",1129,"ok","high",TRUE,3,"t3","T3","sx_surps_07","sx_surps_07",TRUE
"cap17","sx_sdq_11_t3","T3-I have one good friend or more.","haven_labelled","Symptom Scale","Wellbeing",1130,"ok","high",TRUE,3,"t3","T3","sx_sdq_11","sx_sdq_11",TRUE
"cap17","sx_sdq_20_t3","T3-I often volunteer to help others (parents, teachers, children).","haven_labelled","Symptom Scale","Wellbeing",1131,"ok","high",TRUE,3,"t3","T3","sx_sdq_20","sx_sdq_20",TRUE
"cap17","sx_sdq_01_t3","T3-I try to be nice to other people. I care about their feelings.","haven_labelled","Symptom Scale","Wellbeing",1132,"ok","high",TRUE,3,"t3","T3","sx_sdq_01","sx_sdq_01",TRUE
"cap17","sx_sdq_04_t3","T3-I usually share with others (food, games etc).","haven_labelled","Symptom Scale","Wellbeing",1133,"ok","high",TRUE,3,"t3","T3","sx_sdq_04","sx_sdq_04",TRUE
"cap17","sx_sdq_14_t3","T3-Other people my age generally like me.","haven_labelled","Symptom Scale","Wellbeing",1134,"ok","high",TRUE,3,"t3","T3","sx_sdq_14","sx_sdq_14",TRUE
"h4l15","sx_sdq_09_t4","T4 I am helpful if someone is hurt, upset or feeling ill","haven_labelled","Symptom Scale","Wellbeing",1135,"ok","high",TRUE,4,"t4","T4","sx_sdq_09","sx_sdq_09",TRUE
"h4l15","sx_sdq_17_t4","T4 I am kind to younger children","haven_labelled","Symptom Scale","Wellbeing",1136,"ok","high",TRUE,4,"t4","T4","sx_sdq_17","sx_sdq_17",TRUE
"h4l15","sx_sdq_11_t4","T4 I have one good friend or more","haven_labelled","Symptom Scale","Wellbeing",1137,"ok","high",TRUE,4,"t4","T4","sx_sdq_11","sx_sdq_11",TRUE
"h4l15","sx_sdq_20_t4","T4 I often volunteer to help others (parents, teachers, children)","haven_labelled","Symptom Scale","Wellbeing",1138,"ok","high",TRUE,4,"t4","T4","sx_sdq_20","sx_sdq_20",TRUE
"h4l15","sx_sdq_01_t4","T4 I try to be nice to other people. I care about their feelings","haven_labelled","Symptom Scale","Wellbeing",1139,"ok","high",TRUE,4,"t4","T4","sx_sdq_01","sx_sdq_01",TRUE
"h4l15","sx_sdq_04_t4","T4 I usually share with others, for example games, food","haven_labelled","Symptom Scale","Wellbeing",1140,"ok","high",TRUE,4,"t4","T4","sx_sdq_04","sx_sdq_04",TRUE
"h4l15","sx_wemwbs_07_t4","T4 I’ve been able to make up my own mind about things","haven_labelled","Symptom Scale","Wellbeing",1141,"ok","high",TRUE,4,"t4","T4","sx_wemwbs_07","sx_wemwbs_07",TRUE
"h4l15","sx_wemwbs_04_t4","T4 I’ve been dealing with problems well","haven_labelled","Symptom Scale","Wellbeing",1142,"ok","high",TRUE,4,"t4","T4","sx_wemwbs_04","sx_wemwbs_04",TRUE
"h4l15","sx_wemwbs_06_t4","T4 I’ve been feeling close to other people","haven_labelled","Symptom Scale","Wellbeing",1143,"ok","high",TRUE,4,"t4","T4","sx_wemwbs_06","sx_wemwbs_06",TRUE
"h4l15","sx_wemwbs_01_t4","T4 I’ve been feeling optimistic about the future","haven_labelled","Symptom Scale","Wellbeing",1144,"ok","high",TRUE,4,"t4","T4","sx_wemwbs_01","sx_wemwbs_01",TRUE
"h4l15","sx_wemwbs_03_t4","T4 I’ve been feeling relaxed","haven_labelled","Symptom Scale","Wellbeing",1145,"ok","high",TRUE,4,"t4","T4","sx_wemwbs_03","sx_wemwbs_03",TRUE
"h4l15","sx_wemwbs_02_t4","T4 I’ve been feeling useful","haven_labelled","Symptom Scale","Wellbeing",1146,"ok","high",TRUE,4,"t4","T4","sx_wemwbs_02","sx_wemwbs_02",TRUE
"h4l15","sx_wemwbs_05_t4","T4 I’ve been thinking clearly","haven_labelled","Symptom Scale","Wellbeing",1147,"ok","high",TRUE,4,"t4","T4","sx_wemwbs_05","sx_wemwbs_05",TRUE
"h4l15","sx_sdq_14_t4","T4 Other people my age generally like me","haven_labelled","Symptom Scale","Wellbeing",1148,"ok","high",TRUE,4,"t4","T4","sx_sdq_14","sx_sdq_14",TRUE
"cap17","sx_sdq_pro_band_t4","T4 Prosocial Behaviour Band","haven_labelled","Symptom Scale","Wellbeing",1149,"ok","high",TRUE,4,"t4","T4","sx_sdq_pro_band","sx_sdq_pro_band",TRUE
"cap17","sx_sdq_pro_t4","T4 Prosocial Behaviour subscale score","numeric","Symptom Scale","Wellbeing",1150,"ok","high",TRUE,4,"t4","T4","sx_sdq_pro",NA,FALSE
"h4l15","sx_sdq_pro_t4","T4 SDQ prosocial subscale","numeric","Symptom Scale","Wellbeing",1151,"ok","high",TRUE,4,"t4","T4","sx_sdq_pro",NA,FALSE
"h4l15","sx_sdq_pro_pror_t4","T4 SDQ prosocial subscale prorated","numeric","Symptom Scale","Wellbeing",1152,"ok","high",TRUE,4,"t4","T4","sx_sdq_pro_pror",NA,FALSE
"cap17","sx_surps_01_t4","T4-I am content or satisfied","haven_labelled","Symptom Scale","Wellbeing",1153,"ok","high",TRUE,4,"t4","T4","sx_surps_01","sx_surps_01",TRUE
"cap17","sx_surps_04_t4","T4-I am happy","haven_labelled","Symptom Scale","Wellbeing",1154,"ok","high",TRUE,4,"t4","T4","sx_surps_04","sx_surps_04",TRUE
"cap17","sx_sdq_09_t4","T4-I am helpful if someone is hurt, upset, or feeling ill.","haven_labelled","Symptom Scale","Wellbeing",1155,"ok","high",TRUE,4,"t4","T4","sx_sdq_09","sx_sdq_09",TRUE
"cap17","sx_sdq_17_t4","T4-I am kind to younger children.","haven_labelled","Symptom Scale","Wellbeing",1156,"ok","high",TRUE,4,"t4","T4","sx_sdq_17","sx_sdq_17",TRUE
"cap17","sx_surps_23_t4","T4-I am very enthusiastic about my future","haven_labelled","Symptom Scale","Wellbeing",1157,"ok","high",TRUE,4,"t4","T4","sx_surps_23","sx_surps_23",TRUE
"cap17","sx_surps_20_t4","T4-I feel pleasant","haven_labelled","Symptom Scale","Wellbeing",1158,"ok","high",TRUE,4,"t4","T4","sx_surps_20","sx_surps_20",TRUE
"cap17","sx_surps_13_t4","T4-I feel proud of my accomplishments","haven_labelled","Symptom Scale","Wellbeing",1159,"ok","high",TRUE,4,"t4","T4","sx_surps_13","sx_surps_13",TRUE
"cap17","sx_surps_07_t4","T4-I have faith that my future holds great promise","haven_labelled","Symptom Scale","Wellbeing",1160,"ok","high",TRUE,4,"t4","T4","sx_surps_07","sx_surps_07",TRUE
"cap17","sx_sdq_11_t4","T4-I have one good friend or more.","haven_labelled","Symptom Scale","Wellbeing",1161,"ok","high",TRUE,4,"t4","T4","sx_sdq_11","sx_sdq_11",TRUE
"cap17","sx_sdq_20_t4","T4-I often volunteer to help others (parents, teachers, children).","haven_labelled","Symptom Scale","Wellbeing",1162,"ok","high",TRUE,4,"t4","T4","sx_sdq_20","sx_sdq_20",TRUE
"cap17","sx_sdq_01_t4","T4-I try to be nice to other people. I care about their feelings.","haven_labelled","Symptom Scale","Wellbeing",1163,"ok","high",TRUE,4,"t4","T4","sx_sdq_01","sx_sdq_01",TRUE
"cap17","sx_sdq_04_t4","T4-I usually share with others (food, games etc).","haven_labelled","Symptom Scale","Wellbeing",1164,"ok","high",TRUE,4,"t4","T4","sx_sdq_04","sx_sdq_04",TRUE
"cap17","sx_sdq_14_t4","T4-Other people my age generally like me.","haven_labelled","Symptom Scale","Wellbeing",1165,"ok","high",TRUE,4,"t4","T4","sx_sdq_14","sx_sdq_14",TRUE
"cap17","sx_sdq_pro_band_t5","T5 Prosocial Behaviour Band","haven_labelled","Symptom Scale","Wellbeing",1166,"ok","high",TRUE,5,"t5","T5","sx_sdq_pro_band","sx_sdq_pro_band",TRUE
"cap17","sx_sdq_pro_t5","T5 Prosocial Behaviour subscale score","numeric","Symptom Scale","Wellbeing",1167,"ok","high",TRUE,5,"t5","T5","sx_sdq_pro",NA,FALSE
"h4l15","sx_sdq_pro_t5","T5 SDQ prosocial subscale","numeric","Symptom Scale","Wellbeing",1168,"ok","high",TRUE,5,"t5","T5","sx_sdq_pro",NA,FALSE
"h4l15","sx_sdq_pro_pror_t5","T5 SDQ prosocial subscale prorated","numeric","Symptom Scale","Wellbeing",1169,"ok","high",TRUE,5,"t5","T5","sx_sdq_pro_pror",NA,FALSE
"cap17","sx_surps_01_t5","T5-I am content or satisfied","haven_labelled","Symptom Scale","Wellbeing",1170,"ok","high",TRUE,5,"t5","T5","sx_surps_01","sx_surps_01",TRUE
"cap17","sx_surps_04_t5","T5-I am happy","haven_labelled","Symptom Scale","Wellbeing",1171,"ok","high",TRUE,5,"t5","T5","sx_surps_04","sx_surps_04",TRUE
"cap17","sx_sdq_09_t5","T5-I am helpful if someone is hurt, upset, or feeling ill.","haven_labelled","Symptom Scale","Wellbeing",1172,"ok","high",TRUE,5,"t5","T5","sx_sdq_09","sx_sdq_09",TRUE
"cap17","sx_sdq_17_t5","T5-I am kind to younger children.","haven_labelled","Symptom Scale","Wellbeing",1173,"ok","high",TRUE,5,"t5","T5","sx_sdq_17","sx_sdq_17",TRUE
"cap17","sx_surps_23_t5","T5-I am very enthusiastic about my future","haven_labelled","Symptom Scale","Wellbeing",1174,"ok","high",TRUE,5,"t5","T5","sx_surps_23","sx_surps_23",TRUE
"cap17","sx_surps_20_t5","T5-I feel pleasant","haven_labelled","Symptom Scale","Wellbeing",1175,"ok","high",TRUE,5,"t5","T5","sx_surps_20","sx_surps_20",TRUE
"cap17","sx_surps_13_t5","T5-I feel proud of my accomplishments","haven_labelled","Symptom Scale","Wellbeing",1176,"ok","high",TRUE,5,"t5","T5","sx_surps_13","sx_surps_13",TRUE
"cap17","sx_surps_07_t5","T5-I have faith that my future holds great promise","haven_labelled","Symptom Scale","Wellbeing",1177,"ok","high",TRUE,5,"t5","T5","sx_surps_07","sx_surps_07",TRUE
"cap17","sx_sdq_11_t5","T5-I have one good friend or more.","haven_labelled","Symptom Scale","Wellbeing",1178,"ok","high",TRUE,5,"t5","T5","sx_sdq_11","sx_sdq_11",TRUE
"cap17","sx_sdq_20_t5","T5-I often volunteer to help others (parents, teachers, children).","haven_labelled","Symptom Scale","Wellbeing",1179,"ok","high",TRUE,5,"t5","T5","sx_sdq_20","sx_sdq_20",TRUE
"cap17","sx_sdq_01_t5","T5-I try to be nice to other people. I care about their feelings.","haven_labelled","Symptom Scale","Wellbeing",1180,"ok","high",TRUE,5,"t5","T5","sx_sdq_01","sx_sdq_01",TRUE
"cap17","sx_sdq_04_t5","T5-I usually share with others (food, games, pens etc).","haven_labelled","Symptom Scale","Wellbeing",1181,"ok","high",TRUE,5,"t5","T5","sx_sdq_04","sx_sdq_04",TRUE
"cap17","sx_sdq_14_t5","T5-Other people my age generally like me.","haven_labelled","Symptom Scale","Wellbeing",1182,"ok","high",TRUE,5,"t5","T5","sx_sdq_14","sx_sdq_14",TRUE
"cap17","sx_sdq_pro_band_t2","Time 2 Prosocial Behaviour Band","haven_labelled","Symptom Scale","Wellbeing",1183,"ok","high",TRUE,2,"t2","T2","sx_sdq_pro_band","sx_sdq_pro_band",TRUE
"cap17","sx_sdq_pro_t2","Time 2 Prosocial Behaviour subscale score","numeric","Symptom Scale","Wellbeing",1184,"ok","high",TRUE,2,"t2","T2","sx_sdq_pro",NA,FALSE
"cap17","sx_surps_01_t6","Time 6 I am content or satisfied (pleased with life in general).","haven_labelled","Symptom Scale","Wellbeing",1185,"ok","high",TRUE,6,"t6","T6","sx_surps_01","sx_surps_01",TRUE
"cap17","sx_surps_04_t6","Time 6 I am happy.","haven_labelled","Symptom Scale","Wellbeing",1186,"ok","high",TRUE,6,"t6","T6","sx_surps_04","sx_surps_04",TRUE
"cap17","sx_sdq_09_t6","Time 6 I am helpful if someone is hurt, upset, or feeling ill.","haven_labelled","Symptom Scale","Wellbeing",1187,"ok","high",TRUE,6,"t6","T6","sx_sdq_09","sx_sdq_09",TRUE
"cap17","sx_sdq_17_t6","Time 6 I am kind to children.","haven_labelled","Symptom Scale","Wellbeing",1188,"ok","high",TRUE,6,"t6","T6","sx_sdq_17","sx_sdq_17",TRUE
"cap17","sx_surps_23_t6","Time 6 I am very enthusiastic (positive/excited) about my future.","haven_labelled","Symptom Scale","Wellbeing",1189,"ok","high",TRUE,6,"t6","T6","sx_surps_23","sx_surps_23",TRUE
"cap17","sx_surps_20_t6","Time 6 I feel pleasant.","haven_labelled","Symptom Scale","Wellbeing",1190,"ok","high",TRUE,6,"t6","T6","sx_surps_20","sx_surps_20",TRUE
"cap17","sx_surps_13_t6","Time 6 I feel proud of my accomplishments (achievements).","haven_labelled","Symptom Scale","Wellbeing",1191,"ok","high",TRUE,6,"t6","T6","sx_surps_13","sx_surps_13",TRUE
"cap17","sx_sdq_11_t6","Time 6 I have at least one good friend.","haven_labelled","Symptom Scale","Wellbeing",1192,"ok","high",TRUE,6,"t6","T6","sx_sdq_11","sx_sdq_11",TRUE
"cap17","sx_surps_07_t6","Time 6 I have faith that my future holds great promise.","haven_labelled","Symptom Scale","Wellbeing",1193,"ok","high",TRUE,6,"t6","T6","sx_surps_07","sx_surps_07",TRUE
"cap17","sx_sdq_20_t6","Time 6 I often offer help to others (family members, friends, colleagues).","haven_labelled","Symptom Scale","Wellbeing",1194,"ok","high",TRUE,6,"t6","T6","sx_sdq_20","sx_sdq_20",TRUE
"cap17","sx_sdq_01_t6","Time 6 I try to be nice to other people. I care about their feelings.","haven_labelled","Symptom Scale","Wellbeing",1195,"ok","high",TRUE,6,"t6","T6","sx_sdq_01","sx_sdq_01",TRUE
"cap17","sx_sdq_04_t6","Time 6 I usually share with others, for example food or drink.","haven_labelled","Symptom Scale","Wellbeing",1196,"ok","high",TRUE,6,"t6","T6","sx_sdq_04","sx_sdq_04",TRUE
"cap17","sx_sdq_14_t6","Time 6 Other people my age generally like me.","haven_labelled","Symptom Scale","Wellbeing",1197,"ok","high",TRUE,6,"t6","T6","sx_sdq_14","sx_sdq_14",TRUE
"cap17","sx_sdq_pro_band_t6","Time 6 Prosocial Behaviour Band","haven_labelled","Symptom Scale","Wellbeing",1198,"ok","high",TRUE,6,"t6","T6","sx_sdq_pro_band","sx_sdq_pro_band",TRUE
"cap17","sx_sdq_pro_t6","Time 6 Prosocial Behaviour subscale score","numeric","Symptom Scale","Wellbeing",1199,"ok","high",TRUE,6,"t6","T6","sx_sdq_pro",NA,FALSE
"cap17","sx_surps_01_t7","Time 7 I am content or satisfied (pleased with life in general).","haven_labelled","Symptom Scale","Wellbeing",1200,"ok","high",TRUE,7,"t7","T7","sx_surps_01","sx_surps_01",TRUE
"cap17","sx_surps_04_t7","Time 7 I am happy.","haven_labelled","Symptom Scale","Wellbeing",1201,"ok","high",TRUE,7,"t7","T7","sx_surps_04","sx_surps_04",TRUE
"cap17","sx_sdq_09_t7","Time 7 I am helpful if someone is hurt, upset, or feeling ill.","haven_labelled","Symptom Scale","Wellbeing",1202,"ok","high",TRUE,7,"t7","T7","sx_sdq_09","sx_sdq_09",TRUE
"cap17","sx_sdq_17_t7","Time 7 I am kind to children.","haven_labelled","Symptom Scale","Wellbeing",1203,"ok","high",TRUE,7,"t7","T7","sx_sdq_17","sx_sdq_17",TRUE
"cap17","sx_surps_23_t7","Time 7 I am very enthusiastic (positive/excited) about my future.","haven_labelled","Symptom Scale","Wellbeing",1204,"ok","high",TRUE,7,"t7","T7","sx_surps_23","sx_surps_23",TRUE
"cap17","sx_surps_20_t7","Time 7 I feel pleasant.","haven_labelled","Symptom Scale","Wellbeing",1205,"ok","high",TRUE,7,"t7","T7","sx_surps_20","sx_surps_20",TRUE
"cap17","sx_surps_13_t7","Time 7 I feel proud of my accomplishments (achievements).","haven_labelled","Symptom Scale","Wellbeing",1206,"ok","high",TRUE,7,"t7","T7","sx_surps_13","sx_surps_13",TRUE
"cap17","sx_sdq_11_t7","Time 7 I have at least one good friend.","haven_labelled","Symptom Scale","Wellbeing",1207,"ok","high",TRUE,7,"t7","T7","sx_sdq_11","sx_sdq_11",TRUE
"cap17","sx_surps_07_t7","Time 7 I have faith that my future holds great promise.","haven_labelled","Symptom Scale","Wellbeing",1208,"ok","high",TRUE,7,"t7","T7","sx_surps_07","sx_surps_07",TRUE
"cap17","sx_sdq_20_t7","Time 7 I often offer help to others (family members, friends, colleagues).","haven_labelled","Symptom Scale","Wellbeing",1209,"ok","high",TRUE,7,"t7","T7","sx_sdq_20","sx_sdq_20",TRUE
"cap17","sx_sdq_01_t7","Time 7 I try to be nice to other people. I care about their feelings.","haven_labelled","Symptom Scale","Wellbeing",1210,"ok","high",TRUE,7,"t7","T7","sx_sdq_01","sx_sdq_01",TRUE
"cap17","sx_sdq_04_t7","Time 7 I usually share with others, for example food or drink.","haven_labelled","Symptom Scale","Wellbeing",1211,"ok","high",TRUE,7,"t7","T7","sx_sdq_04","sx_sdq_04",TRUE
"cap17","sx_sdq_14_t7","Time 7 Other people my age generally like me.","haven_labelled","Symptom Scale","Wellbeing",1212,"ok","high",TRUE,7,"t7","T7","sx_sdq_14","sx_sdq_14",TRUE
"cap17","sx_sdq_pro_band_t7","Time 7 Prosocial Behaviour Band","haven_labelled","Symptom Scale","Wellbeing",1213,"ok","high",TRUE,7,"t7","T7","sx_sdq_pro_band","sx_sdq_pro_band",TRUE
"cap17","sx_sdq_pro_t7","Time 7 Prosocial Behaviour subscale score","numeric","Symptom Scale","Wellbeing",1214,"ok","high",TRUE,7,"t7","T7","sx_sdq_pro",NA,FALSE
"cap17","sx_dmqr_08_t2","T2-Because I feel more self-confident or sure of myself.","haven_labelled","Symptom Scale",NA,1215,"ok","high",TRUE,2,"t2","T2","sx_dmqr_08","sx_dmqr_08",TRUE
"cap17","sx_dmqr_17_t2","T2-Because it helps me when I am feeling depressed","haven_labelled","Symptom Scale",NA,1216,"ok","high",TRUE,2,"t2","T2","sx_dmqr_17","sx_dmqr_17",TRUE
"cap17","sx_dmqr_11_t2","T2-Because it helps me when I am feeling nervous.","haven_labelled","Symptom Scale",NA,1217,"ok","high",TRUE,2,"t2","T2","sx_dmqr_11","sx_dmqr_11",TRUE
"cap17","sx_dmqr_10_t2","T2-Because it is customary on special occasions.","haven_labelled","Symptom Scale",NA,1218,"ok","high",TRUE,2,"t2","T2","sx_dmqr_10","sx_dmqr_10",TRUE
"cap17","sx_dmqr_13_t2","T2-Because it makes a social gathering more enjoyable.","haven_labelled","Symptom Scale",NA,1219,"ok","high",TRUE,2,"t2","T2","sx_dmqr_13","sx_dmqr_13",TRUE
"cap17","sx_dmqr_27_t2","T2-Because it makes me feel good.","haven_labelled","Symptom Scale",NA,1220,"ok","high",TRUE,2,"t2","T2","sx_dmqr_27","sx_dmqr_27",TRUE
"cap17","sx_dmqr_12_t2","T2-Because it’s fun.","haven_labelled","Symptom Scale",NA,1221,"ok","high",TRUE,2,"t2","T2","sx_dmqr_12","sx_dmqr_12",TRUE
"cap17","sx_dmqr_25_t2","T2-Because my friends pressure me to use (drink).","haven_labelled","Symptom Scale",NA,1222,"ok","high",TRUE,2,"t2","T2","sx_dmqr_25","sx_dmqr_25",TRUE
"cap17","sx_dmqr_20_t2","T2-So I won’t feel left out.","haven_labelled","Symptom Scale",NA,1223,"ok","high",TRUE,2,"t2","T2","sx_dmqr_20","sx_dmqr_20",TRUE
"cap17","sx_dmqr_29_t2","T2-So I won’t feel left out.","haven_labelled","Symptom Scale",NA,1224,"ok","high",TRUE,2,"t2","T2","sx_dmqr_29","sx_dmqr_29",TRUE
"cap17","sx_dmqr_18_t2","T2-So that others won’t kid me (make fun of me) about not using (drinking).","haven_labelled","Symptom Scale",NA,1225,"ok","high",TRUE,2,"t2","T2","sx_dmqr_18","sx_dmqr_18",TRUE
"cap17","sx_dmqr_15_t2","T2-To be liked.","haven_labelled","Symptom Scale",NA,1226,"ok","high",TRUE,2,"t2","T2","sx_dmqr_15","sx_dmqr_15",TRUE
"cap17","sx_dmqr_07_t2","T2-To be sociable","haven_labelled","Symptom Scale",NA,1227,"ok","high",TRUE,2,"t2","T2","sx_dmqr_07","sx_dmqr_07",TRUE
"cap17","sx_dmqr_14_t2","T2-To cheer me up when I’m in a bad mood.","haven_labelled","Symptom Scale",NA,1228,"ok","high",TRUE,2,"t2","T2","sx_dmqr_14","sx_dmqr_14",TRUE
"cap17","sx_dmqr_26_t2","T2-To fit in with a group I like.","haven_labelled","Symptom Scale",NA,1229,"ok","high",TRUE,2,"t2","T2","sx_dmqr_26","sx_dmqr_26",TRUE
"cap17","sx_dmqr_28_t2","T2-To forget painful memories.","haven_labelled","Symptom Scale",NA,1230,"ok","high",TRUE,2,"t2","T2","sx_dmqr_28","sx_dmqr_28",TRUE
"cap17","sx_dmqr_09_t2","T2-To get a high.","haven_labelled","Symptom Scale",NA,1231,"ok","high",TRUE,2,"t2","T2","sx_dmqr_09","sx_dmqr_09",TRUE
"cap17","sx_dmqr_23_t2","T2-To help me feel more positive about things in my life.","haven_labelled","Symptom Scale",NA,1232,"ok","high",TRUE,2,"t2","T2","sx_dmqr_23","sx_dmqr_23",TRUE
"cap17","sx_dmqr_16_t2","T2-To numb my pain","haven_labelled","Symptom Scale",NA,1233,"ok","high",TRUE,2,"t2","T2","sx_dmqr_16","sx_dmqr_16",TRUE
"cap17","sx_dmqr_19_t2","T2-To reduce my anxiety.","haven_labelled","Symptom Scale",NA,1234,"ok","high",TRUE,2,"t2","T2","sx_dmqr_19","sx_dmqr_19",TRUE
"cap17","sx_dmqr_21_t2","T2-To stop me dwelling on things.","haven_labelled","Symptom Scale",NA,1235,"ok","high",TRUE,2,"t2","T2","sx_dmqr_21","sx_dmqr_21",TRUE
"cap17","sx_dmqr_24_t2","T2-To stop me from feeling so hopeless about the future.","haven_labelled","Symptom Scale",NA,1236,"ok","high",TRUE,2,"t2","T2","sx_dmqr_24","sx_dmqr_24",TRUE
"cap17","sx_dmqr_22_t2","T2-To turn off negative thoughts about myself.","haven_labelled","Symptom Scale",NA,1237,"ok","high",TRUE,2,"t2","T2","sx_dmqr_22","sx_dmqr_22",TRUE
"cap17","sx_dmqrsoc_01_t3","T3 -DMB_to be sociable","haven_labelled","Symptom Scale",NA,1238,"ok","high",TRUE,3,"t3","T3","sx_dmqrsoc_01","sx_dmqrsoc_01",TRUE
"cap17","sx_dmqr_con_sum_t3","T3 DM Conformity Total Score","numeric","Symptom Scale",NA,1239,"ok","high",TRUE,3,"t3","T3","sx_dmqr_con_sum",NA,FALSE
"cap17","sx_dmqr_copd_sum_t3","T3 DM Coping-Depression Total Score","numeric","Symptom Scale",NA,1240,"ok","high",TRUE,3,"t3","T3","sx_dmqr_copd_sum",NA,FALSE
"cap17","sx_dmqr_copa_sum_t3","T3 DM Coping-anxietyTotal Score","numeric","Symptom Scale",NA,1241,"ok","high",TRUE,3,"t3","T3","sx_dmqr_copa_sum",NA,FALSE
"cap17","sx_dmqr_enh_sum_t3","T3 DM Enhancement Total Score","numeric","Symptom Scale",NA,1242,"ok","high",TRUE,3,"t3","T3","sx_dmqr_enh_sum",NA,FALSE
"cap17","sx_dmqr_soc_sum_t3","T3 DM Social Total Score","numeric","Symptom Scale",NA,1243,"ok","high",TRUE,3,"t3","T3","sx_dmqr_soc_sum",NA,FALSE
"cap17","sx_dmqr_08_t3","T3-Because I feel more self-confident or sure of myself.","haven_labelled","Symptom Scale",NA,1244,"ok","high",TRUE,3,"t3","T3","sx_dmqr_08","sx_dmqr_08",TRUE
"cap17","sx_dmqr_17_t3","T3-Because it helps me when I am feeling depressed","haven_labelled","Symptom Scale",NA,1245,"ok","high",TRUE,3,"t3","T3","sx_dmqr_17","sx_dmqr_17",TRUE
"cap17","sx_dmqr_11_t3","T3-Because it helps me when I am feeling nervous.","haven_labelled","Symptom Scale",NA,1246,"ok","high",TRUE,3,"t3","T3","sx_dmqr_11","sx_dmqr_11",TRUE
"cap17","sx_dmqr_10_t3","T3-Because it is customary on special occasions.","haven_labelled","Symptom Scale",NA,1247,"ok","high",TRUE,3,"t3","T3","sx_dmqr_10","sx_dmqr_10",TRUE
"cap17","sx_dmqr_13_t3","T3-Because it makes a social gathering more enjoyable.","haven_labelled","Symptom Scale",NA,1248,"ok","high",TRUE,3,"t3","T3","sx_dmqr_13","sx_dmqr_13",TRUE
"cap17","sx_dmqr_27_t3","T3-Because it makes me feel good.","haven_labelled","Symptom Scale",NA,1249,"ok","high",TRUE,3,"t3","T3","sx_dmqr_27","sx_dmqr_27",TRUE
"cap17","sx_dmqr_12_t3","T3-Because it’s fun.","haven_labelled","Symptom Scale",NA,1250,"ok","high",TRUE,3,"t3","T3","sx_dmqr_12","sx_dmqr_12",TRUE
"cap17","sx_dmqr_25_t3","T3-Because my friends pressure me to use (drink).","haven_labelled","Symptom Scale",NA,1251,"ok","high",TRUE,3,"t3","T3","sx_dmqr_25","sx_dmqr_25",TRUE
"cap17","sx_dmqrsoc_02_t3","T3-DMB_helps me enjoy a party","haven_labelled","Symptom Scale",NA,1252,"ok","high",TRUE,3,"t3","T3","sx_dmqrsoc_02","sx_dmqrsoc_02",TRUE
"cap17","sx_dmqr_20_t3","T3-So I won’t feel left out.","haven_labelled","Symptom Scale",NA,1253,"ok","high",TRUE,3,"t3","T3","sx_dmqr_20","sx_dmqr_20",TRUE
"cap17","sx_dmqr_29_t3","T3-So I won’t feel left out.","haven_labelled","Symptom Scale",NA,1254,"ok","high",TRUE,3,"t3","T3","sx_dmqr_29","sx_dmqr_29",TRUE
"cap17","sx_dmqr_18_t3","T3-So that others won’t kid me (make fun of me) about not using (drinking).","haven_labelled","Symptom Scale",NA,1255,"ok","high",TRUE,3,"t3","T3","sx_dmqr_18","sx_dmqr_18",TRUE
"cap17","sx_dmqr_15_t3","T3-To be liked.","haven_labelled","Symptom Scale",NA,1256,"ok","high",TRUE,3,"t3","T3","sx_dmqr_15","sx_dmqr_15",TRUE
"cap17","sx_dmqr_07_t3","T3-To be sociable","haven_labelled","Symptom Scale",NA,1257,"ok","high",TRUE,3,"t3","T3","sx_dmqr_07","sx_dmqr_07",TRUE
"cap17","sx_dmqr_14_t3","T3-To cheer me up when I’m in a bad mood.","haven_labelled","Symptom Scale",NA,1258,"ok","high",TRUE,3,"t3","T3","sx_dmqr_14","sx_dmqr_14",TRUE
"cap17","sx_dmqr_26_t3","T3-To fit in with a group I like.","haven_labelled","Symptom Scale",NA,1259,"ok","high",TRUE,3,"t3","T3","sx_dmqr_26","sx_dmqr_26",TRUE
"cap17","sx_dmqr_28_t3","T3-To forget painful memories.","haven_labelled","Symptom Scale",NA,1260,"ok","high",TRUE,3,"t3","T3","sx_dmqr_28","sx_dmqr_28",TRUE
"cap17","sx_dmqr_09_t3","T3-To get a high.","haven_labelled","Symptom Scale",NA,1261,"ok","high",TRUE,3,"t3","T3","sx_dmqr_09","sx_dmqr_09",TRUE
"cap17","sx_dmqr_23_t3","T3-To help me feel more positive about things in my life.","haven_labelled","Symptom Scale",NA,1262,"ok","high",TRUE,3,"t3","T3","sx_dmqr_23","sx_dmqr_23",TRUE
"cap17","sx_dmqr_16_t3","T3-To numb my pain","haven_labelled","Symptom Scale",NA,1263,"ok","high",TRUE,3,"t3","T3","sx_dmqr_16","sx_dmqr_16",TRUE
"cap17","sx_dmqr_19_t3","T3-To reduce my anxiety.","haven_labelled","Symptom Scale",NA,1264,"ok","high",TRUE,3,"t3","T3","sx_dmqr_19","sx_dmqr_19",TRUE
"cap17","sx_dmqr_21_t3","T3-To stop me dwelling on things.","haven_labelled","Symptom Scale",NA,1265,"ok","high",TRUE,3,"t3","T3","sx_dmqr_21","sx_dmqr_21",TRUE
"cap17","sx_dmqr_24_t3","T3-To stop me from feeling so hopeless about the future.","haven_labelled","Symptom Scale",NA,1266,"ok","high",TRUE,3,"t3","T3","sx_dmqr_24","sx_dmqr_24",TRUE
"cap17","sx_dmqr_22_t3","T3-To turn off negative thoughts about myself.","haven_labelled","Symptom Scale",NA,1267,"ok","high",TRUE,3,"t3","T3","sx_dmqr_22","sx_dmqr_22",TRUE
"cap17","sx_dmqrsoc_04_t3","T3_DMB_improves parties and celebrations","haven_labelled","Symptom Scale",NA,1268,"ok","high",TRUE,3,"t3","T3","sx_dmqrsoc_04","sx_dmqrsoc_04",TRUE
"cap17","sx_dmqrsoc_03_t3","T3_DMB_makes social gatherings more fun","haven_labelled","Symptom Scale",NA,1269,"ok","high",TRUE,3,"t3","T3","sx_dmqrsoc_03","sx_dmqrsoc_03",TRUE
"cap17","sx_pec_28_t3","T3_other kids call me names because I'm a bit different","numeric","Symptom Scale",NA,1270,"ok","high",TRUE,3,"t3","T3","sx_pec_28",NA,FALSE
"cap17","sx_pec_30_t3","T3_other kids harass me over the phone","numeric","Symptom Scale",NA,1271,"ok","high",TRUE,3,"t3","T3","sx_pec_30",NA,FALSE
"cap17","sx_pec_29_t3","T3_other kids hit me","numeric","Symptom Scale",NA,1272,"ok","high",TRUE,3,"t3","T3","sx_pec_29",NA,FALSE
"cap17","sx_pec_02_t3","T3_other kids ignore me on purpose","numeric","Symptom Scale",NA,1273,"ok","high",TRUE,3,"t3","T3","sx_pec_02",NA,FALSE
"cap17","sx_pec_17_t3","T3_other kids kick me","numeric","Symptom Scale",NA,1274,"ok","high",TRUE,3,"t3","T3","sx_pec_17",NA,FALSE
"cap17","sx_pec_13_t3","T3_other kids make death stares at me","numeric","Symptom Scale",NA,1275,"ok","high",TRUE,3,"t3","T3","sx_pec_13",NA,FALSE
"cap17","sx_pec_08_t3","T3_other kids make fun of my culture","numeric","Symptom Scale",NA,1276,"ok","high",TRUE,3,"t3","T3","sx_pec_08",NA,FALSE
"cap17","sx_pec_31_t3","T3_other kids make fun of my friends","numeric","Symptom Scale",NA,1277,"ok","high",TRUE,3,"t3","T3","sx_pec_31",NA,FALSE
"cap17","sx_pec_05_t3","T3_other kids make fun of my language","numeric","Symptom Scale",NA,1278,"ok","high",TRUE,3,"t3","T3","sx_pec_05",NA,FALSE
"cap17","sx_pec_09_t3","T3_other kids make prank calls to me","numeric","Symptom Scale",NA,1279,"ok","high",TRUE,3,"t3","T3","sx_pec_09",NA,FALSE
"cap17","sx_pec_19_t3","T3_other kids make rude gestures at me","numeric","Symptom Scale",NA,1280,"ok","high",TRUE,3,"t3","T3","sx_pec_19",NA,FALSE
"cap17","sx_pec_01_t3","T3_other kids play nasty practical jokes on me","numeric","Symptom Scale",NA,1281,"ok","high",TRUE,3,"t3","T3","sx_pec_01",NA,FALSE
"cap17","sx_pec_07_t3","T3_other kids punch me","numeric","Symptom Scale",NA,1282,"ok","high",TRUE,3,"t3","T3","sx_pec_07",NA,FALSE
"cap17","sx_pec_18_t3","T3_other kids say mean things about me behind my back","numeric","Symptom Scale",NA,1283,"ok","high",TRUE,3,"t3","T3","sx_pec_18",NA,FALSE
"cap17","sx_pec_22_t3","T3_other kids say nasty things about me on websites","numeric","Symptom Scale",NA,1284,"ok","high",TRUE,3,"t3","T3","sx_pec_22",NA,FALSE
"cap17","sx_pec_14_t3","T3_other kids say nasty things to me by SMS","numeric","Symptom Scale",NA,1285,"ok","high",TRUE,3,"t3","T3","sx_pec_14",NA,FALSE
"cap17","sx_pec_04_t3","T3_other kids say nasty things to me on IM","numeric","Symptom Scale",NA,1286,"ok","high",TRUE,3,"t3","T3","sx_pec_04",NA,FALSE
"cap17","sx_pec_20_t3","T3_other kids say they'll hurt me if I don't do things for them","numeric","Symptom Scale",NA,1287,"ok","high",TRUE,3,"t3","T3","sx_pec_20",NA,FALSE
"cap17","sx_pec_24_t3","T3_other kids send me computer viruses on purpose","numeric","Symptom Scale",NA,1288,"ok","high",TRUE,3,"t3","T3","sx_pec_24",NA,FALSE
"cap17","sx_pec_16_t3","T3_other kids send me nasty emails","numeric","Symptom Scale",NA,1289,"ok","high",TRUE,3,"t3","T3","sx_pec_16",NA,FALSE
"cap17","sx_pec_21_t3","T3_other kids shove me","numeric","Symptom Scale",NA,1290,"ok","high",TRUE,3,"t3","T3","sx_pec_21",NA,FALSE
"cap17","sx_pec_25_t3","T3_other kids tease me about my voice","numeric","Symptom Scale",NA,1291,"ok","high",TRUE,3,"t3","T3","sx_pec_25",NA,FALSE
"cap17","sx_pec_06_t3","T3_other kids tease me about things that aren't true","numeric","Symptom Scale",NA,1292,"ok","high",TRUE,3,"t3","T3","sx_pec_06",NA,FALSE
"cap17","sx_pec_11_t3","T3_other kids tell people not to hang around with me","numeric","Symptom Scale",NA,1293,"ok","high",TRUE,3,"t3","T3","sx_pec_11",NA,FALSE
"cap17","sx_pec_15_t3","T3_other kids tell people to hit me","numeric","Symptom Scale",NA,1294,"ok","high",TRUE,3,"t3","T3","sx_pec_15",NA,FALSE
"cap17","sx_pec_27_t3","T3_other kids tell people to make fun of me","numeric","Symptom Scale",NA,1295,"ok","high",TRUE,3,"t3","T3","sx_pec_27",NA,FALSE
"cap17","sx_pec_10_t3","T3_other kids threaten me over the phone","numeric","Symptom Scale",NA,1296,"ok","high",TRUE,3,"t3","T3","sx_pec_10",NA,FALSE
"cap17","sx_pec_26_t3","T3_other kids trip me over","numeric","Symptom Scale",NA,1297,"ok","high",TRUE,3,"t3","T3","sx_pec_26",NA,FALSE
"cap17","sx_pec_03_t3","T3_other kids try to turn my friends against me","numeric","Symptom Scale",NA,1298,"ok","high",TRUE,3,"t3","T3","sx_pec_03",NA,FALSE
"cap17","sx_pec_12_t3","T3_other kids won't talk to me because of where I'm from","numeric","Symptom Scale",NA,1299,"ok","high",TRUE,3,"t3","T3","sx_pec_12",NA,FALSE
"cap17","sx_pec_23_t3","T3_other kids wreck my things","numeric","Symptom Scale",NA,1300,"ok","high",TRUE,3,"t3","T3","sx_pec_23",NA,FALSE
"cap17","sx_dmqrsoc_05_t3","T3_to celebrate a special occasion with friends","haven_labelled","Symptom Scale",NA,1301,"ok","high",TRUE,3,"t3","T3","sx_dmqrsoc_05","sx_dmqrsoc_05",TRUE
"cap17","sx_dmqrsoc_01_t4","T4 -DMB_to be sociable","haven_labelled","Symptom Scale",NA,1302,"ok","high",TRUE,4,"t4","T4","sx_dmqrsoc_01","sx_dmqrsoc_01",TRUE
"cap17","sx_dmqrsoc_02_t4","T4-DMB_helps me enjoy a party","haven_labelled","Symptom Scale",NA,1303,"ok","high",TRUE,4,"t4","T4","sx_dmqrsoc_02","sx_dmqrsoc_02",TRUE
"cap17","sx_dmqrsoc_04_t4","T4_DMB_improves parties and celebrations","haven_labelled","Symptom Scale",NA,1304,"ok","high",TRUE,4,"t4","T4","sx_dmqrsoc_04","sx_dmqrsoc_04",TRUE
"cap17","sx_dmqrsoc_03_t4","T4_DMB_makes social gatherings more fun","haven_labelled","Symptom Scale",NA,1305,"ok","high",TRUE,4,"t4","T4","sx_dmqrsoc_03","sx_dmqrsoc_03",TRUE
"cap17","sx_dmqrsoc_05_t4","T4_to celebrate a special occasion with friends","haven_labelled","Symptom Scale",NA,1306,"ok","high",TRUE,4,"t4","T4","sx_dmqrsoc_05","sx_dmqrsoc_05",TRUE
"cap17","sx_dmqrsoc_01_t5","T5 -DMB_to be sociable","haven_labelled","Symptom Scale",NA,1307,"ok","high",TRUE,5,"t5","T5","sx_dmqrsoc_01","sx_dmqrsoc_01",TRUE
"cap17","sx_dmqrsoc_02_t5","T5-DMB_helps me enjoy a party","haven_labelled","Symptom Scale",NA,1308,"ok","high",TRUE,5,"t5","T5","sx_dmqrsoc_02","sx_dmqrsoc_02",TRUE
"cap17","sx_dmqrsoc_04_t5","T5_DMB_improves parties and celebrations","haven_labelled","Symptom Scale",NA,1309,"ok","high",TRUE,5,"t5","T5","sx_dmqrsoc_04","sx_dmqrsoc_04",TRUE
"cap17","sx_dmqrsoc_03_t5","T5_DMB_makes social gatherings more fun","haven_labelled","Symptom Scale",NA,1310,"ok","high",TRUE,5,"t5","T5","sx_dmqrsoc_03","sx_dmqrsoc_03",TRUE
"cap17","sx_dmqrsoc_05_t5","T5_to celebrate a special occasion with friends","haven_labelled","Symptom Scale",NA,1311,"ok","high",TRUE,5,"t5","T5","sx_dmqrsoc_05","sx_dmqrsoc_05",TRUE
"cap17","sx_dmqr_con_sum_t2","Time 2 DM Conformity Total Score","numeric","Symptom Scale",NA,1312,"ok","high",TRUE,2,"t2","T2","sx_dmqr_con_sum",NA,FALSE
"cap17","sx_dmqr_copd_sum_t2","Time 2 DM Coping-Depression Total Score","numeric","Symptom Scale",NA,1313,"ok","high",TRUE,2,"t2","T2","sx_dmqr_copd_sum",NA,FALSE
"cap17","sx_dmqr_copa_sum_t2","Time 2 DM Coping-anxietyTotal Score","numeric","Symptom Scale",NA,1314,"ok","high",TRUE,2,"t2","T2","sx_dmqr_copa_sum",NA,FALSE
"cap17","sx_dmqr_enh_sum_t2","Time 2 DM Enhancement Total Score","numeric","Symptom Scale",NA,1315,"ok","high",TRUE,2,"t2","T2","sx_dmqr_enh_sum",NA,FALSE
"cap17","sx_dmqr_soc_sum_t2","Time 2DM Social Total Score","numeric","Symptom Scale",NA,1316,"ok","high",TRUE,2,"t2","T2","sx_dmqr_soc_sum",NA,FALSE
