"cluster_id","candidate_label","domain","subdomain","datasets_represented","harmonisation_status","dataset","var_name","var_label","var_type","label_match","response_match","type_match","similarity_to_centroid","reviewer_decision","reviewer_note"
"1","demo_age_yrs","Demographics","Age and Sex",2,"needs_review","cap17","demo_age_yrs_t1","Time 1-Age in years","numeric","divergent","continuous","consistent",1,"approve",NA
"1","demo_age_yrs","Demographics","Age and Sex",2,"needs_review","cap17","demo_age_yrs_t2","Time 2 Age in years","numeric","divergent","continuous","consistent",1,"approve",NA
"1","demo_age_yrs","Demographics","Age and Sex",2,"needs_review","cap17","demo_age_yrs_t3","Time 3 Age in years","numeric","divergent","continuous","consistent",1,"approve",NA
"1","demo_age_yrs","Demographics","Age and Sex",2,"needs_review","cap17","demo_age_yrs_t4","Time 4 Age in years","numeric","divergent","continuous","consistent",1,"approve",NA
"1","demo_age_yrs","Demographics","Age and Sex",2,"needs_review","cap17","demo_age_yrs_t5","Time 5 Age in years","numeric","divergent","continuous","consistent",1,"approve",NA
"1","demo_age_yrs","Demographics","Age and Sex",2,"needs_review","h4l15","demo_age_yrs_t1","T1 Age in years","numeric","divergent","continuous","consistent",1,"approve",NA
"1","demo_age_yrs","Demographics","Age and Sex",2,"needs_review","h4l15","demo_age_yrs_t2","T2 Age in years","numeric","divergent","continuous","consistent",1,"approve",NA
"1","demo_age_yrs","Demographics","Age and Sex",2,"needs_review","h4l15","demo_age_yrs_t3","T3 Age in years","numeric","divergent","continuous","consistent",1,"approve",NA
"1","demo_age_yrs","Demographics","Age and Sex",2,"needs_review","h4l15","demo_age_yrs_t4","T4 Age in years","numeric","divergent","continuous","consistent",1,"approve",NA
"1","demo_age_yrs","Demographics","Age and Sex",2,"needs_review","h4l15","demo_age_yrs_t5","T5 Age in years","numeric","divergent","continuous","consistent",1,"approve",NA
"2","demo_cob","Demographics","Geographic Location",2,"needs_review","cap17","demo_cob_t1","Time 1-Country of birth","character","divergent","categorical_mixed","consistent",1,"approve",NA
"2","demo_cob","Demographics","Geographic Location",2,"needs_review","cap17","demo_cob_t2","Time 2 Country of birth","character","divergent","categorical_mixed","consistent",1,"approve",NA
"2","demo_cob","Demographics","Geographic Location",2,"needs_review","cap17","demo_cob_t3","Time 3 Country of birth","character","divergent","categorical_mixed","consistent",1,"approve",NA
"2","demo_cob","Demographics","Geographic Location",2,"needs_review","cap17","demo_cob_t4","Time 4 Country of birth","character","divergent","categorical_mixed","consistent",1,"approve",NA
"2","demo_cob","Demographics","Geographic Location",2,"needs_review","cap17","demo_cob_t5","Time 5 Country of birth","character","divergent","categorical_mixed","consistent",1,"approve",NA
"2","demo_cob","Demographics","Geographic Location",2,"needs_review","h4l15","demo_cob_t1","T1 What country were you born in?","haven_labelled","divergent","categorical_mixed","consistent",1,"approve",NA
"3","demo_grades","Demographics","School and Education",2,"needs_review","cap17","demo_grades_t1","Time 1- Usual Grades","haven_labelled","divergent","incompatible","consistent",1,"approve",NA
"3","demo_grades","Demographics","School and Education",2,"needs_review","cap17","demo_grades_t2","Time 2- Usual Grades","haven_labelled","divergent","incompatible","consistent",1,"approve",NA
"3","demo_grades","Demographics","School and Education",2,"needs_review","cap17","demo_grades_t3","Time 3- Usual Grades","haven_labelled","divergent","incompatible","consistent",1,"approve",NA
"3","demo_grades","Demographics","School and Education",2,"needs_review","cap17","demo_grades_t4","Time 4- Usual Grades","haven_labelled","divergent","incompatible","consistent",1,"approve",NA
"3","demo_grades","Demographics","School and Education",2,"needs_review","cap17","demo_grades_t5","Time 5- Usual Grades","haven_labelled","divergent","incompatible","consistent",1,"approve",NA
"3","demo_grades","Demographics","School and Education",2,"needs_review","h4l15","demo_grades_t1","T1 What grades do you usually get in school?","haven_labelled","divergent","incompatible","consistent",1,"approve",NA
"3","demo_grades","Demographics","School and Education",2,"needs_review","h4l15","demo_grades_t3","T3 What grades do you usually get in school?","haven_labelled","divergent","incompatible","consistent",1,"approve",NA
"3","demo_grades","Demographics","School and Education",2,"needs_review","h4l15","demo_grades_t4","T4 What grades do you usually get in school?","haven_labelled","divergent","incompatible","consistent",1,"approve",NA
"3","demo_grades","Demographics","School and Education",2,"needs_review","h4l15","demo_grades_t5","What grades do you usually get in school?","haven_labelled","divergent","incompatible","consistent",1,"approve",NA
"4","demo_sex","Demographics","Age and Sex",2,"needs_review","cap17","demo_sex_t1","Time 1-Sex","haven_labelled","divergent","incompatible","consistent",1,"approve",NA
"4","demo_sex","Demographics","Age and Sex",2,"needs_review","cap17","demo_sex_t2","Time 2 Sex","haven_labelled","divergent","incompatible","consistent",1,"approve",NA
"4","demo_sex","Demographics","Age and Sex",2,"needs_review","cap17","demo_sex_t3","Time 3 Sex","haven_labelled","divergent","incompatible","consistent",1,"approve",NA
"4","demo_sex","Demographics","Age and Sex",2,"needs_review","cap17","demo_sex_t4","Time 4 Sex","haven_labelled","divergent","incompatible","consistent",1,"approve",NA
"4","demo_sex","Demographics","Age and Sex",2,"needs_review","cap17","demo_sex_t5","Time 5 Sex","haven_labelled","divergent","incompatible","consistent",1,"approve",NA
"4","demo_sex","Demographics","Age and Sex",2,"needs_review","h4l15","demo_sex_t1","T1 What sex were you assigned at birth? (i.e. the one that was originally specified on your birth certificate)","haven_labelled","divergent","incompatible","consistent",1,"approve",NA
"4","demo_sex","Demographics","Age and Sex",2,"needs_review","h4l15","demo_sex_t5","What sex were you assigned at birth? (i.e. the one that was originally specified on your birth certificate)","haven_labelled","divergent","incompatible","consistent",1,"approve",NA
"5","demo_truancy","Demographics","School and Education",2,"needs_review","cap17","demo_truancy_t1","Time 1-No. days off school last year without parents’ permission","haven_labelled","divergent","incompatible","consistent",1,"approve",NA
"5","demo_truancy","Demographics","School and Education",2,"needs_review","cap17","demo_truancy_t2","Time 2 No. days off school last year without parents’ permission","haven_labelled","divergent","incompatible","consistent",1,"approve",NA
"5","demo_truancy","Demographics","School and Education",2,"needs_review","cap17","demo_truancy_t3","Time 3 No. days off school last year without parents’ permission","haven_labelled","divergent","incompatible","consistent",1,"approve",NA
"5","demo_truancy","Demographics","School and Education",2,"needs_review","cap17","demo_truancy_t4","Time 4 No. days off school last year without parents’ permission","haven_labelled","divergent","incompatible","consistent",1,"approve",NA
"5","demo_truancy","Demographics","School and Education",2,"needs_review","cap17","demo_truancy_t5","Time 5 No. days off school last year without parents’ permission","haven_labelled","divergent","incompatible","consistent",1,"approve",NA
"5","demo_truancy","Demographics","School and Education",2,"needs_review","h4l15","demo_truancy_t1","T1 How many days did you have off school last year without your parents permission?","haven_labelled","divergent","incompatible","consistent",1,"approve",NA
"5","demo_truancy","Demographics","School and Education",2,"needs_review","h4l15","demo_truancy_t3","T3 How many days did you have off school last year without your parents’ permission?","haven_labelled","divergent","incompatible","consistent",1,"approve",NA
"5","demo_truancy","Demographics","School and Education",2,"needs_review","h4l15","demo_truancy_t4","T4 How many days did you have off school last year without your parents’ permission?","haven_labelled","divergent","incompatible","consistent",1,"approve",NA
"5","demo_truancy","Demographics","School and Education",2,"needs_review","h4l15","demo_truancy_t5","How many days did you have off school last year without your parents’ permission?","haven_labelled","divergent","incompatible","consistent",1,"approve",NA
"6","id_date_completed","Survey Administration","Timing and Metadata",2,"needs_review","cap17","id_date_completed_t1","Time 1 - Date completed","Date","divergent","continuous","consistent",1,"approve",NA
"6","id_date_completed","Survey Administration","Timing and Metadata",2,"needs_review","cap17","id_date_completed_t2","Time 2 Date completed","Date","divergent","continuous","consistent",1,"approve",NA
"6","id_date_completed","Survey Administration","Timing and Metadata",2,"needs_review","cap17","id_date_completed_t3","Time 3 Date completed","character","divergent","continuous","consistent",1,"approve",NA
"6","id_date_completed","Survey Administration","Timing and Metadata",2,"needs_review","cap17","id_date_completed_t4","Time 4 Date completed","Date","divergent","continuous","consistent",1,"approve",NA
"6","id_date_completed","Survey Administration","Timing and Metadata",2,"needs_review","cap17","id_date_completed_t5","Time 5 Date completed","Date","divergent","continuous","consistent",1,"approve",NA
"6","id_date_completed","Survey Administration","Timing and Metadata",2,"needs_review","h4l15","id_date_completed_t1","T1 DateCompleted","character","divergent","continuous","consistent",1,"approve",NA
"6","id_date_completed","Survey Administration","Timing and Metadata",2,"needs_review","h4l15","id_date_completed_t2","T2 DateCompleted","character","divergent","continuous","consistent",1,"approve",NA
"6","id_date_completed","Survey Administration","Timing and Metadata",2,"needs_review","h4l15","id_date_completed_t3","T3 DateCompleted","character","divergent","continuous","consistent",1,"approve",NA
"6","id_date_completed","Survey Administration","Timing and Metadata",2,"needs_review","h4l15","id_date_completed_t4","T4 DateCompleted","character","divergent","continuous","consistent",1,"approve",NA
"6","id_date_completed","Survey Administration","Timing and Metadata",2,"needs_review","h4l15","id_date_completed_t5","DateCompleted","character","divergent","continuous","consistent",1,"approve",NA
"7","id_date_started","Survey Administration","Timing and Metadata",2,"needs_review","cap17","id_date_started_t1","Time 1 - Date started","Date","divergent","continuous","consistent",1,"approve",NA
"7","id_date_started","Survey Administration","Timing and Metadata",2,"needs_review","cap17","id_date_started_t2","Time 2 Date started","Date","divergent","continuous","consistent",1,"approve",NA
"7","id_date_started","Survey Administration","Timing and Metadata",2,"needs_review","cap17","id_date_started_t3","Time 3 Date started","character","divergent","continuous","consistent",1,"approve",NA
"7","id_date_started","Survey Administration","Timing and Metadata",2,"needs_review","cap17","id_date_started_t4","Time 4 Date started","Date","divergent","continuous","consistent",1,"approve",NA
"7","id_date_started","Survey Administration","Timing and Metadata",2,"needs_review","cap17","id_date_started_t5","Time 5 Date started","Date","divergent","continuous","consistent",1,"approve",NA
"7","id_date_started","Survey Administration","Timing and Metadata",2,"needs_review","h4l15","id_date_started_t1","T1 DateStarted","character","divergent","continuous","consistent",1,"approve",NA
"7","id_date_started","Survey Administration","Timing and Metadata",2,"needs_review","h4l15","id_date_started_t2","T2 DateStarted","character","divergent","continuous","consistent",1,"approve",NA
"7","id_date_started","Survey Administration","Timing and Metadata",2,"needs_review","h4l15","id_date_started_t3","T3 DateStarted","character","divergent","continuous","consistent",1,"approve",NA
"7","id_date_started","Survey Administration","Timing and Metadata",2,"needs_review","h4l15","id_date_started_t4","T4 DateStarted","character","divergent","continuous","consistent",1,"approve",NA
"7","id_date_started","Survey Administration","Timing and Metadata",2,"needs_review","h4l15","id_date_started_t5","DateStarted","character","divergent","continuous","consistent",1,"approve",NA
"8","id_sch_cluster","Survey Administration","Identifiers",2,"needs_review","cap17","id_sch_cluster_t1","Time 1 School Code","haven_labelled","divergent","categorical_mixed","consistent",1,"approve",NA
"8","id_sch_cluster","Survey Administration","Identifiers",2,"needs_review","cap17","id_sch_cluster_t2","Time 2 School Code","haven_labelled","divergent","categorical_mixed","consistent",1,"approve",NA
"8","id_sch_cluster","Survey Administration","Identifiers",2,"needs_review","cap17","id_sch_cluster_t3","Time 3 School Code","haven_labelled","divergent","categorical_mixed","consistent",1,"approve",NA
"8","id_sch_cluster","Survey Administration","Identifiers",2,"needs_review","cap17","id_sch_cluster_t4","Time 4 School Code","haven_labelled","divergent","categorical_mixed","consistent",1,"approve",NA
"8","id_sch_cluster","Survey Administration","Identifiers",2,"needs_review","cap17","id_sch_cluster_t5","Time 5 School Code","haven_labelled","divergent","categorical_mixed","consistent",1,"approve",NA
"8","id_sch_cluster","Survey Administration","Identifiers",2,"needs_review","h4l15","id_sch_cluster_t1","School cluster numeric version","numeric","divergent","categorical_mixed","consistent",1,"approve",NA
"8","id_sch_cluster","Survey Administration","Identifiers",2,"needs_review","h4l15","id_sch_cluster_t2","T2 School cluster numeric version","numeric","divergent","categorical_mixed","consistent",1,"approve",NA
"8","id_sch_cluster","Survey Administration","Identifiers",2,"needs_review","h4l15","id_sch_cluster_t3","T3 School cluster numeric version","numeric","divergent","categorical_mixed","consistent",1,"approve",NA
"8","id_sch_cluster","Survey Administration","Identifiers",2,"needs_review","h4l15","id_sch_cluster_t4","T4 School cluster numeric version","numeric","divergent","categorical_mixed","consistent",1,"approve",NA
"8","id_sch_cluster","Survey Administration","Identifiers",2,"needs_review","h4l15","id_sch_cluster_t5","T5 School cluster numeric version","numeric","divergent","categorical_mixed","consistent",1,"approve",NA
"9","id_school_name","Survey Administration","Identifiers",2,"needs_review","cap17","id_school_name_t1","School","character","divergent","continuous","consistent",1,"approve",NA
"9","id_school_name","Survey Administration","Identifiers",2,"needs_review","cap17","id_school_name_t2","Time 2 School","character","divergent","continuous","consistent",1,"approve",NA
"9","id_school_name","Survey Administration","Identifiers",2,"needs_review","cap17","id_school_name_t3","Time 3 School","character","divergent","continuous","consistent",1,"approve",NA
"9","id_school_name","Survey Administration","Identifiers",2,"needs_review","cap17","id_school_name_t4","Time 4 School","character","divergent","continuous","consistent",1,"approve",NA
"9","id_school_name","Survey Administration","Identifiers",2,"needs_review","cap17","id_school_name_t5","Time 5 School","character","divergent","continuous","consistent",1,"approve",NA
"9","id_school_name","Survey Administration","Identifiers",2,"needs_review","h4l15","id_school_name_t1","T1 OrganisationName","character","divergent","continuous","consistent",1,"approve",NA
"9","id_school_name","Survey Administration","Identifiers",2,"needs_review","h4l15","id_school_name_t2","T2 OrganisationName","character","divergent","continuous","consistent",1,"approve",NA
"9","id_school_name","Survey Administration","Identifiers",2,"needs_review","h4l15","id_school_name_t3","T3 OrganisationName","character","divergent","continuous","consistent",1,"approve",NA
"9","id_school_name","Survey Administration","Identifiers",2,"needs_review","h4l15","id_school_name_t4","T4 OrganisationName","character","divergent","continuous","consistent",1,"approve",NA
"9","id_school_name","Survey Administration","Identifiers",2,"needs_review","h4l15","id_school_name_t5","OrganisationName","character","divergent","continuous","consistent",1,"approve",NA
"10","id_special_code","Survey Administration","Identifiers",2,"needs_review","cap17","id_special_code_t1","Time 1 - Special Code","character","divergent","continuous","consistent",1,"approve",NA
"10","id_special_code","Survey Administration","Identifiers",2,"needs_review","cap17","id_special_code_t2","Time 2 Special Code","character","divergent","continuous","consistent",1,"approve",NA
"10","id_special_code","Survey Administration","Identifiers",2,"needs_review","cap17","id_special_code_t3","Time 3 Special Code","character","divergent","continuous","consistent",1,"approve",NA
"10","id_special_code","Survey Administration","Identifiers",2,"needs_review","cap17","id_special_code_t4","Time 4 Special Code","character","divergent","continuous","consistent",1,"approve",NA
"10","id_special_code","Survey Administration","Identifiers",2,"needs_review","h4l15","id_special_code_t1","T1 Special Code","character","divergent","continuous","consistent",1,"approve",NA
"10","id_special_code","Survey Administration","Identifiers",2,"needs_review","h4l15","id_special_code_t2","T2_SpecialCode","numeric","divergent","continuous","consistent",1,"approve",NA
"11","id_trial_group","Survey Administration","Identifiers",2,"needs_review","cap17","id_trial_group_t1","Trial Group","character","divergent","categorical_mixed","consistent",1,"approve",NA
"11","id_trial_group","Survey Administration","Identifiers",2,"needs_review","cap17","id_trial_group_t2","Time 2 Trial Group","haven_labelled","divergent","categorical_mixed","consistent",1,"approve",NA
"11","id_trial_group","Survey Administration","Identifiers",2,"needs_review","cap17","id_trial_group_t3","Time 3 Trial Group","haven_labelled","divergent","categorical_mixed","consistent",1,"approve",NA
"11","id_trial_group","Survey Administration","Identifiers",2,"needs_review","cap17","id_trial_group_t4","Time 4 Trial Group","haven_labelled","divergent","categorical_mixed","consistent",1,"approve",NA
"11","id_trial_group","Survey Administration","Identifiers",2,"needs_review","cap17","id_trial_group_t5","Time 5 Trial Group","haven_labelled","divergent","categorical_mixed","consistent",1,"approve",NA
"11","id_trial_group","Survey Administration","Identifiers",2,"needs_review","h4l15","id_trial_group_t1","T1 TrialGroupTitle","character","divergent","categorical_mixed","consistent",1,"approve",NA
"11","id_trial_group","Survey Administration","Identifiers",2,"needs_review","h4l15","id_trial_group_t2","T2 TrialGroupTitle","character","divergent","categorical_mixed","consistent",1,"approve",NA
"11","id_trial_group","Survey Administration","Identifiers",2,"needs_review","h4l15","id_trial_group_t3","T3 TrialGroupTitle","character","divergent","categorical_mixed","consistent",1,"approve",NA
"11","id_trial_group","Survey Administration","Identifiers",2,"needs_review","h4l15","id_trial_group_t4","T4 TrialGroupTitle","character","divergent","categorical_mixed","consistent",1,"approve",NA
"11","id_trial_group","Survey Administration","Identifiers",2,"needs_review","h4l15","id_trial_group_t5","TrialGroupTitle","character","divergent","categorical_mixed","consistent",1,"approve",NA
"12","id_trial_group_num","Survey Administration","Identifiers",2,"needs_review","cap17","id_trial_group_num_t1","Time 1 Trial Group Code","haven_labelled","divergent","categorical_mixed","consistent",1,"approve",NA
"12","id_trial_group_num","Survey Administration","Identifiers",2,"needs_review","cap17","id_trial_group_num_t2","Time 2 Trial Group Code","haven_labelled","divergent","categorical_mixed","consistent",1,"approve",NA
"12","id_trial_group_num","Survey Administration","Identifiers",2,"needs_review","cap17","id_trial_group_num_t3","T3 Trial Group","haven_labelled","divergent","categorical_mixed","consistent",1,"approve",NA
"12","id_trial_group_num","Survey Administration","Identifiers",2,"needs_review","cap17","id_trial_group_num_t4","T4 Trial Group","haven_labelled","divergent","categorical_mixed","consistent",1,"approve",NA
"12","id_trial_group_num","Survey Administration","Identifiers",2,"needs_review","cap17","id_trial_group_num_t5","T5 Trial Group","haven_labelled","divergent","categorical_mixed","consistent",1,"approve",NA
"12","id_trial_group_num","Survey Administration","Identifiers",2,"needs_review","h4l15","id_trial_group_num_t1","T1 Trial group numeric version","haven_labelled","divergent","categorical_mixed","consistent",1,"approve",NA
"12","id_trial_group_num","Survey Administration","Identifiers",2,"needs_review","h4l15","id_trial_group_num_t2","T2 Trial group numeric recode","haven_labelled","divergent","categorical_mixed","consistent",1,"approve",NA
"12","id_trial_group_num","Survey Administration","Identifiers",2,"needs_review","h4l15","id_trial_group_num_t3","T3_trialgrp","numeric","divergent","categorical_mixed","consistent",1,"approve",NA
"12","id_trial_group_num","Survey Administration","Identifiers",2,"needs_review","h4l15","id_trial_group_num_t4","T4_trialgrp","numeric","divergent","categorical_mixed","consistent",1,"approve",NA
"12","id_trial_group_num","Survey Administration","Identifiers",2,"needs_review","h4l15","id_trial_group_num_t5","T5 Trial group numeric","numeric","divergent","categorical_mixed","consistent",1,"approve",NA
"13","ses_schtype","Socio-Economic Status","Social Disadvantage",2,"needs_review","cap17","ses_schtype_t1","Time 1 School Type","haven_labelled","divergent","incompatible","consistent",1,"approve",NA
"13","ses_schtype","Socio-Economic Status","Social Disadvantage",2,"needs_review","cap17","ses_schtype_t2","Time 2 School Type","haven_labelled","divergent","incompatible","consistent",1,"approve",NA
"13","ses_schtype","Socio-Economic Status","Social Disadvantage",2,"needs_review","cap17","ses_schtype_t3","T3 School Type","haven_labelled","divergent","incompatible","consistent",1,"approve",NA
"13","ses_schtype","Socio-Economic Status","Social Disadvantage",2,"needs_review","cap17","ses_schtype_t4","T4 School Type","haven_labelled","divergent","incompatible","consistent",1,"approve",NA
"13","ses_schtype","Socio-Economic Status","Social Disadvantage",2,"needs_review","cap17","ses_schtype_t5","T5 School Type","haven_labelled","divergent","incompatible","consistent",1,"approve",NA
"13","ses_schtype","Socio-Economic Status","Social Disadvantage",2,"needs_review","h4l15","ses_schtype_t1","T1 School type","haven_labelled","divergent","incompatible","consistent",1,"approve",NA
"14","sub_alc_binge","Substance Use","Alcohol",2,"needs_review","cap17","sub_alc_binge_t1","Time 1 Ever had 5 or more standard drinks on one occassion","haven_labelled","divergent","categorical_mixed","consistent",1,"approve",NA
"14","sub_alc_binge","Substance Use","Alcohol",2,"needs_review","cap17","sub_alc_binge_t2","Time 2 Ever had 5 or more standard drinks on one occassion","haven_labelled","divergent","categorical_mixed","consistent",1,"approve",NA
"14","sub_alc_binge","Substance Use","Alcohol",2,"needs_review","cap17","sub_alc_binge_t3","Time 3 Ever had 5 or more standard drinks on one occassion","haven_labelled","divergent","categorical_mixed","consistent",1,"approve",NA
"14","sub_alc_binge","Substance Use","Alcohol",2,"needs_review","cap17","sub_alc_binge_t4","T4 Ever had 5 or more standard drinks on one occassion","haven_labelled","divergent","categorical_mixed","consistent",1,"approve",NA
"14","sub_alc_binge","Substance Use","Alcohol",2,"needs_review","cap17","sub_alc_binge_t5","T5 Ever had 5 or more standard drinks on one occassion","haven_labelled","divergent","categorical_mixed","consistent",1,"approve",NA
"14","sub_alc_binge","Substance Use",NA,2,"needs_review","h4l15","sub_alc_binge_t4","T4 Ever binge drinking","numeric","divergent","categorical_mixed","consistent",1,"approve",NA
"15","sub_alc_binge_6m","Substance Use","Alcohol",2,"needs_review","cap17","sub_alc_binge_6m_t1","T1-How often do you have 5+ std drinks in the past 6 mths?","haven_labelled","divergent","incompatible","consistent",1,"approve",NA
"15","sub_alc_binge_6m","Substance Use","Alcohol",2,"needs_review","cap17","sub_alc_binge_6m_t2","T2-How often do you have 5+ std drinks in the past 6 mths?","haven_labelled","divergent","incompatible","consistent",1,"approve",NA
"15","sub_alc_binge_6m","Substance Use","Alcohol",2,"needs_review","cap17","sub_alc_binge_6m_t3","T3-How often do you have 5+ std drinks in the past 6 mths?","haven_labelled","divergent","incompatible","consistent",1,"approve",NA
"15","sub_alc_binge_6m","Substance Use","Alcohol",2,"needs_review","cap17","sub_alc_binge_6m_t4","T4-How often do you have 5+ std drinks in the past 6 mths?","haven_labelled","divergent","incompatible","consistent",1,"approve",NA
"15","sub_alc_binge_6m","Substance Use","Alcohol",2,"needs_review","cap17","sub_alc_binge_6m_t5","T5-How often do you have 5+ std drinks in the past 6 mths?","haven_labelled","divergent","incompatible","consistent",1,"approve",NA
"15","sub_alc_binge_6m","Substance Use",NA,2,"needs_review","h4l15","sub_alc_binge_6m_t1","T1 Binge drinking in the past six months","haven_labelled","divergent","incompatible","consistent",1,"approve",NA
"15","sub_alc_binge_6m","Substance Use",NA,2,"needs_review","h4l15","sub_alc_binge_6m_t2","T2 Binge drinking in the past six months","haven_labelled","divergent","incompatible","consistent",1,"approve",NA
"15","sub_alc_binge_6m","Substance Use",NA,2,"needs_review","h4l15","sub_alc_binge_6m_t3","T3 Binge drinking in the past six months","haven_labelled","divergent","incompatible","consistent",1,"approve",NA
"15","sub_alc_binge_6m","Substance Use",NA,2,"needs_review","h4l15","sub_alc_binge_6m_t4","T4 Binge drinking in the past six months","haven_labelled","divergent","incompatible","consistent",1,"approve",NA
"15","sub_alc_binge_6m","Substance Use",NA,2,"needs_review","h4l15","sub_alc_binge_6m_t5","T5 Binge drinking in the past six months","haven_labelled","divergent","incompatible","consistent",1,"approve",NA
"16","sub_alc_friends_drink","Substance Use","Alcohol",2,"needs_review","cap17","sub_alc_friends_drink_t1","T1-What proportion of friends/aquaintances drink any alcohol at all (even a sip)?","haven_labelled","divergent","incompatible","consistent",1,"approve",NA
"16","sub_alc_friends_drink","Substance Use","Alcohol",2,"needs_review","cap17","sub_alc_friends_drink_t2","T2-What proportion of friends/aquaintances drink any alcohol at all (even a sip)?","haven_labelled","divergent","incompatible","consistent",1,"approve",NA
"16","sub_alc_friends_drink","Substance Use","Alcohol",2,"needs_review","cap17","sub_alc_friends_drink_t3","T3-What proportion of friends/aquaintances drink any alcohol at all (even a sip)?","haven_labelled","divergent","incompatible","consistent",1,"approve",NA
"16","sub_alc_friends_drink","Substance Use","Alcohol",2,"needs_review","cap17","sub_alc_friends_drink_t4","T4-What proportion of friends/aquaintances drink any alcohol at all (even a sip)?","haven_labelled","divergent","incompatible","consistent",1,"approve",NA
"16","sub_alc_friends_drink","Substance Use","Alcohol",2,"needs_review","cap17","sub_alc_friends_drink_t5","T5-What proportion of friends/aquaintances drink any alcohol at all (even a sip)?","haven_labelled","divergent","incompatible","consistent",1,"approve",NA
"16","sub_alc_friends_drink","Substance Use",NA,2,"needs_review","h4l15","sub_alc_friends_drink_t1","T1 About what proportion of your friends and acquaintances drink any alcohol at all (even a sip)?","haven_labelled","divergent","incompatible","consistent",1,"approve",NA
"16","sub_alc_friends_drink","Substance Use",NA,2,"needs_review","h4l15","sub_alc_friends_drink_t2","T2 About what proportion of your friends and acquaintances drink any alcohol at all (even a sip)?","haven_labelled","divergent","incompatible","consistent",1,"approve",NA
"16","sub_alc_friends_drink","Substance Use",NA,2,"needs_review","h4l15","sub_alc_friends_drink_t3","T3 About what proportion of your friends and acquaintances drink any alcohol at all (even a sip)?","haven_labelled","divergent","incompatible","consistent",1,"approve",NA
"16","sub_alc_friends_drink","Substance Use",NA,2,"needs_review","h4l15","sub_alc_friends_drink_t4","T4 About what proportion of your friends and acquaintances drink any alcohol at all (even a sip)?","haven_labelled","divergent","incompatible","consistent",1,"approve",NA
"16","sub_alc_friends_drink","Substance Use",NA,2,"needs_review","h4l15","sub_alc_friends_drink_t5","About what proportion of your friends and acquaintances drink any alcohol at all (even a sip)?","haven_labelled","divergent","incompatible","consistent",1,"approve",NA
"17","sub_alc_friends_drunk","Substance Use","Alcohol",2,"needs_review","cap17","sub_alc_friends_drunk_t1","T1-What proportion of your friends/acquaintances drink alcohol to get drunk?","haven_labelled","divergent","incompatible","consistent",1,"approve",NA
"17","sub_alc_friends_drunk","Substance Use","Alcohol",2,"needs_review","cap17","sub_alc_friends_drunk_t2","T2-What proportion of your friends/acquaintances drink alcohol to get drunk?","haven_labelled","divergent","incompatible","consistent",1,"approve",NA
"17","sub_alc_friends_drunk","Substance Use","Alcohol",2,"needs_review","cap17","sub_alc_friends_drunk_t3","T3-What proportion of your friends/acquaintances drink alcohol to get drunk?","haven_labelled","divergent","incompatible","consistent",1,"approve",NA
"17","sub_alc_friends_drunk","Substance Use","Alcohol",2,"needs_review","cap17","sub_alc_friends_drunk_t4","T4-What proportion of your friends/acquaintances drink alcohol to get drunk?","haven_labelled","divergent","incompatible","consistent",1,"approve",NA
"17","sub_alc_friends_drunk","Substance Use","Alcohol",2,"needs_review","cap17","sub_alc_friends_drunk_t5","T5-What proportion of your friends/acquaintances drink alcohol to get drunk?","haven_labelled","divergent","incompatible","consistent",1,"approve",NA
"17","sub_alc_friends_drunk","Substance Use",NA,2,"needs_review","h4l15","sub_alc_friends_drunk_t1","T1 About what proportion of your friends and acquaintances drink alcohol to get drunk?","haven_labelled","divergent","incompatible","consistent",1,"approve",NA
"17","sub_alc_friends_drunk","Substance Use",NA,2,"needs_review","h4l15","sub_alc_friends_drunk_t2","T2 About what proportion of your friends and acquaintances drink alcohol to get drunk?","haven_labelled","divergent","incompatible","consistent",1,"approve",NA
"17","sub_alc_friends_drunk","Substance Use",NA,2,"needs_review","h4l15","sub_alc_friends_drunk_t3","T3 About what proportion of your friends and acquaintances drink alcohol to get drunk?","haven_labelled","divergent","incompatible","consistent",1,"approve",NA
"17","sub_alc_friends_drunk","Substance Use",NA,2,"needs_review","h4l15","sub_alc_friends_drunk_t4","T4 About what proportion of your friends and acquaintances drink alcohol to get drunk?","haven_labelled","divergent","incompatible","consistent",1,"approve",NA
"17","sub_alc_friends_drunk","Substance Use",NA,2,"needs_review","h4l15","sub_alc_friends_drunk_t5","About what proportion of your friends and acquaintances drink alcohol to get drunk?","haven_labelled","divergent","incompatible","consistent",1,"approve",NA
"18","sub_alc_full","Substance Use","Alcohol",2,"needs_review","cap17","sub_alc_full_t1","Time 1 Ever had a full serve of alcohol","haven_labelled","divergent","incompatible","consistent",1,"approve",NA
"18","sub_alc_full","Substance Use","Alcohol",2,"needs_review","cap17","sub_alc_full_t2","Time 2 Ever had a full serve of alcohol","haven_labelled","divergent","incompatible","consistent",1,"approve",NA
"18","sub_alc_full","Substance Use","Alcohol",2,"needs_review","cap17","sub_alc_full_t3","Time 3 Ever had a full serve of alcohol","haven_labelled","divergent","incompatible","consistent",1,"approve",NA
"18","sub_alc_full","Substance Use","Alcohol",2,"needs_review","cap17","sub_alc_full_t4","T4 Ever had a full serve of alcohol","haven_labelled","divergent","incompatible","consistent",1,"approve",NA
"18","sub_alc_full","Substance Use","Alcohol",2,"needs_review","cap17","sub_alc_full_t5","T5 Ever had a full serve of alcohol","haven_labelled","divergent","incompatible","consistent",1,"approve",NA
"18","sub_alc_full","Substance Use",NA,2,"needs_review","h4l15","sub_alc_full_t1","T1 Ever consumed full standard drink with skipped as missing","haven_labelled","divergent","incompatible","consistent",1,"approve",NA
"18","sub_alc_full","Substance Use",NA,2,"needs_review","h4l15","sub_alc_full_t2","T2 Ever consumed full standard drink with skipped as missing","haven_labelled","divergent","incompatible","consistent",1,"approve",NA
"18","sub_alc_full","Substance Use",NA,2,"needs_review","h4l15","sub_alc_full_t3","T3 Ever consumed full standard drink","haven_labelled","divergent","incompatible","consistent",1,"approve",NA
"18","sub_alc_full","Substance Use",NA,2,"needs_review","h4l15","sub_alc_full_t4","T4 Ever consumed full standard drink","haven_labelled","divergent","incompatible","consistent",1,"approve",NA
"18","sub_alc_full","Substance Use",NA,2,"needs_review","h4l15","sub_alc_full_t5","T5 Ever consumed full standard drink","haven_labelled","divergent","incompatible","consistent",1,"approve",NA
"19","sub_alc_full_6m","Substance Use","Alcohol",2,"needs_review","cap17","sub_alc_full_6m_t1","T1- Have you had a std alcoholic drink in the past 6 months?","haven_labelled","divergent","incompatible","consistent",1,"approve",NA
"19","sub_alc_full_6m","Substance Use","Alcohol",2,"needs_review","cap17","sub_alc_full_6m_t2","T2- Have you had a std alcoholic drink in the past 6 months?","haven_labelled","divergent","incompatible","consistent",1,"approve",NA
"19","sub_alc_full_6m","Substance Use","Alcohol",2,"needs_review","cap17","sub_alc_full_6m_t3","T3- Have you had a std alcoholic drink in the past 6 months?","haven_labelled","divergent","incompatible","consistent",1,"approve",NA
"19","sub_alc_full_6m","Substance Use","Alcohol",2,"needs_review","cap17","sub_alc_full_6m_t4","T4- Have you had a std alcoholic drink in the past 6 months?","haven_labelled","divergent","incompatible","consistent",1,"approve",NA
"19","sub_alc_full_6m","Substance Use","Alcohol",2,"needs_review","cap17","sub_alc_full_6m_t5","T5- Have you had a std alcoholic drink in the past 6 months?","haven_labelled","divergent","incompatible","consistent",1,"approve",NA
"19","sub_alc_full_6m","Substance Use",NA,2,"needs_review","h4l15","sub_alc_full_6m_t1","T1 Consumed a full standard drink in the past 6 months","haven_labelled","divergent","incompatible","consistent",1,"approve",NA
"19","sub_alc_full_6m","Substance Use",NA,2,"needs_review","h4l15","sub_alc_full_6m_t2","T2 Consumed a full standard drink in the past 6 months","haven_labelled","divergent","incompatible","consistent",1,"approve",NA
"19","sub_alc_full_6m","Substance Use",NA,2,"needs_review","h4l15","sub_alc_full_6m_t3","T3 Consumed a full standard drink in the past 6 months","haven_labelled","divergent","incompatible","consistent",1,"approve",NA
"19","sub_alc_full_6m","Substance Use",NA,2,"needs_review","h4l15","sub_alc_full_6m_t4","T4 Consumed a full standard drink in the past 6 months","haven_labelled","divergent","incompatible","consistent",1,"approve",NA
"19","sub_alc_full_6m","Substance Use",NA,2,"needs_review","h4l15","sub_alc_full_6m_t5","T5 Consumed a full standard drink in the past 6 months","haven_labelled","divergent","incompatible","consistent",1,"approve",NA
"20","sub_alc_full_6m_freq","Substance Use","Alcohol",2,"needs_review","cap17","sub_alc_full_6m_freq_t1","T1-How often did you have a std alcoholic drink of any kind in the past 6 mths?","haven_labelled","divergent","categorical_mixed","consistent",1,"approve",NA
"20","sub_alc_full_6m_freq","Substance Use","Alcohol",2,"needs_review","cap17","sub_alc_full_6m_freq_t2","T2-How often did you have a std alcoholic drink of any kind in the past 6 mths?","haven_labelled","divergent","categorical_mixed","consistent",1,"approve",NA
"20","sub_alc_full_6m_freq","Substance Use","Alcohol",2,"needs_review","cap17","sub_alc_full_6m_freq_t3","T3-How often did you have a std alcoholic drink of any kind in the past 6 mths?","haven_labelled","divergent","categorical_mixed","consistent",1,"approve",NA
"20","sub_alc_full_6m_freq","Substance Use","Alcohol",2,"needs_review","cap17","sub_alc_full_6m_freq_t4","T4-How often did you have a std alcoholic drink of any kind in the past 6 mths?","haven_labelled","divergent","categorical_mixed","consistent",1,"approve",NA
"20","sub_alc_full_6m_freq","Substance Use","Alcohol",2,"needs_review","cap17","sub_alc_full_6m_freq_t5","T5-How often did you have a std alcoholic drink of any kind in the past 6 mths?","haven_labelled","divergent","categorical_mixed","consistent",1,"approve",NA
"20","sub_alc_full_6m_freq","Substance Use",NA,2,"needs_review","h4l15","sub_alc_full_6m_freq_t1","T1 Frequency of full standard drink consumption in the past 6 months","haven_labelled","divergent","categorical_mixed","consistent",1,"approve",NA
"20","sub_alc_full_6m_freq","Substance Use",NA,2,"needs_review","h4l15","sub_alc_full_6m_freq_t2","T2 Frequency of full standard drink consumption in the past 6 months","haven_labelled","divergent","categorical_mixed","consistent",1,"approve",NA
"20","sub_alc_full_6m_freq","Substance Use",NA,2,"needs_review","h4l15","sub_alc_full_6m_freq_t3","T3 Frequency of full standard drink consumption in the past 6 months","numeric","divergent","categorical_mixed","consistent",1,"approve",NA
"20","sub_alc_full_6m_freq","Substance Use",NA,2,"needs_review","h4l15","sub_alc_full_6m_freq_t4","T4 Frequency of full standard drink consumption in the past 6 months","numeric","divergent","categorical_mixed","consistent",1,"approve",NA
"20","sub_alc_full_6m_freq","Substance Use",NA,2,"needs_review","h4l15","sub_alc_full_6m_freq_t5","T5 Frequency of full standard drink consumption in the past 6 months","numeric","divergent","categorical_mixed","consistent",1,"approve",NA
"21","sub_alc_full_6m_qty","Substance Use","Alcohol",2,"needs_review","cap17","sub_alc_full_6m_qty_t1","Time 1 Average daily quantity in standard drinks in past 6 months","numeric","divergent","categorical_mixed","consistent",1,"approve",NA
"21","sub_alc_full_6m_qty","Substance Use","Alcohol",2,"needs_review","cap17","sub_alc_full_6m_qty_t2","Time 2 Average daily quantity in standard drinks in past 6 months","numeric","divergent","categorical_mixed","consistent",1,"approve",NA
"21","sub_alc_full_6m_qty","Substance Use","Alcohol",2,"needs_review","cap17","sub_alc_full_6m_qty_t3","Time 3 Average daily quantity in standard drinks in past 6 months","numeric","divergent","categorical_mixed","consistent",1,"approve",NA
"21","sub_alc_full_6m_qty","Substance Use","Alcohol",2,"needs_review","cap17","sub_alc_full_6m_qty_t4","T4 Average daily quantity in standard drinks in past 6 months","numeric","divergent","categorical_mixed","consistent",1,"approve",NA
"21","sub_alc_full_6m_qty","Substance Use","Alcohol",2,"needs_review","cap17","sub_alc_full_6m_qty_t5","T5 Average daily quantity in standard drinks in past 6 months","numeric","divergent","categorical_mixed","consistent",1,"approve",NA
"21","sub_alc_full_6m_qty","Substance Use",NA,2,"needs_review","h4l15","sub_alc_full_6m_qty_t1","T1 Alcohol quantity in past 6 months","haven_labelled","divergent","categorical_mixed","consistent",1,"approve",NA
"21","sub_alc_full_6m_qty","Substance Use",NA,2,"needs_review","h4l15","sub_alc_full_6m_qty_t2","T2 Alcohol quantity in the past 6 months","haven_labelled","divergent","categorical_mixed","consistent",1,"approve",NA
"21","sub_alc_full_6m_qty","Substance Use",NA,2,"needs_review","h4l15","sub_alc_full_6m_qty_t3","T3 Quantity of alcohol consumed in past 6 months","numeric","divergent","categorical_mixed","consistent",1,"approve",NA
"21","sub_alc_full_6m_qty","Substance Use",NA,2,"needs_review","h4l15","sub_alc_full_6m_qty_t4","T4 Quantity of alcohol consumed in past 6 months","numeric","divergent","categorical_mixed","consistent",1,"approve",NA
"21","sub_alc_full_6m_qty","Substance Use",NA,2,"needs_review","h4l15","sub_alc_full_6m_qty_t5","T5 Quantity of full standard drink consumed when drinking in past 6 months","numeric","divergent","categorical_mixed","consistent",1,"approve",NA
"22","sub_alc_full_6m_qty_raw","Substance Use","Alcohol",2,"needs_review","cap17","sub_alc_full_6m_qty_raw_t1","T1-In the past 6 mths, how many std drinks on a typical day?","haven_labelled","divergent","incompatible","consistent",1,"approve",NA
"22","sub_alc_full_6m_qty_raw","Substance Use","Alcohol",2,"needs_review","cap17","sub_alc_full_6m_qty_raw_t2","T2-In the past 6 mths, how many std drinks on a typical day?","haven_labelled","divergent","incompatible","consistent",1,"approve",NA
"22","sub_alc_full_6m_qty_raw","Substance Use","Alcohol",2,"needs_review","cap17","sub_alc_full_6m_qty_raw_t3","T3-In the past 6 mths, how many std drinks on a typical day?","haven_labelled","divergent","incompatible","consistent",1,"approve",NA
"22","sub_alc_full_6m_qty_raw","Substance Use","Alcohol",2,"needs_review","cap17","sub_alc_full_6m_qty_raw_t4","T4-In the past 6 mths, how many std drinks on a typical day?","haven_labelled","divergent","incompatible","consistent",1,"approve",NA
"22","sub_alc_full_6m_qty_raw","Substance Use","Alcohol",2,"needs_review","cap17","sub_alc_full_6m_qty_raw_t5","T5-In the past 6 mths, how many std drinks on a typical day?","haven_labelled","divergent","incompatible","consistent",1,"approve",NA
"22","sub_alc_full_6m_qty_raw","Substance Use",NA,2,"needs_review","h4l15","sub_alc_full_6m_qty_raw_t1","T1 In the past 6 months, how many standard drinks did you have on a typical day when you were drinking alcohol?","haven_labelled","divergent","incompatible","consistent",1,"approve",NA
"22","sub_alc_full_6m_qty_raw","Substance Use",NA,2,"needs_review","h4l15","sub_alc_full_6m_qty_raw_t2","T2 In the past 6 months, how many standard drinks did you have on a typical day when you were drinking alcohol?","haven_labelled","divergent","incompatible","consistent",1,"approve",NA
"22","sub_alc_full_6m_qty_raw","Substance Use",NA,2,"needs_review","h4l15","sub_alc_full_6m_qty_raw_t3","T3 In the past 6 months, how many standard drinks did you have on a typical day when you were drinking alcohol?","haven_labelled","divergent","incompatible","consistent",1,"approve",NA
"22","sub_alc_full_6m_qty_raw","Substance Use",NA,2,"needs_review","h4l15","sub_alc_full_6m_qty_raw_t4","T4 In the past 6 months, how many standard drinks did you have on a typical day when you were drinking alcohol?","haven_labelled","divergent","incompatible","consistent",1,"approve",NA
"22","sub_alc_full_6m_qty_raw","Substance Use",NA,2,"needs_review","h4l15","sub_alc_full_6m_qty_raw_t5","In the past 6 months, how many standard drinks did you have on a typical day when you were drinking alcohol?","haven_labelled","divergent","incompatible","consistent",1,"approve",NA
"23","sub_alc_int","Substance Use","Alcohol",2,"needs_review","cap17","sub_alc_int_t1","T1 Alcohol Intentions","haven_labelled","divergent","incompatible","consistent",1,"approve",NA
"23","sub_alc_int","Substance Use","Alcohol",2,"needs_review","cap17","sub_alc_int_t2","Time 2 Alcohol Intentions","haven_labelled","divergent","incompatible","consistent",1,"approve",NA
"23","sub_alc_int","Substance Use","Alcohol",2,"needs_review","cap17","sub_alc_int_t3","T3 Alcohol Intentions","haven_labelled","divergent","incompatible","consistent",1,"approve",NA
"23","sub_alc_int","Substance Use","Alcohol",2,"needs_review","cap17","sub_alc_int_t4","T4 Alcohol Intentions","haven_labelled","divergent","incompatible","consistent",1,"approve",NA
"23","sub_alc_int","Substance Use","Alcohol",2,"needs_review","cap17","sub_alc_int_t5","T5 Alcohol Intentions","haven_labelled","divergent","incompatible","consistent",1,"approve",NA
"23","sub_alc_int","Substance Use","Alcohol",2,"needs_review","cap17","sub_alc_int_t6","Time 6 Alcohol Intentions","haven_labelled","divergent","incompatible","consistent",1,"approve",NA
"23","sub_alc_int","Substance Use","Alcohol",2,"needs_review","cap17","sub_alc_int_t7","Time 7 Alcohol Intentions","haven_labelled","divergent","incompatible","consistent",1,"approve",NA
"23","sub_alc_int","Substance Use",NA,2,"needs_review","h4l15","sub_alc_int_t1","T1 Alcohol intentions to use","haven_labelled","divergent","incompatible","consistent",1,"approve",NA
"23","sub_alc_int","Substance Use",NA,2,"needs_review","h4l15","sub_alc_int_t2","T2 Alcohol intentions to use","haven_labelled","divergent","incompatible","consistent",1,"approve",NA
"23","sub_alc_int","Substance Use",NA,2,"needs_review","h4l15","sub_alc_int_t3","T3 Alcohol intentions to use","haven_labelled","divergent","incompatible","consistent",1,"approve",NA
"23","sub_alc_int","Substance Use",NA,2,"needs_review","h4l15","sub_alc_int_t4","T4 Alcohol","haven_labelled","divergent","incompatible","consistent",1,"approve",NA
"23","sub_alc_int","Substance Use",NA,2,"needs_review","h4l15","sub_alc_int_t5","Alcohol","haven_labelled","divergent","incompatible","consistent",1,"approve",NA
"24","sub_alc_rapi_01","Substance Use","Harms and Consequences",2,"needs_review","cap17","sub_alc_rapi_01_t1","T1-got into fights, acted bad or did mean things","haven_labelled","divergent","incompatible","consistent",1,"approve",NA
"24","sub_alc_rapi_01","Substance Use","Harms and Consequences",2,"needs_review","cap17","sub_alc_rapi_01_t2","T2-got into fights, acted bad or did mean things","haven_labelled","divergent","incompatible","consistent",1,"approve",NA
"24","sub_alc_rapi_01","Substance Use","Harms and Consequences",2,"needs_review","cap17","sub_alc_rapi_01_t3","T3-got into fights, acted bad or did mean things","haven_labelled","divergent","incompatible","consistent",1,"approve",NA
"24","sub_alc_rapi_01","Substance Use","Harms and Consequences",2,"needs_review","cap17","sub_alc_rapi_01_t4","T4-got into fights, acted bad or did mean things","haven_labelled","divergent","incompatible","consistent",1,"approve",NA
"24","sub_alc_rapi_01","Substance Use","Harms and Consequences",2,"needs_review","cap17","sub_alc_rapi_01_t5","T5-got into fights, acted bad or did mean things","haven_labelled","divergent","incompatible","consistent",1,"approve",NA
"24","sub_alc_rapi_01","Substance Use",NA,2,"needs_review","h4l15","sub_alc_rapi_01_t1","T1 Got into fights, acted bad, or did mean things","haven_labelled","divergent","incompatible","consistent",1,"approve",NA
"24","sub_alc_rapi_01","Substance Use",NA,2,"needs_review","h4l15","sub_alc_rapi_01_t3","T3 Got into fights, acted bad, or did mean things","haven_labelled","divergent","incompatible","consistent",1,"approve",NA
"24","sub_alc_rapi_01","Substance Use",NA,2,"needs_review","h4l15","sub_alc_rapi_01_t4","T4 Got into fights, acted bad, or did mean things","haven_labelled","divergent","incompatible","consistent",1,"approve",NA
"24","sub_alc_rapi_01","Substance Use",NA,2,"needs_review","h4l15","sub_alc_rapi_01_t5","Got into fights, acted bad, or did mean things","haven_labelled","divergent","incompatible","consistent",1,"approve",NA
"25","sub_alc_rapi_02","Substance Use","Harms and Consequences",2,"needs_review","cap17","sub_alc_rapi_02_t1","T1-caused shame or embarrasment to someone","haven_labelled","divergent","incompatible","consistent",1,"approve",NA
"25","sub_alc_rapi_02","Substance Use","Harms and Consequences",2,"needs_review","cap17","sub_alc_rapi_02_t2","T2-caused shame or embarrasment to someone","haven_labelled","divergent","incompatible","consistent",1,"approve",NA
"25","sub_alc_rapi_02","Substance Use","Harms and Consequences",2,"needs_review","cap17","sub_alc_rapi_02_t3","T3-caused shame or embarrasment to someone","haven_labelled","divergent","incompatible","consistent",1,"approve",NA
"25","sub_alc_rapi_02","Substance Use","Harms and Consequences",2,"needs_review","cap17","sub_alc_rapi_02_t4","T4-caused shame or embarrasment to someone","haven_labelled","divergent","incompatible","consistent",1,"approve",NA
"25","sub_alc_rapi_02","Substance Use","Harms and Consequences",2,"needs_review","cap17","sub_alc_rapi_02_t5","T5-caused shame or embarrasment to someone","haven_labelled","divergent","incompatible","consistent",1,"approve",NA
"25","sub_alc_rapi_02","Substance Use",NA,2,"needs_review","h4l15","sub_alc_rapi_02_t1","T1 Caused shame or embarrassment to someone","haven_labelled","divergent","incompatible","consistent",1,"approve",NA
"25","sub_alc_rapi_02","Substance Use",NA,2,"needs_review","h4l15","sub_alc_rapi_02_t3","T3 Caused shame or embarrassment to someone","haven_labelled","divergent","incompatible","consistent",1,"approve",NA
"25","sub_alc_rapi_02","Substance Use",NA,2,"needs_review","h4l15","sub_alc_rapi_02_t4","T4 Caused shame or embarrassment to someone","haven_labelled","divergent","incompatible","consistent",1,"approve",NA
"25","sub_alc_rapi_02","Substance Use",NA,2,"needs_review","h4l15","sub_alc_rapi_02_t5","Caused shame or embarrassment to someone","haven_labelled","divergent","incompatible","consistent",1,"approve",NA
"26","sub_alc_rapi_03","Substance Use","Harms and Consequences",2,"needs_review","cap17","sub_alc_rapi_03_t1","T1-neglected my responsibilities","haven_labelled","divergent","incompatible","consistent",1,"approve",NA
"26","sub_alc_rapi_03","Substance Use","Harms and Consequences",2,"needs_review","cap17","sub_alc_rapi_03_t2","T2-neglected my responsibilities","haven_labelled","divergent","incompatible","consistent",1,"approve",NA
"26","sub_alc_rapi_03","Substance Use","Harms and Consequences",2,"needs_review","cap17","sub_alc_rapi_03_t3","T3-neglected my responsibilities","haven_labelled","divergent","incompatible","consistent",1,"approve",NA
"26","sub_alc_rapi_03","Substance Use","Harms and Consequences",2,"needs_review","cap17","sub_alc_rapi_03_t4","T4-neglected my responsibilities","haven_labelled","divergent","incompatible","consistent",1,"approve",NA
"26","sub_alc_rapi_03","Substance Use","Harms and Consequences",2,"needs_review","cap17","sub_alc_rapi_03_t5","T5-neglected my responsibilities","haven_labelled","divergent","incompatible","consistent",1,"approve",NA
"26","sub_alc_rapi_03","Substance Use",NA,2,"needs_review","h4l15","sub_alc_rapi_03_t1","T1 Neglected my responsibilities","haven_labelled","divergent","incompatible","consistent",1,"approve",NA
"26","sub_alc_rapi_03","Substance Use",NA,2,"needs_review","h4l15","sub_alc_rapi_03_t3","T3 Neglected my responsibilities","haven_labelled","divergent","incompatible","consistent",1,"approve",NA
"26","sub_alc_rapi_03","Substance Use",NA,2,"needs_review","h4l15","sub_alc_rapi_03_t4","T4 Neglected my responsibilities","haven_labelled","divergent","incompatible","consistent",1,"approve",NA
"26","sub_alc_rapi_03","Substance Use",NA,2,"needs_review","h4l15","sub_alc_rapi_03_t5","Neglected my responsibilities","haven_labelled","divergent","incompatible","consistent",1,"approve",NA
"27","sub_alc_rapi_04","Substance Use","Harms and Consequences",2,"needs_review","cap17","sub_alc_rapi_04_t1","T1-noticed a change in my personality","haven_labelled","divergent","incompatible","consistent",1,"approve",NA
"27","sub_alc_rapi_04","Substance Use","Harms and Consequences",2,"needs_review","cap17","sub_alc_rapi_04_t2","T2-noticed a change in my personality","haven_labelled","divergent","incompatible","consistent",1,"approve",NA
"27","sub_alc_rapi_04","Substance Use","Harms and Consequences",2,"needs_review","cap17","sub_alc_rapi_04_t3","T3-noticed a change in my personality","haven_labelled","divergent","incompatible","consistent",1,"approve",NA
"27","sub_alc_rapi_04","Substance Use","Harms and Consequences",2,"needs_review","cap17","sub_alc_rapi_04_t4","T4-noticed a change in my personality","haven_labelled","divergent","incompatible","consistent",1,"approve",NA
"27","sub_alc_rapi_04","Substance Use","Harms and Consequences",2,"needs_review","cap17","sub_alc_rapi_04_t5","T5-noticed a change in my personality","haven_labelled","divergent","incompatible","consistent",1,"approve",NA
"27","sub_alc_rapi_04","Substance Use",NA,2,"needs_review","h4l15","sub_alc_rapi_04_t1","T1 Noticed a change in my personality ","haven_labelled","divergent","incompatible","consistent",1,"approve",NA
"27","sub_alc_rapi_04","Substance Use",NA,2,"needs_review","h4l15","sub_alc_rapi_04_t3","T3 Noticed a change in my personality ","haven_labelled","divergent","incompatible","consistent",1,"approve",NA
"27","sub_alc_rapi_04","Substance Use",NA,2,"needs_review","h4l15","sub_alc_rapi_04_t4","T4 Noticed a change in my personality","haven_labelled","divergent","incompatible","consistent",1,"approve",NA
"27","sub_alc_rapi_04","Substance Use",NA,2,"needs_review","h4l15","sub_alc_rapi_04_t5","Noticed a change in my personality","haven_labelled","divergent","incompatible","consistent",1,"approve",NA
"28","sub_alc_rapi_05","Substance Use","Harms and Consequences",2,"needs_review","cap17","sub_alc_rapi_05_t1","T1-suddenly found myself in a place that I could not remember getting into","haven_labelled","divergent","incompatible","consistent",1,"approve",NA
"28","sub_alc_rapi_05","Substance Use","Harms and Consequences",2,"needs_review","cap17","sub_alc_rapi_05_t2","T2-suddenly found myself in a place that I could not remember getting into","haven_labelled","divergent","incompatible","consistent",1,"approve",NA
"28","sub_alc_rapi_05","Substance Use","Harms and Consequences",2,"needs_review","cap17","sub_alc_rapi_05_t3","T3-suddenly found myself in a place that I could not remember getting into","haven_labelled","divergent","incompatible","consistent",1,"approve",NA
"28","sub_alc_rapi_05","Substance Use","Harms and Consequences",2,"needs_review","cap17","sub_alc_rapi_05_t4","T4-suddenly found myself in a place that I could not remember getting into","haven_labelled","divergent","incompatible","consistent",1,"approve",NA
"28","sub_alc_rapi_05","Substance Use","Harms and Consequences",2,"needs_review","cap17","sub_alc_rapi_05_t5","T5-suddenly found myself in a place that I could not remember getting into","haven_labelled","divergent","incompatible","consistent",1,"approve",NA
"28","sub_alc_rapi_05","Substance Use",NA,2,"needs_review","h4l15","sub_alc_rapi_05_t1","T1 Suddenly found myself in a place that I could not remember getting to","haven_labelled","divergent","incompatible","consistent",1,"approve",NA
"28","sub_alc_rapi_05","Substance Use",NA,2,"needs_review","h4l15","sub_alc_rapi_05_t3","T3 Suddenly found myself in a place that I could not remember getting to","haven_labelled","divergent","incompatible","consistent",1,"approve",NA
"28","sub_alc_rapi_05","Substance Use",NA,2,"needs_review","h4l15","sub_alc_rapi_05_t4","T4 Suddenly found myself in a place that I could not remember getting to","haven_labelled","divergent","incompatible","consistent",1,"approve",NA
"28","sub_alc_rapi_05","Substance Use",NA,2,"needs_review","h4l15","sub_alc_rapi_05_t5","Suddenly found myself in a place that I could not remember getting to","haven_labelled","divergent","incompatible","consistent",1,"approve",NA
"29","sub_alc_rapi_06","Substance Use","Harms and Consequences",2,"needs_review","cap17","sub_alc_rapi_06_t1","T1-Felt I needed more alcohol than I used to drink in order to get the same effect","haven_labelled","divergent","incompatible","consistent",1,"approve",NA
"29","sub_alc_rapi_06","Substance Use","Harms and Consequences",2,"needs_review","cap17","sub_alc_rapi_06_t2","T2-Felt I needed more alcohol than I used to drink in order to get the same effect","haven_labelled","divergent","incompatible","consistent",1,"approve",NA
"29","sub_alc_rapi_06","Substance Use","Harms and Consequences",2,"needs_review","cap17","sub_alc_rapi_06_t3","T3-Felt I needed more alcohol than I used to drink in order to get the same effect","haven_labelled","divergent","incompatible","consistent",1,"approve",NA
"29","sub_alc_rapi_06","Substance Use","Harms and Consequences",2,"needs_review","cap17","sub_alc_rapi_06_t4","T4-Felt I needed more alcohol than I used to drink in order to get the same effect","haven_labelled","divergent","incompatible","consistent",1,"approve",NA
"29","sub_alc_rapi_06","Substance Use","Harms and Consequences",2,"needs_review","cap17","sub_alc_rapi_06_t5","T5-Felt I needed more alcohol than I used to drink in order to get the same effect","haven_labelled","divergent","incompatible","consistent",1,"approve",NA
"29","sub_alc_rapi_06","Substance Use",NA,2,"needs_review","h4l15","sub_alc_rapi_06_t1","T1 Felt that I needed more alcohol than I used to drink in order to get the same effect","haven_labelled","divergent","incompatible","consistent",1,"approve",NA
"29","sub_alc_rapi_06","Substance Use",NA,2,"needs_review","h4l15","sub_alc_rapi_06_t3","T3 Felt that I needed more alcohol than I used to drink in order to get the same effect","haven_labelled","divergent","incompatible","consistent",1,"approve",NA
"29","sub_alc_rapi_06","Substance Use",NA,2,"needs_review","h4l15","sub_alc_rapi_06_t4","T4 Felt that I needed more alcohol than I used to drink in order to get the same effect","haven_labelled","divergent","incompatible","consistent",1,"approve",NA
"29","sub_alc_rapi_06","Substance Use",NA,2,"needs_review","h4l15","sub_alc_rapi_06_t5","Felt that I needed more alcohol than I used to drink in order to get the same effect","haven_labelled","divergent","incompatible","consistent",1,"approve",NA
"30","sub_alc_rapi_07","Substance Use","Harms and Consequences",2,"needs_review","cap17","sub_alc_rapi_07_t1","T1-Tried to cut down on drinking","haven_labelled","divergent","incompatible","consistent",1,"approve",NA
"30","sub_alc_rapi_07","Substance Use","Harms and Consequences",2,"needs_review","cap17","sub_alc_rapi_07_t2","T2-Tried to cut down on drinking","haven_labelled","divergent","incompatible","consistent",1,"approve",NA
"30","sub_alc_rapi_07","Substance Use","Harms and Consequences",2,"needs_review","cap17","sub_alc_rapi_07_t3","T3-Tried to cut down on drinking","haven_labelled","divergent","incompatible","consistent",1,"approve",NA
"30","sub_alc_rapi_07","Substance Use","Harms and Consequences",2,"needs_review","cap17","sub_alc_rapi_07_t4","T4-Tried to cut down on drinking","haven_labelled","divergent","incompatible","consistent",1,"approve",NA
"30","sub_alc_rapi_07","Substance Use","Harms and Consequences",2,"needs_review","cap17","sub_alc_rapi_07_t5","T5-Tried to cut down on drinking","haven_labelled","divergent","incompatible","consistent",1,"approve",NA
"30","sub_alc_rapi_07","Substance Use",NA,2,"needs_review","h4l15","sub_alc_rapi_07_t1","T1 Tried to cut down or quit drinking ","haven_labelled","divergent","incompatible","consistent",1,"approve",NA
"30","sub_alc_rapi_07","Substance Use",NA,2,"needs_review","h4l15","sub_alc_rapi_07_t3","T3 Tried to cut down or quit drinking ","haven_labelled","divergent","incompatible","consistent",1,"approve",NA
"30","sub_alc_rapi_07","Substance Use",NA,2,"needs_review","h4l15","sub_alc_rapi_07_t4","T4 Tried to cut down or quit drinking","haven_labelled","divergent","incompatible","consistent",1,"approve",NA
"30","sub_alc_rapi_07","Substance Use",NA,2,"needs_review","h4l15","sub_alc_rapi_07_t5","Tried to cut down or quit drinking","haven_labelled","divergent","incompatible","consistent",1,"approve",NA
"31","sub_alc_rapi_08","Substance Use","Harms and Consequences",2,"needs_review","cap17","sub_alc_rapi_08_t1","T1-Felt I was going crazy","haven_labelled","divergent","incompatible","consistent",1,"approve",NA
"31","sub_alc_rapi_08","Substance Use","Harms and Consequences",2,"needs_review","cap17","sub_alc_rapi_08_t2","T2-Felt I was going crazy","haven_labelled","divergent","incompatible","consistent",1,"approve",NA
"31","sub_alc_rapi_08","Substance Use","Harms and Consequences",2,"needs_review","cap17","sub_alc_rapi_08_t3","T3-Felt I was going crazy","haven_labelled","divergent","incompatible","consistent",1,"approve",NA
"31","sub_alc_rapi_08","Substance Use","Harms and Consequences",2,"needs_review","cap17","sub_alc_rapi_08_t4","T4-Felt I was going crazy","haven_labelled","divergent","incompatible","consistent",1,"approve",NA
"31","sub_alc_rapi_08","Substance Use","Harms and Consequences",2,"needs_review","cap17","sub_alc_rapi_08_t5","T5-Felt I was going crazy","haven_labelled","divergent","incompatible","consistent",1,"approve",NA
"31","sub_alc_rapi_08","Substance Use",NA,2,"needs_review","h4l15","sub_alc_rapi_08_t1","T1 Felt I was going crazy","haven_labelled","divergent","incompatible","consistent",1,"approve",NA
"31","sub_alc_rapi_08","Substance Use",NA,2,"needs_review","h4l15","sub_alc_rapi_08_t3","T3 Felt I was going crazy","haven_labelled","divergent","incompatible","consistent",1,"approve",NA
"31","sub_alc_rapi_08","Substance Use",NA,2,"needs_review","h4l15","sub_alc_rapi_08_t4","T4 Felt I was going crazy","haven_labelled","divergent","incompatible","consistent",1,"approve",NA
"31","sub_alc_rapi_08","Substance Use",NA,2,"needs_review","h4l15","sub_alc_rapi_08_t5","Felt I was going crazy","haven_labelled","divergent","incompatible","consistent",1,"approve",NA
"32","sub_alc_rapi_09","Substance Use",NA,2,"needs_review","cap17","sub_alc_rapi_09_t3","T3-Had a fight with friends","haven_labelled","divergent","incompatible","consistent",1,"approve",NA
"32","sub_alc_rapi_09","Substance Use",NA,2,"needs_review","cap17","sub_alc_rapi_09_t4","T4-Had a fight with friends","haven_labelled","divergent","incompatible","consistent",1,"approve",NA
"32","sub_alc_rapi_09","Substance Use",NA,2,"needs_review","h4l15","sub_alc_rapi_09_t1","T1 Had a fight, argument, or bad feelings with a friend","haven_labelled","divergent","incompatible","consistent",1,"approve",NA
"32","sub_alc_rapi_09","Substance Use",NA,2,"needs_review","h4l15","sub_alc_rapi_09_t3","T3 Had a fight, argument, or bad feelings with a friend","haven_labelled","divergent","incompatible","consistent",1,"approve",NA
"32","sub_alc_rapi_09","Substance Use",NA,2,"needs_review","h4l15","sub_alc_rapi_09_t4","T4 Had a fight, argument, or bad feelings with a friend","haven_labelled","divergent","incompatible","consistent",1,"approve",NA
"32","sub_alc_rapi_09","Substance Use",NA,2,"needs_review","h4l15","sub_alc_rapi_09_t5","Had a fight, argument, or bad feelings with a friend","haven_labelled","divergent","incompatible","consistent",1,"approve",NA
"33","sub_alc_sip","Substance Use","Alcohol",2,"needs_review","cap17","sub_alc_sip_t1","Time 1 Ever had a sip of alcohol","haven_labelled","divergent","incompatible","consistent",1,"approve",NA
"33","sub_alc_sip","Substance Use","Alcohol",2,"needs_review","cap17","sub_alc_sip_t2","Time 2 Ever had a sip of alcohol","haven_labelled","divergent","incompatible","consistent",1,"approve",NA
"33","sub_alc_sip","Substance Use","Alcohol",2,"needs_review","cap17","sub_alc_sip_t3","Time 3 Ever had a sip of alcohol","haven_labelled","divergent","incompatible","consistent",1,"approve",NA
"33","sub_alc_sip","Substance Use","Alcohol",2,"needs_review","cap17","sub_alc_sip_t4","T4 Ever had a sip of alcohol","haven_labelled","divergent","incompatible","consistent",1,"approve",NA
"33","sub_alc_sip","Substance Use","Alcohol",2,"needs_review","cap17","sub_alc_sip_t5","T5 Ever had a sip of alcohol","haven_labelled","divergent","incompatible","consistent",1,"approve",NA
"33","sub_alc_sip","Substance Use",NA,2,"needs_review","h4l15","sub_alc_sip_t1","T1 Have you ever had a sip of alcohol?","haven_labelled","divergent","incompatible","consistent",1,"approve",NA
"33","sub_alc_sip","Substance Use",NA,2,"needs_review","h4l15","sub_alc_sip_t2","T2 Have you ever had a sip of alcohol?","haven_labelled","divergent","incompatible","consistent",1,"approve",NA
"33","sub_alc_sip","Substance Use",NA,2,"needs_review","h4l15","sub_alc_sip_t3","T3 Have you ever had a sip of alcohol?","haven_labelled","divergent","incompatible","consistent",1,"approve",NA
"33","sub_alc_sip","Substance Use",NA,2,"needs_review","h4l15","sub_alc_sip_t4","T4 Have you ever had a sip of alcohol?","haven_labelled","divergent","incompatible","consistent",1,"approve",NA
"33","sub_alc_sip","Substance Use",NA,2,"needs_review","h4l15","sub_alc_sip_t5","Have you ever had a sip of alcohol?","haven_labelled","divergent","incompatible","consistent",1,"approve",NA
"34","sub_tob_6m","Substance Use","Tobacco",2,"needs_review","cap17","sub_tob_6m_t1","Time 1 Used tobacco past 6 months","haven_labelled","divergent","incompatible","consistent",1,"approve",NA
"34","sub_tob_6m","Substance Use","Tobacco",2,"needs_review","cap17","sub_tob_6m_t2","Time 2 Used tobacco past 6 months","haven_labelled","divergent","incompatible","consistent",1,"approve",NA
"34","sub_tob_6m","Substance Use","Tobacco",2,"needs_review","cap17","sub_tob_6m_t3","T3 Used tobacco past 6 months","haven_labelled","divergent","incompatible","consistent",1,"approve",NA
"34","sub_tob_6m","Substance Use","Tobacco",2,"needs_review","cap17","sub_tob_6m_t4","T4 Used tobacco past 6 months","haven_labelled","divergent","incompatible","consistent",1,"approve",NA
"34","sub_tob_6m","Substance Use","Tobacco",2,"needs_review","cap17","sub_tob_6m_t5","T5 Used tobacco past 6 months","haven_labelled","divergent","incompatible","consistent",1,"approve",NA
"34","sub_tob_6m","Substance Use",NA,2,"needs_review","h4l15","sub_tob_6m_t1","T1 Smoked a cigarette in the past six months","haven_labelled","divergent","incompatible","consistent",1,"approve",NA
"34","sub_tob_6m","Substance Use",NA,2,"needs_review","h4l15","sub_tob_6m_t2","T2 Smoked a cigarette in the past six months","haven_labelled","divergent","incompatible","consistent",1,"approve",NA
"34","sub_tob_6m","Substance Use",NA,2,"needs_review","h4l15","sub_tob_6m_t3","T3 Smoked a cigarette in the past six months","haven_labelled","divergent","incompatible","consistent",1,"approve",NA
"34","sub_tob_6m","Substance Use",NA,2,"needs_review","h4l15","sub_tob_6m_t4","T4 Smoked a cigarette in the past six months","haven_labelled","divergent","incompatible","consistent",1,"approve",NA
"34","sub_tob_6m","Substance Use",NA,2,"needs_review","h4l15","sub_tob_6m_t5","T5 Smoked a cigarette in the past six months","haven_labelled","divergent","incompatible","consistent",1,"approve",NA
"35","sub_tob_6m_raw","Substance Use","Tobacco",2,"needs_review","cap17","sub_tob_6m_raw_t1","T1-Tobacco use in last 6 mths","haven_labelled","divergent","incompatible","consistent",1,"approve",NA
"35","sub_tob_6m_raw","Substance Use","Tobacco",2,"needs_review","cap17","sub_tob_6m_raw_t2","T2-Tobacco use in last 6 mths","haven_labelled","divergent","incompatible","consistent",1,"approve",NA
"35","sub_tob_6m_raw","Substance Use","Tobacco",2,"needs_review","cap17","sub_tob_6m_raw_t3","T3-Tobacco use in last 6 mths","haven_labelled","divergent","incompatible","consistent",1,"approve",NA
"35","sub_tob_6m_raw","Substance Use","Tobacco",2,"needs_review","cap17","sub_tob_6m_raw_t4","T4-Tobacco use in last 6 mths","haven_labelled","divergent","incompatible","consistent",1,"approve",NA
"35","sub_tob_6m_raw","Substance Use","Tobacco",2,"needs_review","cap17","sub_tob_6m_raw_t5","T5-Tobacco use in last 6 mths","haven_labelled","divergent","incompatible","consistent",1,"approve",NA
"35","sub_tob_6m_raw","Substance Use",NA,2,"needs_review","h4l15","sub_tob_6m_raw_t1","T1 In the past 6 months, have you tried cigarette smoking, even one or two puffs?","haven_labelled","divergent","incompatible","consistent",1,"approve",NA
"35","sub_tob_6m_raw","Substance Use",NA,2,"needs_review","h4l15","sub_tob_6m_raw_t2","T2 In the past 6 months, have you tried cigarette smoking, even one or two puffs?","haven_labelled","divergent","incompatible","consistent",1,"approve",NA
"35","sub_tob_6m_raw","Substance Use",NA,2,"needs_review","h4l15","sub_tob_6m_raw_t3","T3 In the past 6 months, have you tried cigarette smoking, even one or two puffs?","haven_labelled","divergent","incompatible","consistent",1,"approve",NA
"35","sub_tob_6m_raw","Substance Use",NA,2,"needs_review","h4l15","sub_tob_6m_raw_t4","T4 In the past 6 months, have you tried cigarette smoking, even one or two puffs?","haven_labelled","divergent","incompatible","consistent",1,"approve",NA
"35","sub_tob_6m_raw","Substance Use",NA,2,"needs_review","h4l15","sub_tob_6m_raw_t5","In the past 6 months, have you tried cigarette smoking, even one or two puffs?","haven_labelled","divergent","incompatible","consistent",1,"approve",NA
"36","sub_tob_int","Substance Use","Tobacco",2,"needs_review","cap17","sub_tob_int_t1","T1 Tobacco Intentions","haven_labelled","divergent","incompatible","consistent",1,"approve",NA
"36","sub_tob_int","Substance Use","Tobacco",2,"needs_review","cap17","sub_tob_int_t2","Time 2 Tobacco Intentions","haven_labelled","divergent","incompatible","consistent",1,"approve",NA
"36","sub_tob_int","Substance Use","Tobacco",2,"needs_review","cap17","sub_tob_int_t3","T3 Tobacco Intentions","haven_labelled","divergent","incompatible","consistent",1,"approve",NA
"36","sub_tob_int","Substance Use","Tobacco",2,"needs_review","cap17","sub_tob_int_t4","T4 Tobacco Intentions","haven_labelled","divergent","incompatible","consistent",1,"approve",NA
"36","sub_tob_int","Substance Use","Tobacco",2,"needs_review","cap17","sub_tob_int_t5","T5 Tobacco Intentions","haven_labelled","divergent","incompatible","consistent",1,"approve",NA
"36","sub_tob_int","Substance Use","Tobacco",2,"needs_review","cap17","sub_tob_int_t6","Time 6 Tobacco Intentions","haven_labelled","divergent","incompatible","consistent",1,"approve",NA
"36","sub_tob_int","Substance Use","Tobacco",2,"needs_review","cap17","sub_tob_int_t7","Time 7 Tobacco Intentions","haven_labelled","divergent","incompatible","consistent",1,"approve",NA
"36","sub_tob_int","Substance Use",NA,2,"needs_review","h4l15","sub_tob_int_t1","T1 Tobacco (cigarettes) intentions to use","haven_labelled","divergent","incompatible","consistent",1,"approve",NA
"36","sub_tob_int","Substance Use",NA,2,"needs_review","h4l15","sub_tob_int_t2","T2 Tobacco (cigarettes) intentions to use","haven_labelled","divergent","incompatible","consistent",1,"approve",NA
"36","sub_tob_int","Substance Use",NA,2,"needs_review","h4l15","sub_tob_int_t3","T3 Tobacco (cigarettes) intentions to use","haven_labelled","divergent","incompatible","consistent",1,"approve",NA
"36","sub_tob_int","Substance Use",NA,2,"needs_review","h4l15","sub_tob_int_t4","T4 Tobacco (cigarettes)","haven_labelled","divergent","incompatible","consistent",1,"approve",NA
"36","sub_tob_int","Substance Use",NA,2,"needs_review","h4l15","sub_tob_int_t5","Tobacco (cigarettes)","haven_labelled","divergent","incompatible","consistent",1,"approve",NA
"37","sx_k6_01","Symptom Scale","Anxiety",2,"needs_review","cap17","sx_k6_01_t1","T1- Nervous?","haven_labelled","divergent","incompatible","consistent",1,"approve",NA
"37","sx_k6_01","Symptom Scale","Anxiety",2,"needs_review","cap17","sx_k6_01_t2","T2- Nervous?","haven_labelled","divergent","incompatible","consistent",1,"approve",NA
"37","sx_k6_01","Symptom Scale","Anxiety",2,"needs_review","cap17","sx_k6_01_t3","T3- Nervous?","haven_labelled","divergent","incompatible","consistent",1,"approve",NA
"37","sx_k6_01","Symptom Scale","Anxiety",2,"needs_review","cap17","sx_k6_01_t4","T4- Nervous?","haven_labelled","divergent","incompatible","consistent",1,"approve",NA
"37","sx_k6_01","Symptom Scale","Anxiety",2,"needs_review","cap17","sx_k6_01_t5","T5- Nervous?","haven_labelled","divergent","incompatible","consistent",1,"approve",NA
"37","sx_k6_01","Symptom Scale","Anxiety",2,"needs_review","cap17","sx_k6_01_t6","Time 6 Nervous?","haven_labelled","divergent","incompatible","consistent",1,"approve",NA
"37","sx_k6_01","Symptom Scale","Anxiety",2,"needs_review","cap17","sx_k6_01_t7","Time 7 Nervous?","haven_labelled","divergent","incompatible","consistent",1,"approve",NA
"37","sx_k6_01","Symptom Scale","Psychological Distress",2,"needs_review","h4l15","sx_k6_01_t1","T1 …nervous ","haven_labelled","divergent","incompatible","consistent",1,"approve",NA
"37","sx_k6_01","Symptom Scale","Psychological Distress",2,"needs_review","h4l15","sx_k6_01_t2","T2 …nervous ","haven_labelled","divergent","incompatible","consistent",1,"approve",NA
"37","sx_k6_01","Symptom Scale","Psychological Distress",2,"needs_review","h4l15","sx_k6_01_t3","T3 …nervous ","haven_labelled","divergent","incompatible","consistent",1,"approve",NA
"37","sx_k6_01","Symptom Scale","Psychological Distress",2,"needs_review","h4l15","sx_k6_01_t4","T4 …nervous","haven_labelled","divergent","incompatible","consistent",1,"approve",NA
"37","sx_k6_01","Symptom Scale","Psychological Distress",2,"needs_review","h4l15","sx_k6_01_t5","…nervous","haven_labelled","divergent","incompatible","consistent",1,"approve",NA
"38","sx_k6_02","Symptom Scale","Depression",2,"needs_review","cap17","sx_k6_02_t1","T1-Hopeless?","haven_labelled","close","incompatible","consistent",1,"approve",NA
"38","sx_k6_02","Symptom Scale","Depression",2,"needs_review","cap17","sx_k6_02_t2","T2-Hopeless?","haven_labelled","close","incompatible","consistent",1,"approve",NA
"38","sx_k6_02","Symptom Scale","Depression",2,"needs_review","cap17","sx_k6_02_t3","T3-Hopeless?","haven_labelled","close","incompatible","consistent",1,"approve",NA
"38","sx_k6_02","Symptom Scale","Depression",2,"needs_review","cap17","sx_k6_02_t4","T4-Hopeless?","haven_labelled","close","incompatible","consistent",1,"approve",NA
"38","sx_k6_02","Symptom Scale","Depression",2,"needs_review","cap17","sx_k6_02_t5","T5-Hopeless?","haven_labelled","close","incompatible","consistent",1,"approve",NA
"38","sx_k6_02","Symptom Scale","Depression",2,"needs_review","cap17","sx_k6_02_t6","Time 6 Hopeless?","haven_labelled","close","incompatible","consistent",1,"approve",NA
"38","sx_k6_02","Symptom Scale","Depression",2,"needs_review","cap17","sx_k6_02_t7","Time 7 Hopeless?","haven_labelled","close","incompatible","consistent",1,"approve",NA
"38","sx_k6_02","Symptom Scale","Psychological Distress",2,"needs_review","h4l15","sx_k6_02_t1","T1 …hopeless","haven_labelled","close","incompatible","consistent",1,"approve",NA
"38","sx_k6_02","Symptom Scale","Psychological Distress",2,"needs_review","h4l15","sx_k6_02_t2","T2 …hopeless","haven_labelled","close","incompatible","consistent",1,"approve",NA
"38","sx_k6_02","Symptom Scale","Psychological Distress",2,"needs_review","h4l15","sx_k6_02_t3","T3 …hopeless","haven_labelled","close","incompatible","consistent",1,"approve",NA
"38","sx_k6_02","Symptom Scale","Psychological Distress",2,"needs_review","h4l15","sx_k6_02_t4","T4 …hopeless","haven_labelled","close","incompatible","consistent",1,"approve",NA
"38","sx_k6_02","Symptom Scale","Psychological Distress",2,"needs_review","h4l15","sx_k6_02_t5","…hopeless","haven_labelled","close","incompatible","consistent",1,"approve",NA
"39","sx_k6_03","Symptom Scale","Anxiety",2,"needs_review","cap17","sx_k6_03_t1","T1-Restless or fidgety?","haven_labelled","divergent","incompatible","consistent",1,"approve",NA
"39","sx_k6_03","Symptom Scale","Anxiety",2,"needs_review","cap17","sx_k6_03_t2","T2-Restless or fidgety?","haven_labelled","divergent","incompatible","consistent",1,"approve",NA
"39","sx_k6_03","Symptom Scale","Anxiety",2,"needs_review","cap17","sx_k6_03_t3","T3-Restless or fidgety?","haven_labelled","divergent","incompatible","consistent",1,"approve",NA
"39","sx_k6_03","Symptom Scale","Anxiety",2,"needs_review","cap17","sx_k6_03_t4","T4-Restless or fidgety?","haven_labelled","divergent","incompatible","consistent",1,"approve",NA
"39","sx_k6_03","Symptom Scale","Anxiety",2,"needs_review","cap17","sx_k6_03_t5","T5-Restless or fidgety?","haven_labelled","divergent","incompatible","consistent",1,"approve",NA
"39","sx_k6_03","Symptom Scale","Anxiety",2,"needs_review","cap17","sx_k6_03_t6","Time 6 Restless or fidgety?","haven_labelled","divergent","incompatible","consistent",1,"approve",NA
"39","sx_k6_03","Symptom Scale","Anxiety",2,"needs_review","cap17","sx_k6_03_t7","Time 7 Restless or fidgety?","haven_labelled","divergent","incompatible","consistent",1,"approve",NA
"39","sx_k6_03","Symptom Scale","Psychological Distress",2,"needs_review","h4l15","sx_k6_03_t1","T1 …restless or fidgety","haven_labelled","divergent","incompatible","consistent",1,"approve",NA
"39","sx_k6_03","Symptom Scale","Psychological Distress",2,"needs_review","h4l15","sx_k6_03_t2","T2 …restless or fidgety","haven_labelled","divergent","incompatible","consistent",1,"approve",NA
"39","sx_k6_03","Symptom Scale","Psychological Distress",2,"needs_review","h4l15","sx_k6_03_t3","T3 …restless or fidgety","haven_labelled","divergent","incompatible","consistent",1,"approve",NA
"39","sx_k6_03","Symptom Scale","Psychological Distress",2,"needs_review","h4l15","sx_k6_03_t4","T4 …restless or fidgety","haven_labelled","divergent","incompatible","consistent",1,"approve",NA
"39","sx_k6_03","Symptom Scale","Psychological Distress",2,"needs_review","h4l15","sx_k6_03_t5","…restless or fidgety","haven_labelled","divergent","incompatible","consistent",1,"approve",NA
"40","sx_k6_04","Symptom Scale","Depression",2,"needs_review","cap17","sx_k6_04_t1","T1-So depressed nothing could cheer you up?","haven_labelled","divergent","incompatible","consistent",1,"approve",NA
"40","sx_k6_04","Symptom Scale","Depression",2,"needs_review","cap17","sx_k6_04_t2","T2-So depressed nothing could cheer you up?","haven_labelled","divergent","incompatible","consistent",1,"approve",NA
"40","sx_k6_04","Symptom Scale","Depression",2,"needs_review","cap17","sx_k6_04_t3","T3-So depressed nothing could cheer you up?","haven_labelled","divergent","incompatible","consistent",1,"approve",NA
"40","sx_k6_04","Symptom Scale","Depression",2,"needs_review","cap17","sx_k6_04_t4","T4-So depressed nothing could cheer you up?","haven_labelled","divergent","incompatible","consistent",1,"approve",NA
"40","sx_k6_04","Symptom Scale","Depression",2,"needs_review","cap17","sx_k6_04_t5","T5-So depressed nothing could cheer you up?","haven_labelled","divergent","incompatible","consistent",1,"approve",NA
"40","sx_k6_04","Symptom Scale","Depression",2,"needs_review","cap17","sx_k6_04_t6","Time 6 So depressed that nothing could cheer you up?","haven_labelled","divergent","incompatible","consistent",1,"approve",NA
"40","sx_k6_04","Symptom Scale","Depression",2,"needs_review","cap17","sx_k6_04_t7","Time 7 So depressed that nothing could cheer you up?","haven_labelled","divergent","incompatible","consistent",1,"approve",NA
"40","sx_k6_04","Symptom Scale","Depression",2,"needs_review","h4l15","sx_k6_04_t1","T1 …so depressed that nothing could cheer you up","haven_labelled","divergent","incompatible","consistent",1,"approve",NA
"40","sx_k6_04","Symptom Scale","Depression",2,"needs_review","h4l15","sx_k6_04_t2","T2 …so depressed that nothing could cheer you up","haven_labelled","divergent","incompatible","consistent",1,"approve",NA
"40","sx_k6_04","Symptom Scale","Depression",2,"needs_review","h4l15","sx_k6_04_t3","T3 …so depressed that nothing could cheer you up","haven_labelled","divergent","incompatible","consistent",1,"approve",NA
"40","sx_k6_04","Symptom Scale","Depression",2,"needs_review","h4l15","sx_k6_04_t4","T4 …so depressed that nothing could cheer you up","haven_labelled","divergent","incompatible","consistent",1,"approve",NA
"40","sx_k6_04","Symptom Scale","Depression",2,"needs_review","h4l15","sx_k6_04_t5","…so depressed that nothing could cheer you up","haven_labelled","divergent","incompatible","consistent",1,"approve",NA
"41","sx_k6_05","Symptom Scale","Psychological Distress",2,"needs_review","cap17","sx_k6_05_t1","T1-That everything was an effort?","haven_labelled","divergent","incompatible","consistent",1,"approve",NA
"41","sx_k6_05","Symptom Scale","Psychological Distress",2,"needs_review","cap17","sx_k6_05_t2","T2-That everything was an effort?","haven_labelled","divergent","incompatible","consistent",1,"approve",NA
"41","sx_k6_05","Symptom Scale","Psychological Distress",2,"needs_review","cap17","sx_k6_05_t3","T3-That everything was an effort?","haven_labelled","divergent","incompatible","consistent",1,"approve",NA
"41","sx_k6_05","Symptom Scale","Psychological Distress",2,"needs_review","cap17","sx_k6_05_t4","T4-That everything was an effort?","haven_labelled","divergent","incompatible","consistent",1,"approve",NA
"41","sx_k6_05","Symptom Scale","Psychological Distress",2,"needs_review","cap17","sx_k6_05_t5","T5-That everything was an effort?","haven_labelled","divergent","incompatible","consistent",1,"approve",NA
"41","sx_k6_05","Symptom Scale","Psychological Distress",2,"needs_review","cap17","sx_k6_05_t6","Time 6 That everything was an effort?","haven_labelled","divergent","incompatible","consistent",1,"approve",NA
"41","sx_k6_05","Symptom Scale","Psychological Distress",2,"needs_review","cap17","sx_k6_05_t7","Time 7 That everything was an effort?","haven_labelled","divergent","incompatible","consistent",1,"approve",NA
"41","sx_k6_05","Symptom Scale","Psychological Distress",2,"needs_review","h4l15","sx_k6_05_t1","T1 …that everything was an effort ","haven_labelled","divergent","incompatible","consistent",1,"approve",NA
"41","sx_k6_05","Symptom Scale","Psychological Distress",2,"needs_review","h4l15","sx_k6_05_t2","T2 …that everything was an effort ","haven_labelled","divergent","incompatible","consistent",1,"approve",NA
"41","sx_k6_05","Symptom Scale","Psychological Distress",2,"needs_review","h4l15","sx_k6_05_t3","T3 …that everything was an effort ","haven_labelled","divergent","incompatible","consistent",1,"approve",NA
"41","sx_k6_05","Symptom Scale","Psychological Distress",2,"needs_review","h4l15","sx_k6_05_t4","T4 …that everything was an effort","haven_labelled","divergent","incompatible","consistent",1,"approve",NA
"41","sx_k6_05","Symptom Scale","Psychological Distress",2,"needs_review","h4l15","sx_k6_05_t5","…that everything was an effort","haven_labelled","divergent","incompatible","consistent",1,"approve",NA
"42","sx_k6_06","Symptom Scale","Depression",2,"needs_review","cap17","sx_k6_06_t1","T1-Worthless?","haven_labelled","divergent","incompatible","consistent",1,"approve",NA
"42","sx_k6_06","Symptom Scale","Depression",2,"needs_review","cap17","sx_k6_06_t2","T2-Worthless?","haven_labelled","divergent","incompatible","consistent",1,"approve",NA
"42","sx_k6_06","Symptom Scale","Depression",2,"needs_review","cap17","sx_k6_06_t3","T3-Worthless?","haven_labelled","divergent","incompatible","consistent",1,"approve",NA
"42","sx_k6_06","Symptom Scale","Depression",2,"needs_review","cap17","sx_k6_06_t4","T4-Worthless?","haven_labelled","divergent","incompatible","consistent",1,"approve",NA
"42","sx_k6_06","Symptom Scale","Depression",2,"needs_review","cap17","sx_k6_06_t5","T5-Worthless?","haven_labelled","divergent","incompatible","consistent",1,"approve",NA
"42","sx_k6_06","Symptom Scale","Depression",2,"needs_review","cap17","sx_k6_06_t6","Time 6 Worthless?","haven_labelled","divergent","incompatible","consistent",1,"approve",NA
"42","sx_k6_06","Symptom Scale","Depression",2,"needs_review","cap17","sx_k6_06_t7","Time 7 Worthless?","haven_labelled","divergent","incompatible","consistent",1,"approve",NA
"42","sx_k6_06","Symptom Scale","Psychological Distress",2,"needs_review","h4l15","sx_k6_06_t1","T1 …worthless ","haven_labelled","divergent","incompatible","consistent",1,"approve",NA
"42","sx_k6_06","Symptom Scale","Psychological Distress",2,"needs_review","h4l15","sx_k6_06_t2","T2 …worthless ","haven_labelled","divergent","incompatible","consistent",1,"approve",NA
"42","sx_k6_06","Symptom Scale","Psychological Distress",2,"needs_review","h4l15","sx_k6_06_t3","T3 …worthless ","haven_labelled","divergent","incompatible","consistent",1,"approve",NA
"42","sx_k6_06","Symptom Scale","Psychological Distress",2,"needs_review","h4l15","sx_k6_06_t4","T4 …worthless","haven_labelled","divergent","incompatible","consistent",1,"approve",NA
"42","sx_k6_06","Symptom Scale","Psychological Distress",2,"needs_review","h4l15","sx_k6_06_t5","…worthless","haven_labelled","divergent","incompatible","consistent",1,"approve",NA
"43","sx_k6_sum","Symptom Scale","Psychological Distress",2,"needs_review","cap17","sx_k6_sum_t1","Time 1 K6 Total Score","numeric","divergent","continuous","consistent",1,"approve",NA
"43","sx_k6_sum","Symptom Scale","Psychological Distress",2,"needs_review","cap17","sx_k6_sum_t2","Time 2 K6 Total Score","numeric","divergent","continuous","consistent",1,"approve",NA
"43","sx_k6_sum","Symptom Scale","Psychological Distress",2,"needs_review","cap17","sx_k6_sum_t3","T3 K6 Total Score","numeric","divergent","continuous","consistent",1,"approve",NA
"43","sx_k6_sum","Symptom Scale","Psychological Distress",2,"needs_review","cap17","sx_k6_sum_t4","T4 K6 Total Score","numeric","divergent","continuous","consistent",1,"approve",NA
"43","sx_k6_sum","Symptom Scale","Psychological Distress",2,"needs_review","cap17","sx_k6_sum_t5","T5 K6 Total Score","numeric","divergent","continuous","consistent",1,"approve",NA
"43","sx_k6_sum","Symptom Scale","Psychological Distress",2,"needs_review","cap17","sx_k6_sum_t6","Time 6 K6 Total Score","numeric","divergent","continuous","consistent",1,"approve",NA
"43","sx_k6_sum","Symptom Scale","Psychological Distress",2,"needs_review","cap17","sx_k6_sum_t7","Time 7 K6 Total Score","numeric","divergent","continuous","consistent",1,"approve",NA
"43","sx_k6_sum","Symptom Scale","Psychological Distress",2,"needs_review","h4l15","sx_k6_sum_t1","T1 K6 total sum score","numeric","divergent","continuous","consistent",1,"approve",NA
"43","sx_k6_sum","Symptom Scale","Psychological Distress",2,"needs_review","h4l15","sx_k6_sum_t2","T2 K6 total sum score","numeric","divergent","continuous","consistent",1,"approve",NA
"43","sx_k6_sum","Symptom Scale","Psychological Distress",2,"needs_review","h4l15","sx_k6_sum_t3","T3 K6 total sum score","numeric","divergent","continuous","consistent",1,"approve",NA
"43","sx_k6_sum","Symptom Scale","Psychological Distress",2,"needs_review","h4l15","sx_k6_sum_t4","T4 K6 total sum score","numeric","divergent","continuous","consistent",1,"approve",NA
"43","sx_k6_sum","Symptom Scale","Psychological Distress",2,"needs_review","h4l15","sx_k6_sum_t5","T5 K6 total sum score","numeric","divergent","continuous","consistent",1,"approve",NA
"44","sx_sdq_01","Symptom Scale","Wellbeing",2,"needs_review","cap17","sx_sdq_01_t1","T1-I try to be nice to other people. I care about their feelings.","haven_labelled","divergent","incompatible","consistent",1,"approve",NA
"44","sx_sdq_01","Symptom Scale","Wellbeing",2,"needs_review","cap17","sx_sdq_01_t2","T2-I try to be nice to other people. I care about their feelings.","haven_labelled","divergent","incompatible","consistent",1,"approve",NA
"44","sx_sdq_01","Symptom Scale","Wellbeing",2,"needs_review","cap17","sx_sdq_01_t3","T3-I try to be nice to other people. I care about their feelings.","haven_labelled","divergent","incompatible","consistent",1,"approve",NA
"44","sx_sdq_01","Symptom Scale","Wellbeing",2,"needs_review","cap17","sx_sdq_01_t4","T4-I try to be nice to other people. I care about their feelings.","haven_labelled","divergent","incompatible","consistent",1,"approve",NA
"44","sx_sdq_01","Symptom Scale","Wellbeing",2,"needs_review","cap17","sx_sdq_01_t5","T5-I try to be nice to other people. I care about their feelings.","haven_labelled","divergent","incompatible","consistent",1,"approve",NA
"44","sx_sdq_01","Symptom Scale","Wellbeing",2,"needs_review","cap17","sx_sdq_01_t6","Time 6 I try to be nice to other people. I care about their feelings.","haven_labelled","divergent","incompatible","consistent",1,"approve",NA
"44","sx_sdq_01","Symptom Scale","Wellbeing",2,"needs_review","cap17","sx_sdq_01_t7","Time 7 I try to be nice to other people. I care about their feelings.","haven_labelled","divergent","incompatible","consistent",1,"approve",NA
"44","sx_sdq_01","Symptom Scale","Wellbeing",2,"needs_review","h4l15","sx_sdq_01_t1","T1 I try to be nice to other people. I care about their feelings","haven_labelled","divergent","incompatible","consistent",1,"approve",NA
"44","sx_sdq_01","Symptom Scale","Wellbeing",2,"needs_review","h4l15","sx_sdq_01_t3","T3 I try to be nice to other people. I care about their feelings","haven_labelled","divergent","incompatible","consistent",1,"approve",NA
"44","sx_sdq_01","Symptom Scale","Wellbeing",2,"needs_review","h4l15","sx_sdq_01_t4","T4 I try to be nice to other people. I care about their feelings","haven_labelled","divergent","incompatible","consistent",1,"approve",NA
"44","sx_sdq_01","Symptom Scale","Wellbeing",2,"needs_review","h4l15","sx_sdq_01_t5","I try to be nice to other people. I care about their feelings","haven_labelled","divergent","incompatible","consistent",1,"approve",NA
"45","sx_sdq_02","Symptom Scale","Other Scales",2,"needs_review","cap17","sx_sdq_02_t1","T1-I am restless. I cannot stay still for long.","haven_labelled","divergent","incompatible","consistent",1,"approve",NA
"45","sx_sdq_02","Symptom Scale","Other Scales",2,"needs_review","cap17","sx_sdq_02_t2","T2-I am restless. I cannot stay still for long.","haven_labelled","divergent","incompatible","consistent",1,"approve",NA
"45","sx_sdq_02","Symptom Scale","Other Scales",2,"needs_review","cap17","sx_sdq_02_t3","T3-I am restless. I cannot stay still for long.","haven_labelled","divergent","incompatible","consistent",1,"approve",NA
"45","sx_sdq_02","Symptom Scale","Other Scales",2,"needs_review","cap17","sx_sdq_02_t4","T4-I am restless. I cannot stay still for long.","haven_labelled","divergent","incompatible","consistent",1,"approve",NA
"45","sx_sdq_02","Symptom Scale","Other Scales",2,"needs_review","cap17","sx_sdq_02_t5","T5-I am restless. I cannot stay still for long.","haven_labelled","divergent","incompatible","consistent",1,"approve",NA
"45","sx_sdq_02","Symptom Scale","Other Scales",2,"needs_review","cap17","sx_sdq_02_t6","Time 6 I am restless, I cannot stay still for long.","haven_labelled","divergent","incompatible","consistent",1,"approve",NA
"45","sx_sdq_02","Symptom Scale","Other Scales",2,"needs_review","cap17","sx_sdq_02_t7","Time 7 I am restless, I cannot stay still for long.","haven_labelled","divergent","incompatible","consistent",1,"approve",NA
"45","sx_sdq_02","Symptom Scale","Other Scales",2,"needs_review","h4l15","sx_sdq_02_t1","T1 I am restless, I cannot stay still for long","haven_labelled","divergent","incompatible","consistent",1,"approve",NA
"45","sx_sdq_02","Symptom Scale","Other Scales",2,"needs_review","h4l15","sx_sdq_02_t3","T3 I am restless, I cannot stay still for long","haven_labelled","divergent","incompatible","consistent",1,"approve",NA
"45","sx_sdq_02","Symptom Scale","Other Scales",2,"needs_review","h4l15","sx_sdq_02_t4","T4 I am restless, I cannot stay still for long","haven_labelled","divergent","incompatible","consistent",1,"approve",NA
"45","sx_sdq_02","Symptom Scale","Other Scales",2,"needs_review","h4l15","sx_sdq_02_t5","I am restless, I cannot stay still for long","haven_labelled","divergent","incompatible","consistent",1,"approve",NA
"46","sx_sdq_03","Symptom Scale","Other Scales",2,"needs_review","cap17","sx_sdq_03_t1","T1-I get a lot of headaches, stomach-aches, or sickness.","haven_labelled","divergent","incompatible","consistent",1,"approve",NA
"46","sx_sdq_03","Symptom Scale","Other Scales",2,"needs_review","cap17","sx_sdq_03_t2","T2-I get a lot of headaches, stomach-aches, or sickness.","haven_labelled","divergent","incompatible","consistent",1,"approve",NA
"46","sx_sdq_03","Symptom Scale","Other Scales",2,"needs_review","cap17","sx_sdq_03_t3","T3-I get a lot of headaches, stomach-aches, or sickness.","haven_labelled","divergent","incompatible","consistent",1,"approve",NA
"46","sx_sdq_03","Symptom Scale","Other Scales",2,"needs_review","cap17","sx_sdq_03_t4","T4-I get a lot of headaches, stomach-aches, or sickness.","haven_labelled","divergent","incompatible","consistent",1,"approve",NA
"46","sx_sdq_03","Symptom Scale","Other Scales",2,"needs_review","cap17","sx_sdq_03_t5","T5-I get a lot of headaches, stomach-aches, or sickness.","haven_labelled","divergent","incompatible","consistent",1,"approve",NA
"46","sx_sdq_03","Symptom Scale","Other Scales",2,"needs_review","cap17","sx_sdq_03_t6","Time 6 I get a lot of headaches, stomach-aches, or sickness.","haven_labelled","divergent","incompatible","consistent",1,"approve",NA
"46","sx_sdq_03","Symptom Scale","Other Scales",2,"needs_review","cap17","sx_sdq_03_t7","Time 7 I get a lot of headaches, stomach-aches, or sickness.","haven_labelled","divergent","incompatible","consistent",1,"approve",NA
"46","sx_sdq_03","Symptom Scale","Other Scales",2,"needs_review","h4l15","sx_sdq_03_t1","T1 I get a lot of headaches, stomach-aches or sickness","haven_labelled","divergent","incompatible","consistent",1,"approve",NA
"46","sx_sdq_03","Symptom Scale","Other Scales",2,"needs_review","h4l15","sx_sdq_03_t3","T3 I get a lot of headaches, stomach-aches or sickness","haven_labelled","divergent","incompatible","consistent",1,"approve",NA
"46","sx_sdq_03","Symptom Scale","Other Scales",2,"needs_review","h4l15","sx_sdq_03_t4","T4 I get a lot of headaches, stomach-aches or sickness","haven_labelled","divergent","incompatible","consistent",1,"approve",NA
"46","sx_sdq_03","Symptom Scale","Other Scales",2,"needs_review","h4l15","sx_sdq_03_t5","I get a lot of headaches, stomach-aches or sickness","haven_labelled","divergent","incompatible","consistent",1,"approve",NA
"47","sx_sdq_04","Symptom Scale","Wellbeing",2,"needs_review","cap17","sx_sdq_04_t1","T1-I usually share with others (food, games etc).","haven_labelled","divergent","incompatible","consistent",1,"approve",NA
"47","sx_sdq_04","Symptom Scale","Wellbeing",2,"needs_review","cap17","sx_sdq_04_t2","T2-I usually share with others (food, games etc).","haven_labelled","divergent","incompatible","consistent",1,"approve",NA
"47","sx_sdq_04","Symptom Scale","Wellbeing",2,"needs_review","cap17","sx_sdq_04_t3","T3-I usually share with others (food, games etc).","haven_labelled","divergent","incompatible","consistent",1,"approve",NA
"47","sx_sdq_04","Symptom Scale","Wellbeing",2,"needs_review","cap17","sx_sdq_04_t4","T4-I usually share with others (food, games etc).","haven_labelled","divergent","incompatible","consistent",1,"approve",NA
"47","sx_sdq_04","Symptom Scale","Wellbeing",2,"needs_review","cap17","sx_sdq_04_t5","T5-I usually share with others (food, games, pens etc).","haven_labelled","divergent","incompatible","consistent",1,"approve",NA
"47","sx_sdq_04","Symptom Scale","Wellbeing",2,"needs_review","cap17","sx_sdq_04_t6","Time 6 I usually share with others, for example food or drink.","haven_labelled","divergent","incompatible","consistent",1,"approve",NA
"47","sx_sdq_04","Symptom Scale","Wellbeing",2,"needs_review","cap17","sx_sdq_04_t7","Time 7 I usually share with others, for example food or drink.","haven_labelled","divergent","incompatible","consistent",1,"approve",NA
"47","sx_sdq_04","Symptom Scale","Wellbeing",2,"needs_review","h4l15","sx_sdq_04_t1","T1 I usually share with others, for example games, food","haven_labelled","divergent","incompatible","consistent",1,"approve",NA
"47","sx_sdq_04","Symptom Scale","Wellbeing",2,"needs_review","h4l15","sx_sdq_04_t3","T3 I usually share with others, for example games, food","haven_labelled","divergent","incompatible","consistent",1,"approve",NA
"47","sx_sdq_04","Symptom Scale","Wellbeing",2,"needs_review","h4l15","sx_sdq_04_t4","T4 I usually share with others, for example games, food","haven_labelled","divergent","incompatible","consistent",1,"approve",NA
"47","sx_sdq_04","Symptom Scale","Wellbeing",2,"needs_review","h4l15","sx_sdq_04_t5","I usually share with others, for example games, food","haven_labelled","divergent","incompatible","consistent",1,"approve",NA
"48","sx_sdq_05","Symptom Scale","Other Scales",2,"needs_review","cap17","sx_sdq_05_t1","T1-I get very angry and often lose my temper.","haven_labelled","divergent","incompatible","consistent",1,"approve",NA
"48","sx_sdq_05","Symptom Scale","Other Scales",2,"needs_review","cap17","sx_sdq_05_t2","T2-I get very angry and often lose my temper.","haven_labelled","divergent","incompatible","consistent",1,"approve",NA
"48","sx_sdq_05","Symptom Scale","Other Scales",2,"needs_review","cap17","sx_sdq_05_t3","T3-I get very angry and often lose my temper.","haven_labelled","divergent","incompatible","consistent",1,"approve",NA
"48","sx_sdq_05","Symptom Scale","Other Scales",2,"needs_review","cap17","sx_sdq_05_t4","T4-I get very angry and often lose my temper.","haven_labelled","divergent","incompatible","consistent",1,"approve",NA
"48","sx_sdq_05","Symptom Scale","Other Scales",2,"needs_review","cap17","sx_sdq_05_t5","T5-I get very angry and often lose my temper.","haven_labelled","divergent","incompatible","consistent",1,"approve",NA
"48","sx_sdq_05","Symptom Scale","Other Scales",2,"needs_review","cap17","sx_sdq_05_t6","Time 6 I get very angry and often lose my temper.","haven_labelled","divergent","incompatible","consistent",1,"approve",NA
"48","sx_sdq_05","Symptom Scale","Other Scales",2,"needs_review","cap17","sx_sdq_05_t7","Time 7 I get very angry and often lose my temper.","haven_labelled","divergent","incompatible","consistent",1,"approve",NA
"48","sx_sdq_05","Symptom Scale","Other Scales",2,"needs_review","h4l15","sx_sdq_05_t1","T1 I get very angry and often lose my temper","haven_labelled","divergent","incompatible","consistent",1,"approve",NA
"48","sx_sdq_05","Symptom Scale","Other Scales",2,"needs_review","h4l15","sx_sdq_05_t3","T3 I get very angry and often lose my temper","haven_labelled","divergent","incompatible","consistent",1,"approve",NA
"48","sx_sdq_05","Symptom Scale","Other Scales",2,"needs_review","h4l15","sx_sdq_05_t4","T4 I get very angry and often lose my temper","haven_labelled","divergent","incompatible","consistent",1,"approve",NA
"48","sx_sdq_05","Symptom Scale","Other Scales",2,"needs_review","h4l15","sx_sdq_05_t5","I get very angry and often lose my temper","haven_labelled","divergent","incompatible","consistent",1,"approve",NA
"49","sx_sdq_06","Symptom Scale","Other Scales",2,"needs_review","cap17","sx_sdq_06_t1","T1-I am usually on my own.  I generally play alone or keep to myself.","haven_labelled","divergent","incompatible","consistent",1,"approve",NA
"49","sx_sdq_06","Symptom Scale","Other Scales",2,"needs_review","cap17","sx_sdq_06_t2","T2-I am usually on my own.  I generally play alone or keep to myself.","haven_labelled","divergent","incompatible","consistent",1,"approve",NA
"49","sx_sdq_06","Symptom Scale","Other Scales",2,"needs_review","cap17","sx_sdq_06_t3","T3-I am usually on my own.  I generally play alone or keep to myself.","haven_labelled","divergent","incompatible","consistent",1,"approve",NA
"49","sx_sdq_06","Symptom Scale","Other Scales",2,"needs_review","cap17","sx_sdq_06_t4","T4-I am usually on my own.  I generally play alone or keep to myself.","haven_labelled","divergent","incompatible","consistent",1,"approve",NA
"49","sx_sdq_06","Symptom Scale","Other Scales",2,"needs_review","cap17","sx_sdq_06_t5","T5-I am usually on my own.  I generally play alone or keep to myself.","haven_labelled","divergent","incompatible","consistent",1,"approve",NA
"49","sx_sdq_06","Symptom Scale","Other Scales",2,"needs_review","cap17","sx_sdq_06_t6","Time 6 I would rather be alone than with other people.","haven_labelled","divergent","incompatible","consistent",1,"approve",NA
"49","sx_sdq_06","Symptom Scale","Other Scales",2,"needs_review","cap17","sx_sdq_06_t7","Time 7 I would rather be alone than with other people.","haven_labelled","divergent","incompatible","consistent",1,"approve",NA
"49","sx_sdq_06","Symptom Scale","Anxiety",2,"needs_review","h4l15","sx_sdq_06_t1","T1 I would rather be alone than with other people of my age","haven_labelled","divergent","incompatible","consistent",1,"approve",NA
"49","sx_sdq_06","Symptom Scale","Anxiety",2,"needs_review","h4l15","sx_sdq_06_t3","T3 I would rather be alone than with other people of my age","haven_labelled","divergent","incompatible","consistent",1,"approve",NA
"49","sx_sdq_06","Symptom Scale","Anxiety",2,"needs_review","h4l15","sx_sdq_06_t4","T4 I would rather be alone than with other people of my age","haven_labelled","divergent","incompatible","consistent",1,"approve",NA
"49","sx_sdq_06","Symptom Scale","Anxiety",2,"needs_review","h4l15","sx_sdq_06_t5","I would rather be alone than with other people of my age","haven_labelled","divergent","incompatible","consistent",1,"approve",NA
"50","sx_sdq_07","Symptom Scale","Other Scales",2,"needs_review","cap17","sx_sdq_07_t1","T1-I usually do as I am told.","haven_labelled","divergent","incompatible","consistent",1,"approve",NA
"50","sx_sdq_07","Symptom Scale","Other Scales",2,"needs_review","cap17","sx_sdq_07_t2","T2-I usually do as I am told.","haven_labelled","divergent","incompatible","consistent",1,"approve",NA
"50","sx_sdq_07","Symptom Scale","Other Scales",2,"needs_review","cap17","sx_sdq_07_t3","T3-I usually do as I am told.","haven_labelled","divergent","incompatible","consistent",1,"approve",NA
"50","sx_sdq_07","Symptom Scale","Other Scales",2,"needs_review","cap17","sx_sdq_07_t4","T4-I usually do as I am told.","haven_labelled","divergent","incompatible","consistent",1,"approve",NA
"50","sx_sdq_07","Symptom Scale","Other Scales",2,"needs_review","cap17","sx_sdq_07_t5","T5-I usually do as I am told.","haven_labelled","divergent","incompatible","consistent",1,"approve",NA
"50","sx_sdq_07","Symptom Scale","Other Scales",2,"needs_review","cap17","sx_sdq_07_t6","Time 6 I am generally willing to do what other people want.","haven_labelled","divergent","incompatible","consistent",1,"approve",NA
"50","sx_sdq_07","Symptom Scale","Other Scales",2,"needs_review","cap17","sx_sdq_07_t7","Time 7 I am generally willing to do what other people want.","haven_labelled","divergent","incompatible","consistent",1,"approve",NA
"50","sx_sdq_07","Symptom Scale","Other Scales",2,"needs_review","h4l15","sx_sdq_07_t1","T1 I usually do as I am told","haven_labelled","divergent","incompatible","consistent",1,"approve",NA
"50","sx_sdq_07","Symptom Scale","Other Scales",2,"needs_review","h4l15","sx_sdq_07_t3","T3 I usually do as I am told","haven_labelled","divergent","incompatible","consistent",1,"approve",NA
"50","sx_sdq_07","Symptom Scale","Other Scales",2,"needs_review","h4l15","sx_sdq_07_t4","T4 I usually do as I am told","haven_labelled","divergent","incompatible","consistent",1,"approve",NA
"50","sx_sdq_07","Symptom Scale","Other Scales",2,"needs_review","h4l15","sx_sdq_07_t5","I usually do as I am told","haven_labelled","divergent","incompatible","consistent",1,"approve",NA
"51","sx_sdq_08","Symptom Scale","Anxiety",2,"needs_review","cap17","sx_sdq_08_t1","T1-I worry a lot.","haven_labelled","divergent","incompatible","consistent",1,"approve",NA
"51","sx_sdq_08","Symptom Scale","Anxiety",2,"needs_review","cap17","sx_sdq_08_t2","T2-I worry a lot.","haven_labelled","divergent","incompatible","consistent",1,"approve",NA
"51","sx_sdq_08","Symptom Scale","Anxiety",2,"needs_review","cap17","sx_sdq_08_t3","T3-I worry a lot.","haven_labelled","divergent","incompatible","consistent",1,"approve",NA
"51","sx_sdq_08","Symptom Scale","Anxiety",2,"needs_review","cap17","sx_sdq_08_t4","T4-I worry a lot.","haven_labelled","divergent","incompatible","consistent",1,"approve",NA
"51","sx_sdq_08","Symptom Scale","Anxiety",2,"needs_review","cap17","sx_sdq_08_t5","T5-I worry a lot.","haven_labelled","divergent","incompatible","consistent",1,"approve",NA
"51","sx_sdq_08","Symptom Scale","Anxiety",2,"needs_review","cap17","sx_sdq_08_t6","Time 6 I worry a lot.","haven_labelled","divergent","incompatible","consistent",1,"approve",NA
"51","sx_sdq_08","Symptom Scale","Anxiety",2,"needs_review","cap17","sx_sdq_08_t7","Time 7 I worry a lot.","haven_labelled","divergent","incompatible","consistent",1,"approve",NA
"51","sx_sdq_08","Symptom Scale","Anxiety",2,"needs_review","h4l15","sx_sdq_08_t1","T1 I worry a lot","haven_labelled","divergent","incompatible","consistent",1,"approve",NA
"51","sx_sdq_08","Symptom Scale","Anxiety",2,"needs_review","h4l15","sx_sdq_08_t3","T3 I worry a lot","haven_labelled","divergent","incompatible","consistent",1,"approve",NA
"51","sx_sdq_08","Symptom Scale","Anxiety",2,"needs_review","h4l15","sx_sdq_08_t4","T4 I worry a lot","haven_labelled","divergent","incompatible","consistent",1,"approve",NA
"51","sx_sdq_08","Symptom Scale","Anxiety",2,"needs_review","h4l15","sx_sdq_08_t5","I worry a lot","haven_labelled","divergent","incompatible","consistent",1,"approve",NA
"52","sx_sdq_09","Symptom Scale","Wellbeing",2,"needs_review","cap17","sx_sdq_09_t1","T1-I am helpful if someone is hurt, upset, or feeling ill.","haven_labelled","divergent","incompatible","consistent",1,"approve",NA
"52","sx_sdq_09","Symptom Scale","Wellbeing",2,"needs_review","cap17","sx_sdq_09_t2","T2-I am helpful if someone is hurt, upset, or feeling ill.","haven_labelled","divergent","incompatible","consistent",1,"approve",NA
"52","sx_sdq_09","Symptom Scale","Wellbeing",2,"needs_review","cap17","sx_sdq_09_t3","T3-I am helpful if someone is hurt, upset, or feeling ill.","haven_labelled","divergent","incompatible","consistent",1,"approve",NA
"52","sx_sdq_09","Symptom Scale","Wellbeing",2,"needs_review","cap17","sx_sdq_09_t4","T4-I am helpful if someone is hurt, upset, or feeling ill.","haven_labelled","divergent","incompatible","consistent",1,"approve",NA
"52","sx_sdq_09","Symptom Scale","Wellbeing",2,"needs_review","cap17","sx_sdq_09_t5","T5-I am helpful if someone is hurt, upset, or feeling ill.","haven_labelled","divergent","incompatible","consistent",1,"approve",NA
"52","sx_sdq_09","Symptom Scale","Wellbeing",2,"needs_review","cap17","sx_sdq_09_t6","Time 6 I am helpful if someone is hurt, upset, or feeling ill.","haven_labelled","divergent","incompatible","consistent",1,"approve",NA
"52","sx_sdq_09","Symptom Scale","Wellbeing",2,"needs_review","cap17","sx_sdq_09_t7","Time 7 I am helpful if someone is hurt, upset, or feeling ill.","haven_labelled","divergent","incompatible","consistent",1,"approve",NA
"52","sx_sdq_09","Symptom Scale","Wellbeing",2,"needs_review","h4l15","sx_sdq_09_t1","T1 I am helpful if someone is hurt, upset or feeling ill","haven_labelled","divergent","incompatible","consistent",1,"approve",NA
"52","sx_sdq_09","Symptom Scale","Wellbeing",2,"needs_review","h4l15","sx_sdq_09_t3","T3 I am helpful if someone is hurt, upset or feeling ill","haven_labelled","divergent","incompatible","consistent",1,"approve",NA
"52","sx_sdq_09","Symptom Scale","Wellbeing",2,"needs_review","h4l15","sx_sdq_09_t4","T4 I am helpful if someone is hurt, upset or feeling ill","haven_labelled","divergent","incompatible","consistent",1,"approve",NA
"52","sx_sdq_09","Symptom Scale","Wellbeing",2,"needs_review","h4l15","sx_sdq_09_t5","I am helpful if someone is hurt, upset or feeling ill","haven_labelled","divergent","incompatible","consistent",1,"approve",NA
"53","sx_sdq_10","Symptom Scale","Other Scales",2,"needs_review","cap17","sx_sdq_10_t1","T1-I am constantly fidgeting or squirming.","haven_labelled","divergent","incompatible","consistent",1,"approve",NA
"53","sx_sdq_10","Symptom Scale","Other Scales",2,"needs_review","cap17","sx_sdq_10_t2","T2-I am constantly fidgeting or squirming.","haven_labelled","divergent","incompatible","consistent",1,"approve",NA
"53","sx_sdq_10","Symptom Scale","Other Scales",2,"needs_review","cap17","sx_sdq_10_t3","T3-I am constantly fidgeting or squirming.","haven_labelled","divergent","incompatible","consistent",1,"approve",NA
"53","sx_sdq_10","Symptom Scale","Other Scales",2,"needs_review","cap17","sx_sdq_10_t4","T4-I am constantly fidgeting or squirming.","haven_labelled","divergent","incompatible","consistent",1,"approve",NA
"53","sx_sdq_10","Symptom Scale","Other Scales",2,"needs_review","cap17","sx_sdq_10_t5","T5-I am constantly fidgeting or squirming.","haven_labelled","divergent","incompatible","consistent",1,"approve",NA
"53","sx_sdq_10","Symptom Scale","Other Scales",2,"needs_review","cap17","sx_sdq_10_t6","Time 6 I am constantly fidgeting or squirming.","haven_labelled","divergent","incompatible","consistent",1,"approve",NA
"53","sx_sdq_10","Symptom Scale","Other Scales",2,"needs_review","cap17","sx_sdq_10_t7","Time 7 I am constantly fidgeting or squirming.","haven_labelled","divergent","incompatible","consistent",1,"approve",NA
"53","sx_sdq_10","Symptom Scale","Other Scales",2,"needs_review","h4l15","sx_sdq_10_t1","T1 I am constantly fidgeting or squirming","haven_labelled","divergent","incompatible","consistent",1,"approve",NA
"53","sx_sdq_10","Symptom Scale","Other Scales",2,"needs_review","h4l15","sx_sdq_10_t3","T3 I am constantly fidgeting or squirming","haven_labelled","divergent","incompatible","consistent",1,"approve",NA
"53","sx_sdq_10","Symptom Scale","Other Scales",2,"needs_review","h4l15","sx_sdq_10_t4","T4 I am constantly fidgeting or squirming","haven_labelled","divergent","incompatible","consistent",1,"approve",NA
"53","sx_sdq_10","Symptom Scale","Other Scales",2,"needs_review","h4l15","sx_sdq_10_t5","I am constantly fidgeting or squirming","haven_labelled","divergent","incompatible","consistent",1,"approve",NA
"54","sx_sdq_11","Symptom Scale","Wellbeing",2,"needs_review","cap17","sx_sdq_11_t1","T1-I have one good friend or more.","haven_labelled","divergent","incompatible","consistent",1,"approve",NA
"54","sx_sdq_11","Symptom Scale","Wellbeing",2,"needs_review","cap17","sx_sdq_11_t2","T2-I have one good friend or more.","haven_labelled","divergent","incompatible","consistent",1,"approve",NA
"54","sx_sdq_11","Symptom Scale","Wellbeing",2,"needs_review","cap17","sx_sdq_11_t3","T3-I have one good friend or more.","haven_labelled","divergent","incompatible","consistent",1,"approve",NA
"54","sx_sdq_11","Symptom Scale","Wellbeing",2,"needs_review","cap17","sx_sdq_11_t4","T4-I have one good friend or more.","haven_labelled","divergent","incompatible","consistent",1,"approve",NA
"54","sx_sdq_11","Symptom Scale","Wellbeing",2,"needs_review","cap17","sx_sdq_11_t5","T5-I have one good friend or more.","haven_labelled","divergent","incompatible","consistent",1,"approve",NA
"54","sx_sdq_11","Symptom Scale","Wellbeing",2,"needs_review","cap17","sx_sdq_11_t6","Time 6 I have at least one good friend.","haven_labelled","divergent","incompatible","consistent",1,"approve",NA
"54","sx_sdq_11","Symptom Scale","Wellbeing",2,"needs_review","cap17","sx_sdq_11_t7","Time 7 I have at least one good friend.","haven_labelled","divergent","incompatible","consistent",1,"approve",NA
"54","sx_sdq_11","Symptom Scale","Wellbeing",2,"needs_review","h4l15","sx_sdq_11_t1","T1 I have one good friend or more","haven_labelled","divergent","incompatible","consistent",1,"approve",NA
"54","sx_sdq_11","Symptom Scale","Wellbeing",2,"needs_review","h4l15","sx_sdq_11_t3","T3 I have one good friend or more","haven_labelled","divergent","incompatible","consistent",1,"approve",NA
"54","sx_sdq_11","Symptom Scale","Wellbeing",2,"needs_review","h4l15","sx_sdq_11_t4","T4 I have one good friend or more","haven_labelled","divergent","incompatible","consistent",1,"approve",NA
"54","sx_sdq_11","Symptom Scale","Wellbeing",2,"needs_review","h4l15","sx_sdq_11_t5","I have one good friend or more","haven_labelled","divergent","incompatible","consistent",1,"approve",NA
"55","sx_sdq_12","Symptom Scale","Other Scales",2,"needs_review","cap17","sx_sdq_12_t1","T1-I fight a lot. I can make other people do what I want.","haven_labelled","divergent","incompatible","consistent",1,"approve",NA
"55","sx_sdq_12","Symptom Scale","Other Scales",2,"needs_review","cap17","sx_sdq_12_t2","T2-I fight a lot. I can make other people do what I want.","haven_labelled","divergent","incompatible","consistent",1,"approve",NA
"55","sx_sdq_12","Symptom Scale","Other Scales",2,"needs_review","cap17","sx_sdq_12_t3","T3-I fight a lot. I can make other people do what I want.","haven_labelled","divergent","incompatible","consistent",1,"approve",NA
"55","sx_sdq_12","Symptom Scale","Other Scales",2,"needs_review","cap17","sx_sdq_12_t4","T4-I fight a lot. I can make other people do what I want.","haven_labelled","divergent","incompatible","consistent",1,"approve",NA
"55","sx_sdq_12","Symptom Scale","Other Scales",2,"needs_review","cap17","sx_sdq_12_t5","T5-I fight a lot. I can make other people do what I want.","haven_labelled","divergent","incompatible","consistent",1,"approve",NA
"55","sx_sdq_12","Symptom Scale","Other Scales",2,"needs_review","cap17","sx_sdq_12_t6","Time 6 I fight a lot. I can make other people do what I want.","haven_labelled","divergent","incompatible","consistent",1,"approve",NA
"55","sx_sdq_12","Symptom Scale","Other Scales",2,"needs_review","cap17","sx_sdq_12_t7","Time 7 I fight a lot. I can make other people do what I want.","haven_labelled","divergent","incompatible","consistent",1,"approve",NA
"55","sx_sdq_12","Symptom Scale","Other Scales",2,"needs_review","h4l15","sx_sdq_12_t1","T1 I fight a lot. I can make other people do what I want","haven_labelled","divergent","incompatible","consistent",1,"approve",NA
"55","sx_sdq_12","Symptom Scale","Other Scales",2,"needs_review","h4l15","sx_sdq_12_t3","T3 I fight a lot. I can make other people do what I want","haven_labelled","divergent","incompatible","consistent",1,"approve",NA
"55","sx_sdq_12","Symptom Scale","Other Scales",2,"needs_review","h4l15","sx_sdq_12_t4","T4 I fight a lot. I can make other people do what I want","haven_labelled","divergent","incompatible","consistent",1,"approve",NA
"55","sx_sdq_12","Symptom Scale","Other Scales",2,"needs_review","h4l15","sx_sdq_12_t5","I fight a lot. I can make other people do what I want","haven_labelled","divergent","incompatible","consistent",1,"approve",NA
"56","sx_sdq_13","Symptom Scale","Depression",2,"needs_review","cap17","sx_sdq_13_t1","T1-I am often unhappy, down-hearted, or tearful.","haven_labelled","divergent","incompatible","consistent",1,"approve",NA
"56","sx_sdq_13","Symptom Scale","Depression",2,"needs_review","cap17","sx_sdq_13_t2","T2-I am often unhappy, down-hearted, or tearful.","haven_labelled","divergent","incompatible","consistent",1,"approve",NA
"56","sx_sdq_13","Symptom Scale","Depression",2,"needs_review","cap17","sx_sdq_13_t3","T3-I am often unhappy, down-hearted, or tearful.","haven_labelled","divergent","incompatible","consistent",1,"approve",NA
"56","sx_sdq_13","Symptom Scale","Depression",2,"needs_review","cap17","sx_sdq_13_t4","T4-I am often unhappy, down-hearted, or tearful.","haven_labelled","divergent","incompatible","consistent",1,"approve",NA
"56","sx_sdq_13","Symptom Scale","Depression",2,"needs_review","cap17","sx_sdq_13_t5","T5-I am often unhappy, down-hearted, or tearful.","haven_labelled","divergent","incompatible","consistent",1,"approve",NA
"56","sx_sdq_13","Symptom Scale","Depression",2,"needs_review","cap17","sx_sdq_13_t6","Time 6 I am often unhappy, depressed, or tearful.","haven_labelled","divergent","incompatible","consistent",1,"approve",NA
"56","sx_sdq_13","Symptom Scale","Depression",2,"needs_review","cap17","sx_sdq_13_t7","Time 7 I am often unhappy, depressed, or tearful.","haven_labelled","divergent","incompatible","consistent",1,"approve",NA
"56","sx_sdq_13","Symptom Scale","Depression",2,"needs_review","h4l15","sx_sdq_13_t1","T1 I am often unhappy, depressed or tearful","haven_labelled","divergent","incompatible","consistent",1,"approve",NA
"56","sx_sdq_13","Symptom Scale","Depression",2,"needs_review","h4l15","sx_sdq_13_t3","T3 I am often unhappy, depressed or tearful","haven_labelled","divergent","incompatible","consistent",1,"approve",NA
"56","sx_sdq_13","Symptom Scale","Depression",2,"needs_review","h4l15","sx_sdq_13_t4","T4 I am often unhappy, depressed or tearful","haven_labelled","divergent","incompatible","consistent",1,"approve",NA
"56","sx_sdq_13","Symptom Scale","Depression",2,"needs_review","h4l15","sx_sdq_13_t5","I am often unhappy, depressed or tearful","haven_labelled","divergent","incompatible","consistent",1,"approve",NA
"57","sx_sdq_14","Symptom Scale","Wellbeing",2,"needs_review","cap17","sx_sdq_14_t1","T1-Other people my age generally like me.","haven_labelled","divergent","incompatible","consistent",1,"approve",NA
"57","sx_sdq_14","Symptom Scale","Wellbeing",2,"needs_review","cap17","sx_sdq_14_t2","T2-Other people my age generally like me.","haven_labelled","divergent","incompatible","consistent",1,"approve",NA
"57","sx_sdq_14","Symptom Scale","Wellbeing",2,"needs_review","cap17","sx_sdq_14_t3","T3-Other people my age generally like me.","haven_labelled","divergent","incompatible","consistent",1,"approve",NA
"57","sx_sdq_14","Symptom Scale","Wellbeing",2,"needs_review","cap17","sx_sdq_14_t4","T4-Other people my age generally like me.","haven_labelled","divergent","incompatible","consistent",1,"approve",NA
"57","sx_sdq_14","Symptom Scale","Wellbeing",2,"needs_review","cap17","sx_sdq_14_t5","T5-Other people my age generally like me.","haven_labelled","divergent","incompatible","consistent",1,"approve",NA
"57","sx_sdq_14","Symptom Scale","Wellbeing",2,"needs_review","cap17","sx_sdq_14_t6","Time 6 Other people my age generally like me.","haven_labelled","divergent","incompatible","consistent",1,"approve",NA
"57","sx_sdq_14","Symptom Scale","Wellbeing",2,"needs_review","cap17","sx_sdq_14_t7","Time 7 Other people my age generally like me.","haven_labelled","divergent","incompatible","consistent",1,"approve",NA
"57","sx_sdq_14","Symptom Scale","Wellbeing",2,"needs_review","h4l15","sx_sdq_14_t1","T1 Other people my age generally like me","haven_labelled","divergent","incompatible","consistent",1,"approve",NA
"57","sx_sdq_14","Symptom Scale","Wellbeing",2,"needs_review","h4l15","sx_sdq_14_t3","T3 Other people my age generally like me","haven_labelled","divergent","incompatible","consistent",1,"approve",NA
"57","sx_sdq_14","Symptom Scale","Wellbeing",2,"needs_review","h4l15","sx_sdq_14_t4","T4 Other people my age generally like me","haven_labelled","divergent","incompatible","consistent",1,"approve",NA
"57","sx_sdq_14","Symptom Scale","Wellbeing",2,"needs_review","h4l15","sx_sdq_14_t5","Other people my age generally like me","haven_labelled","divergent","incompatible","consistent",1,"approve",NA
"58","sx_sdq_15","Symptom Scale","Other Scales",2,"needs_review","cap17","sx_sdq_15_t1","T1-I am easily distracted. I find it difficult to concentrate.","haven_labelled","divergent","incompatible","consistent",1,"approve",NA
"58","sx_sdq_15","Symptom Scale","Other Scales",2,"needs_review","cap17","sx_sdq_15_t2","T2-I am easily distracted. I find it difficult to concentrate.","haven_labelled","divergent","incompatible","consistent",1,"approve",NA
"58","sx_sdq_15","Symptom Scale","Other Scales",2,"needs_review","cap17","sx_sdq_15_t3","T3-I am easily distracted. I find it difficult to concentrate.","haven_labelled","divergent","incompatible","consistent",1,"approve",NA
"58","sx_sdq_15","Symptom Scale","Other Scales",2,"needs_review","cap17","sx_sdq_15_t4","T4-I am easily distracted. I find it difficult to concentrate.","haven_labelled","divergent","incompatible","consistent",1,"approve",NA
"58","sx_sdq_15","Symptom Scale","Other Scales",2,"needs_review","cap17","sx_sdq_15_t5","T5-I am easily distracted. I find it difficult to concentrate.","haven_labelled","divergent","incompatible","consistent",1,"approve",NA
"58","sx_sdq_15","Symptom Scale","Other Scales",2,"needs_review","cap17","sx_sdq_15_t6","Time 6 I am easily distracted. I find it difficult to concentrate.","haven_labelled","divergent","incompatible","consistent",1,"approve",NA
"58","sx_sdq_15","Symptom Scale","Other Scales",2,"needs_review","cap17","sx_sdq_15_t7","Time 7 I am easily distracted. I find it difficult to concentrate.","haven_labelled","divergent","incompatible","consistent",1,"approve",NA
"58","sx_sdq_15","Symptom Scale","Other Scales",2,"needs_review","h4l15","sx_sdq_15_t1","T1 I am easily distracted, I find it difficult to concentrate","haven_labelled","divergent","incompatible","consistent",1,"approve",NA
"58","sx_sdq_15","Symptom Scale","Other Scales",2,"needs_review","h4l15","sx_sdq_15_t3","T3 I am easily distracted, I find it difficult to concentrate","haven_labelled","divergent","incompatible","consistent",1,"approve",NA
"58","sx_sdq_15","Symptom Scale","Other Scales",2,"needs_review","h4l15","sx_sdq_15_t4","T4 I am easily distracted, I find it difficult to concentrate","haven_labelled","divergent","incompatible","consistent",1,"approve",NA
"58","sx_sdq_15","Symptom Scale","Other Scales",2,"needs_review","h4l15","sx_sdq_15_t5","I am easily distracted, I find it difficult to concentrate","haven_labelled","divergent","incompatible","consistent",1,"approve",NA
"59","sx_sdq_16","Symptom Scale","Anxiety",2,"needs_review","cap17","sx_sdq_16_t1","T1-I am nervous in new situations. I easily lose confidence.","haven_labelled","divergent","incompatible","consistent",1,"approve",NA
"59","sx_sdq_16","Symptom Scale","Anxiety",2,"needs_review","cap17","sx_sdq_16_t2","T2-I am nervous in new situations. I easily lose confidence.","haven_labelled","divergent","incompatible","consistent",1,"approve",NA
"59","sx_sdq_16","Symptom Scale","Anxiety",2,"needs_review","cap17","sx_sdq_16_t3","T3-I am nervous in new situations. I easily lose confidence.","haven_labelled","divergent","incompatible","consistent",1,"approve",NA
"59","sx_sdq_16","Symptom Scale","Anxiety",2,"needs_review","cap17","sx_sdq_16_t4","T4-I am nervous in new situations. I easily lose confidence.","haven_labelled","divergent","incompatible","consistent",1,"approve",NA
"59","sx_sdq_16","Symptom Scale","Anxiety",2,"needs_review","cap17","sx_sdq_16_t5","T5-I am nervous in new situations. I easily lose confidence.","haven_labelled","divergent","incompatible","consistent",1,"approve",NA
"59","sx_sdq_16","Symptom Scale","Anxiety",2,"needs_review","cap17","sx_sdq_16_t6","Time 6 I am nervous in new situations. I easily lose confidence.","haven_labelled","divergent","incompatible","consistent",1,"approve",NA
"59","sx_sdq_16","Symptom Scale","Anxiety",2,"needs_review","cap17","sx_sdq_16_t7","Time 7 I am nervous in new situations. I easily lose confidence.","haven_labelled","divergent","incompatible","consistent",1,"approve",NA
"59","sx_sdq_16","Symptom Scale","Anxiety",2,"needs_review","h4l15","sx_sdq_16_t1","T1 I am nervous in new situations. I easily lose confidence","haven_labelled","divergent","incompatible","consistent",1,"approve",NA
"59","sx_sdq_16","Symptom Scale","Anxiety",2,"needs_review","h4l15","sx_sdq_16_t3","T3 I am nervous in new situations. I easily lose confidence","haven_labelled","divergent","incompatible","consistent",1,"approve",NA
"59","sx_sdq_16","Symptom Scale","Anxiety",2,"needs_review","h4l15","sx_sdq_16_t4","T4 I am nervous in new situations. I easily lose confidence","haven_labelled","divergent","incompatible","consistent",1,"approve",NA
"59","sx_sdq_16","Symptom Scale","Anxiety",2,"needs_review","h4l15","sx_sdq_16_t5","I am nervous in new situations. I easily lose confidence","haven_labelled","divergent","incompatible","consistent",1,"approve",NA
"60","sx_sdq_17","Symptom Scale","Wellbeing",2,"needs_review","cap17","sx_sdq_17_t1","T1-I am kind to younger children.","haven_labelled","divergent","incompatible","consistent",1,"approve",NA
"60","sx_sdq_17","Symptom Scale","Wellbeing",2,"needs_review","cap17","sx_sdq_17_t2","T2-I am kind to younger children.","haven_labelled","divergent","incompatible","consistent",1,"approve",NA
"60","sx_sdq_17","Symptom Scale","Wellbeing",2,"needs_review","cap17","sx_sdq_17_t3","T3-I am kind to younger children.","haven_labelled","divergent","incompatible","consistent",1,"approve",NA
"60","sx_sdq_17","Symptom Scale","Wellbeing",2,"needs_review","cap17","sx_sdq_17_t4","T4-I am kind to younger children.","haven_labelled","divergent","incompatible","consistent",1,"approve",NA
"60","sx_sdq_17","Symptom Scale","Wellbeing",2,"needs_review","cap17","sx_sdq_17_t5","T5-I am kind to younger children.","haven_labelled","divergent","incompatible","consistent",1,"approve",NA
"60","sx_sdq_17","Symptom Scale","Wellbeing",2,"needs_review","cap17","sx_sdq_17_t6","Time 6 I am kind to children.","haven_labelled","divergent","incompatible","consistent",1,"approve",NA
"60","sx_sdq_17","Symptom Scale","Wellbeing",2,"needs_review","cap17","sx_sdq_17_t7","Time 7 I am kind to children.","haven_labelled","divergent","incompatible","consistent",1,"approve",NA
"60","sx_sdq_17","Symptom Scale","Wellbeing",2,"needs_review","h4l15","sx_sdq_17_t1","T1 I am kind to younger children","haven_labelled","divergent","incompatible","consistent",1,"approve",NA
"60","sx_sdq_17","Symptom Scale","Wellbeing",2,"needs_review","h4l15","sx_sdq_17_t3","T3 I am kind to younger children","haven_labelled","divergent","incompatible","consistent",1,"approve",NA
"60","sx_sdq_17","Symptom Scale","Wellbeing",2,"needs_review","h4l15","sx_sdq_17_t4","T4 I am kind to younger children","haven_labelled","divergent","incompatible","consistent",1,"approve",NA
"60","sx_sdq_17","Symptom Scale","Wellbeing",2,"needs_review","h4l15","sx_sdq_17_t5","I am kind to younger children","haven_labelled","divergent","incompatible","consistent",1,"approve",NA
"61","sx_sdq_18","Symptom Scale","Other Scales",2,"needs_review","cap17","sx_sdq_18_t1","T1-I am often accused of lying or cheating.","haven_labelled","divergent","incompatible","consistent",1,"approve",NA
"61","sx_sdq_18","Symptom Scale","Other Scales",2,"needs_review","cap17","sx_sdq_18_t2","T2-I am often accused of lying or cheating.","haven_labelled","divergent","incompatible","consistent",1,"approve",NA
"61","sx_sdq_18","Symptom Scale","Other Scales",2,"needs_review","cap17","sx_sdq_18_t3","T3-I am often accused of lying or cheating.","haven_labelled","divergent","incompatible","consistent",1,"approve",NA
"61","sx_sdq_18","Symptom Scale","Other Scales",2,"needs_review","cap17","sx_sdq_18_t4","T4-I am often accused of lying or cheating.","haven_labelled","divergent","incompatible","consistent",1,"approve",NA
"61","sx_sdq_18","Symptom Scale","Other Scales",2,"needs_review","cap17","sx_sdq_18_t5","T5-I am often accused of lying or cheating.","haven_labelled","divergent","incompatible","consistent",1,"approve",NA
"61","sx_sdq_18","Symptom Scale","Other Scales",2,"needs_review","cap17","sx_sdq_18_t6","Time 6 I am often accused of lying or cheating.","haven_labelled","divergent","incompatible","consistent",1,"approve",NA
"61","sx_sdq_18","Symptom Scale","Other Scales",2,"needs_review","cap17","sx_sdq_18_t7","Time 7 I am often accused of lying or cheating.","haven_labelled","divergent","incompatible","consistent",1,"approve",NA
"61","sx_sdq_18","Symptom Scale","Other Scales",2,"needs_review","h4l15","sx_sdq_18_t1","T1 I am often accused of lying or cheating","haven_labelled","divergent","incompatible","consistent",1,"approve",NA
"61","sx_sdq_18","Symptom Scale","Other Scales",2,"needs_review","h4l15","sx_sdq_18_t3","T3 I am often accused of lying or cheating","haven_labelled","divergent","incompatible","consistent",1,"approve",NA
"61","sx_sdq_18","Symptom Scale","Other Scales",2,"needs_review","h4l15","sx_sdq_18_t4","T4 I am often accused of lying or cheating","haven_labelled","divergent","incompatible","consistent",1,"approve",NA
"61","sx_sdq_18","Symptom Scale","Other Scales",2,"needs_review","h4l15","sx_sdq_18_t5","I am often accused of lying or cheating","haven_labelled","divergent","incompatible","consistent",1,"approve",NA
"62","sx_sdq_19","Symptom Scale","Other Scales",2,"needs_review","cap17","sx_sdq_19_t1","T1-Often children or young people pick on me or bully me.","haven_labelled","divergent","incompatible","consistent",1,"approve",NA
"62","sx_sdq_19","Symptom Scale","Other Scales",2,"needs_review","cap17","sx_sdq_19_t2","T2-Often children or young people pick on me or bully me.","haven_labelled","divergent","incompatible","consistent",1,"approve",NA
"62","sx_sdq_19","Symptom Scale","Other Scales",2,"needs_review","cap17","sx_sdq_19_t3","T3-Often children or young people pick on me or bully me.","haven_labelled","divergent","incompatible","consistent",1,"approve",NA
"62","sx_sdq_19","Symptom Scale","Other Scales",2,"needs_review","cap17","sx_sdq_19_t4","T4-Often children or young people pick on me or bully me.","haven_labelled","divergent","incompatible","consistent",1,"approve",NA
"62","sx_sdq_19","Symptom Scale","Other Scales",2,"needs_review","cap17","sx_sdq_19_t5","T5-Children or young people pick on me or bully me.","haven_labelled","divergent","incompatible","consistent",1,"approve",NA
"62","sx_sdq_19","Symptom Scale","Other Scales",2,"needs_review","cap17","sx_sdq_19_t6","Time 6 Other people pick on me or bully me.","haven_labelled","divergent","incompatible","consistent",1,"approve",NA
"62","sx_sdq_19","Symptom Scale","Other Scales",2,"needs_review","cap17","sx_sdq_19_t7","Time 7 Other people pick on me or bully me.","haven_labelled","divergent","incompatible","consistent",1,"approve",NA
"62","sx_sdq_19","Symptom Scale","Other Scales",2,"needs_review","h4l15","sx_sdq_19_t1","T1 Other children or young people pick on me or bully me","haven_labelled","divergent","incompatible","consistent",1,"approve",NA
"62","sx_sdq_19","Symptom Scale","Other Scales",2,"needs_review","h4l15","sx_sdq_19_t3","T3 Other children or young people pick on me or bully me","haven_labelled","divergent","incompatible","consistent",1,"approve",NA
"62","sx_sdq_19","Symptom Scale","Other Scales",2,"needs_review","h4l15","sx_sdq_19_t4","T4 Other children or young people pick on me or bully me","haven_labelled","divergent","incompatible","consistent",1,"approve",NA
"62","sx_sdq_19","Symptom Scale","Other Scales",2,"needs_review","h4l15","sx_sdq_19_t5","Other children or young people pick on me or bully me","haven_labelled","divergent","incompatible","consistent",1,"approve",NA
"63","sx_sdq_20","Symptom Scale","Wellbeing",2,"needs_review","cap17","sx_sdq_20_t1","T1-I often volunteer to help others (parents, teachers, children).","haven_labelled","divergent","incompatible","consistent",1,"approve",NA
"63","sx_sdq_20","Symptom Scale","Wellbeing",2,"needs_review","cap17","sx_sdq_20_t2","T2-I often volunteer to help others (parents, teachers, children).","haven_labelled","divergent","incompatible","consistent",1,"approve",NA
"63","sx_sdq_20","Symptom Scale","Wellbeing",2,"needs_review","cap17","sx_sdq_20_t3","T3-I often volunteer to help others (parents, teachers, children).","haven_labelled","divergent","incompatible","consistent",1,"approve",NA
"63","sx_sdq_20","Symptom Scale","Wellbeing",2,"needs_review","cap17","sx_sdq_20_t4","T4-I often volunteer to help others (parents, teachers, children).","haven_labelled","divergent","incompatible","consistent",1,"approve",NA
"63","sx_sdq_20","Symptom Scale","Wellbeing",2,"needs_review","cap17","sx_sdq_20_t5","T5-I often volunteer to help others (parents, teachers, children).","haven_labelled","divergent","incompatible","consistent",1,"approve",NA
"63","sx_sdq_20","Symptom Scale","Wellbeing",2,"needs_review","cap17","sx_sdq_20_t6","Time 6 I often offer help to others (family members, friends, colleagues).","haven_labelled","divergent","incompatible","consistent",1,"approve",NA
"63","sx_sdq_20","Symptom Scale","Wellbeing",2,"needs_review","cap17","sx_sdq_20_t7","Time 7 I often offer help to others (family members, friends, colleagues).","haven_labelled","divergent","incompatible","consistent",1,"approve",NA
"63","sx_sdq_20","Symptom Scale","Wellbeing",2,"needs_review","h4l15","sx_sdq_20_t1","T1 I often volunteer to help others (parents, teachers, children)","haven_labelled","divergent","incompatible","consistent",1,"approve",NA
"63","sx_sdq_20","Symptom Scale","Wellbeing",2,"needs_review","h4l15","sx_sdq_20_t3","T3 I often volunteer to help others (parents, teachers, children)","haven_labelled","divergent","incompatible","consistent",1,"approve",NA
"63","sx_sdq_20","Symptom Scale","Wellbeing",2,"needs_review","h4l15","sx_sdq_20_t4","T4 I often volunteer to help others (parents, teachers, children)","haven_labelled","divergent","incompatible","consistent",1,"approve",NA
"63","sx_sdq_20","Symptom Scale","Wellbeing",2,"needs_review","h4l15","sx_sdq_20_t5","I often volunteer to help others (parents, teachers, children)","haven_labelled","divergent","incompatible","consistent",1,"approve",NA
"64","sx_sdq_21","Symptom Scale","Other Scales",2,"needs_review","cap17","sx_sdq_21_t1","T1-I think before I do things.","haven_labelled","divergent","incompatible","consistent",1,"approve",NA
"64","sx_sdq_21","Symptom Scale","Other Scales",2,"needs_review","cap17","sx_sdq_21_t2","T2-I think before I do things.","haven_labelled","divergent","incompatible","consistent",1,"approve",NA
"64","sx_sdq_21","Symptom Scale","Other Scales",2,"needs_review","cap17","sx_sdq_21_t3","T3-I think before I do things.","haven_labelled","divergent","incompatible","consistent",1,"approve",NA
"64","sx_sdq_21","Symptom Scale","Other Scales",2,"needs_review","cap17","sx_sdq_21_t4","T4-I think before I do things.","haven_labelled","divergent","incompatible","consistent",1,"approve",NA
"64","sx_sdq_21","Symptom Scale","Other Scales",2,"needs_review","cap17","sx_sdq_21_t5","T5-I think before I do things.","haven_labelled","divergent","incompatible","consistent",1,"approve",NA
"64","sx_sdq_21","Symptom Scale","Other Scales",2,"needs_review","cap17","sx_sdq_21_t6","Time 6 I think before I do things.","haven_labelled","divergent","incompatible","consistent",1,"approve",NA
"64","sx_sdq_21","Symptom Scale","Other Scales",2,"needs_review","cap17","sx_sdq_21_t7","Time 7 I think before I do things.","haven_labelled","divergent","incompatible","consistent",1,"approve",NA
"64","sx_sdq_21","Symptom Scale","Other Scales",2,"needs_review","h4l15","sx_sdq_21_t1","T1 I think before I do things","haven_labelled","divergent","incompatible","consistent",1,"approve",NA
"64","sx_sdq_21","Symptom Scale","Other Scales",2,"needs_review","h4l15","sx_sdq_21_t3","T3 I think before I do things","haven_labelled","divergent","incompatible","consistent",1,"approve",NA
"64","sx_sdq_21","Symptom Scale","Other Scales",2,"needs_review","h4l15","sx_sdq_21_t4","T4 I think before I do things","haven_labelled","divergent","incompatible","consistent",1,"approve",NA
"64","sx_sdq_21","Symptom Scale","Other Scales",2,"needs_review","h4l15","sx_sdq_21_t5","I think before I do things","haven_labelled","divergent","incompatible","consistent",1,"approve",NA
"65","sx_sdq_22","Symptom Scale","Other Scales",2,"needs_review","cap17","sx_sdq_22_t1","T1-I take things that are not mine from home, school or elsewhere.","haven_labelled","divergent","incompatible","consistent",1,"approve",NA
"65","sx_sdq_22","Symptom Scale","Other Scales",2,"needs_review","cap17","sx_sdq_22_t2","T2-I take things that are not mine from home, school or elsewhere.","haven_labelled","divergent","incompatible","consistent",1,"approve",NA
"65","sx_sdq_22","Symptom Scale","Other Scales",2,"needs_review","cap17","sx_sdq_22_t3","T3-I take things that are not mine from home, school or elsewhere.","haven_labelled","divergent","incompatible","consistent",1,"approve",NA
"65","sx_sdq_22","Symptom Scale","Other Scales",2,"needs_review","cap17","sx_sdq_22_t4","T4-I take things that are not mine from home, school or elsewhere.","haven_labelled","divergent","incompatible","consistent",1,"approve",NA
"65","sx_sdq_22","Symptom Scale","Other Scales",2,"needs_review","cap17","sx_sdq_22_t5","T5-I take things that are not mine from home, school or elsewhere.","haven_labelled","divergent","incompatible","consistent",1,"approve",NA
"65","sx_sdq_22","Symptom Scale","Other Scales",2,"needs_review","cap17","sx_sdq_22_t6","Time 6 I take things that are not mine from home, work or elsewhere.","haven_labelled","divergent","incompatible","consistent",1,"approve",NA
"65","sx_sdq_22","Symptom Scale","Other Scales",2,"needs_review","cap17","sx_sdq_22_t7","Time 7 I take things that are not mine from home, work or elsewhere.","haven_labelled","divergent","incompatible","consistent",1,"approve",NA
"65","sx_sdq_22","Symptom Scale","Other Scales",2,"needs_review","h4l15","sx_sdq_22_t1","T1 I take things that are not mine from home, school or elsewhere","haven_labelled","divergent","incompatible","consistent",1,"approve",NA
"65","sx_sdq_22","Symptom Scale","Other Scales",2,"needs_review","h4l15","sx_sdq_22_t3","T3 I take things that are not mine from home, school or elsewhere","haven_labelled","divergent","incompatible","consistent",1,"approve",NA
"65","sx_sdq_22","Symptom Scale","Other Scales",2,"needs_review","h4l15","sx_sdq_22_t4","T4 I take things that are not mine from home, school or elsewhere","haven_labelled","divergent","incompatible","consistent",1,"approve",NA
"65","sx_sdq_22","Symptom Scale","Other Scales",2,"needs_review","h4l15","sx_sdq_22_t5","I take things that are not mine from home, school or elsewhere","haven_labelled","divergent","incompatible","consistent",1,"approve",NA
"66","sx_sdq_23","Symptom Scale","Other Scales",2,"needs_review","cap17","sx_sdq_23_t1","T1- I get on better with adults than with people my own age.","haven_labelled","divergent","incompatible","consistent",1,"approve",NA
"66","sx_sdq_23","Symptom Scale","Other Scales",2,"needs_review","cap17","sx_sdq_23_t2","T2- I get on better with adults than with people my own age.","haven_labelled","divergent","incompatible","consistent",1,"approve",NA
"66","sx_sdq_23","Symptom Scale","Other Scales",2,"needs_review","cap17","sx_sdq_23_t3","T3- I get on better with adults than with people my own age.","haven_labelled","divergent","incompatible","consistent",1,"approve",NA
"66","sx_sdq_23","Symptom Scale","Other Scales",2,"needs_review","cap17","sx_sdq_23_t4","T4- I get on better with adults than with people my own age.","haven_labelled","divergent","incompatible","consistent",1,"approve",NA
"66","sx_sdq_23","Symptom Scale","Other Scales",2,"needs_review","cap17","sx_sdq_23_t5","T5- I get on better with adults than with people my own age.","haven_labelled","divergent","incompatible","consistent",1,"approve",NA
"66","sx_sdq_23","Symptom Scale","Other Scales",2,"needs_review","cap17","sx_sdq_23_t6","Time 6 I get on better with older people than with people of my own age.","haven_labelled","divergent","incompatible","consistent",1,"approve",NA
"66","sx_sdq_23","Symptom Scale","Other Scales",2,"needs_review","cap17","sx_sdq_23_t7","Time 7 I get on better with older people than with people of my own age.","haven_labelled","divergent","incompatible","consistent",1,"approve",NA
"66","sx_sdq_23","Symptom Scale","Other Scales",2,"needs_review","h4l15","sx_sdq_23_t1","T1 I get along better with adults than with people my own age","haven_labelled","divergent","incompatible","consistent",1,"approve",NA
"66","sx_sdq_23","Symptom Scale","Other Scales",2,"needs_review","h4l15","sx_sdq_23_t3","T3 I get along better with adults than with people my own age","haven_labelled","divergent","incompatible","consistent",1,"approve",NA
"66","sx_sdq_23","Symptom Scale","Other Scales",2,"needs_review","h4l15","sx_sdq_23_t4","T4 I get along better with adults than with people my own age","haven_labelled","divergent","incompatible","consistent",1,"approve",NA
"66","sx_sdq_23","Symptom Scale","Other Scales",2,"needs_review","h4l15","sx_sdq_23_t5","I get along better with adults than with people my own age","haven_labelled","divergent","incompatible","consistent",1,"approve",NA
"67","sx_sdq_24","Symptom Scale","Anxiety",2,"needs_review","cap17","sx_sdq_24_t1","T1-I have many fears. I am easily scared.","haven_labelled","divergent","incompatible","consistent",1,"approve",NA
"67","sx_sdq_24","Symptom Scale","Anxiety",2,"needs_review","cap17","sx_sdq_24_t2","T2-I have many fears. I am easily scared.","haven_labelled","divergent","incompatible","consistent",1,"approve",NA
"67","sx_sdq_24","Symptom Scale","Anxiety",2,"needs_review","cap17","sx_sdq_24_t3","T3-I have many fears. I am easily scared.","haven_labelled","divergent","incompatible","consistent",1,"approve",NA
"67","sx_sdq_24","Symptom Scale","Anxiety",2,"needs_review","cap17","sx_sdq_24_t4","T4-I have many fears. I am easily scared.","haven_labelled","divergent","incompatible","consistent",1,"approve",NA
"67","sx_sdq_24","Symptom Scale","Anxiety",2,"needs_review","cap17","sx_sdq_24_t5","T5-I have many fears. I am easily scared.","haven_labelled","divergent","incompatible","consistent",1,"approve",NA
"67","sx_sdq_24","Symptom Scale","Anxiety",2,"needs_review","cap17","sx_sdq_24_t6","Time 6 I have many fears, I am easily scared.","haven_labelled","divergent","incompatible","consistent",1,"approve",NA
"67","sx_sdq_24","Symptom Scale","Anxiety",2,"needs_review","cap17","sx_sdq_24_t7","Time 7 I have many fears, I am easily scared.","haven_labelled","divergent","incompatible","consistent",1,"approve",NA
"67","sx_sdq_24","Symptom Scale","Anxiety",2,"needs_review","h4l15","sx_sdq_24_t1","T1 I have many fears, I am easily scared","haven_labelled","divergent","incompatible","consistent",1,"approve",NA
"67","sx_sdq_24","Symptom Scale","Anxiety",2,"needs_review","h4l15","sx_sdq_24_t3","T3 I have many fears, I am easily scared","haven_labelled","divergent","incompatible","consistent",1,"approve",NA
"67","sx_sdq_24","Symptom Scale","Anxiety",2,"needs_review","h4l15","sx_sdq_24_t4","T4 I have many fears, I am easily scared","haven_labelled","divergent","incompatible","consistent",1,"approve",NA
"67","sx_sdq_24","Symptom Scale","Anxiety",2,"needs_review","h4l15","sx_sdq_24_t5","I have many fears, I am easily scared","haven_labelled","divergent","incompatible","consistent",1,"approve",NA
"68","sx_sdq_25","Symptom Scale","Other Scales",2,"needs_review","cap17","sx_sdq_25_t1","T1-I finish the work I am doing. My attention is good.","haven_labelled","divergent","incompatible","consistent",1,"approve",NA
"68","sx_sdq_25","Symptom Scale","Other Scales",2,"needs_review","cap17","sx_sdq_25_t2","T2-I finish the work I am doing. My attention is good.","haven_labelled","divergent","incompatible","consistent",1,"approve",NA
"68","sx_sdq_25","Symptom Scale","Other Scales",2,"needs_review","cap17","sx_sdq_25_t3","T3-I finish the work I am doing. My attention is good.","haven_labelled","divergent","incompatible","consistent",1,"approve",NA
"68","sx_sdq_25","Symptom Scale","Other Scales",2,"needs_review","cap17","sx_sdq_25_t4","T4-I finish the work I am doing. My attention is good.","haven_labelled","divergent","incompatible","consistent",1,"approve",NA
"68","sx_sdq_25","Symptom Scale","Other Scales",2,"needs_review","cap17","sx_sdq_25_t5","T5-I finish the work I am doing. My attention is good.","haven_labelled","divergent","incompatible","consistent",1,"approve",NA
"68","sx_sdq_25","Symptom Scale","Other Scales",2,"needs_review","cap17","sx_sdq_25_t6","Time 6 I finish the work I am doing. My attention is good.","haven_labelled","divergent","incompatible","consistent",1,"approve",NA
"68","sx_sdq_25","Symptom Scale","Other Scales",2,"needs_review","cap17","sx_sdq_25_t7","Time 7 I finish the work I am doing. My attention is good.","haven_labelled","divergent","incompatible","consistent",1,"approve",NA
"68","sx_sdq_25","Symptom Scale","Other Scales",2,"needs_review","h4l15","sx_sdq_25_t1","T1 I finish the work I'm doing. My attention is good","haven_labelled","divergent","incompatible","consistent",1,"approve",NA
"68","sx_sdq_25","Symptom Scale","Other Scales",2,"needs_review","h4l15","sx_sdq_25_t3","T3 I finish the work I'm doing. My attention is good","haven_labelled","divergent","incompatible","consistent",1,"approve",NA
"68","sx_sdq_25","Symptom Scale","Other Scales",2,"needs_review","h4l15","sx_sdq_25_t4","T4 I finish the work I'm doing. My attention is good","haven_labelled","divergent","incompatible","consistent",1,"approve",NA
"68","sx_sdq_25","Symptom Scale","Other Scales",2,"needs_review","h4l15","sx_sdq_25_t5","I finish the work I'm doing. My attention is good","haven_labelled","divergent","incompatible","consistent",1,"approve",NA
"69","sx_sdq_con","Symptom Scale","Other Scales",2,"needs_review","cap17","sx_sdq_con_t1","T1 Conduct Problems subscale score","numeric","divergent","continuous","consistent",1,"approve",NA
"69","sx_sdq_con","Symptom Scale","Other Scales",2,"needs_review","cap17","sx_sdq_con_t2","Time 2 Conduct Problems subscale score","numeric","divergent","continuous","consistent",1,"approve",NA
"69","sx_sdq_con","Symptom Scale","Other Scales",2,"needs_review","cap17","sx_sdq_con_t3","T3 Conduct Problems subscale score","numeric","divergent","continuous","consistent",1,"approve",NA
"69","sx_sdq_con","Symptom Scale","Other Scales",2,"needs_review","cap17","sx_sdq_con_t4","T4 Conduct Problems subscale score","numeric","divergent","continuous","consistent",1,"approve",NA
"69","sx_sdq_con","Symptom Scale","Other Scales",2,"needs_review","cap17","sx_sdq_con_t5","T5 Conduct Problems subscale score","numeric","divergent","continuous","consistent",1,"approve",NA
"69","sx_sdq_con","Symptom Scale","Other Scales",2,"needs_review","cap17","sx_sdq_con_t6","Time 6 Conduct Problems subscale score","numeric","divergent","continuous","consistent",1,"approve",NA
"69","sx_sdq_con","Symptom Scale","Other Scales",2,"needs_review","cap17","sx_sdq_con_t7","Time 7 Conduct Problems subscale score","numeric","divergent","continuous","consistent",1,"approve",NA
"69","sx_sdq_con","Symptom Scale","Other Scales",2,"needs_review","h4l15","sx_sdq_con_t1","T1 SDQ conduct problems subscale","numeric","divergent","continuous","consistent",1,"approve",NA
"69","sx_sdq_con","Symptom Scale","Other Scales",2,"needs_review","h4l15","sx_sdq_con_t3","T3 SDQ conduct problems subscale","numeric","divergent","continuous","consistent",1,"approve",NA
"69","sx_sdq_con","Symptom Scale","Other Scales",2,"needs_review","h4l15","sx_sdq_con_t4","T4 SDQ conduct problems subscale","numeric","divergent","continuous","consistent",1,"approve",NA
"69","sx_sdq_con","Symptom Scale","Other Scales",2,"needs_review","h4l15","sx_sdq_con_t5","T5 SDQ conduct problems subscale","numeric","divergent","continuous","consistent",1,"approve",NA
"70","sx_sdq_emo","Symptom Scale","Anxiety",2,"needs_review","cap17","sx_sdq_emo_t1","T1 Emotional symptoms subscale score","numeric","divergent","continuous","consistent",1,"approve",NA
"70","sx_sdq_emo","Symptom Scale","Anxiety",2,"needs_review","cap17","sx_sdq_emo_t2","Time 2 Emotional Symptoms subscale score","numeric","divergent","continuous","consistent",1,"approve",NA
"70","sx_sdq_emo","Symptom Scale","Anxiety",2,"needs_review","cap17","sx_sdq_emo_t3","T3 Emotional Symptoms subscale score","numeric","divergent","continuous","consistent",1,"approve",NA
"70","sx_sdq_emo","Symptom Scale","Anxiety",2,"needs_review","cap17","sx_sdq_emo_t4","T4 Emotional Symptoms subscale score","numeric","divergent","continuous","consistent",1,"approve",NA
"70","sx_sdq_emo","Symptom Scale","Anxiety",2,"needs_review","cap17","sx_sdq_emo_t5","T5 Emotional Symptoms subscale score","numeric","divergent","continuous","consistent",1,"approve",NA
"70","sx_sdq_emo","Symptom Scale","Anxiety",2,"needs_review","cap17","sx_sdq_emo_t6","Time 6 Emotional Symptoms subscale score","numeric","divergent","continuous","consistent",1,"approve",NA
"70","sx_sdq_emo","Symptom Scale","Anxiety",2,"needs_review","cap17","sx_sdq_emo_t7","Time 7 Emotional Symptoms subscale score","numeric","divergent","continuous","consistent",1,"approve",NA
"70","sx_sdq_emo","Symptom Scale","Anxiety",2,"needs_review","h4l15","sx_sdq_emo_t1","T1 SDQ emotional subscale","numeric","divergent","continuous","consistent",1,"approve",NA
"70","sx_sdq_emo","Symptom Scale","Anxiety",2,"needs_review","h4l15","sx_sdq_emo_t3","T3 SDQ emotionality subscale","numeric","divergent","continuous","consistent",1,"approve",NA
"70","sx_sdq_emo","Symptom Scale","Anxiety",2,"needs_review","h4l15","sx_sdq_emo_t4","T4 SDQ emotional subscale","numeric","divergent","continuous","consistent",1,"approve",NA
"70","sx_sdq_emo","Symptom Scale","Anxiety",2,"needs_review","h4l15","sx_sdq_emo_t5","T5 SDQ emotional subscale","numeric","divergent","continuous","consistent",1,"approve",NA
"71","sx_sdq_hyp","Symptom Scale","Other Scales",2,"needs_review","cap17","sx_sdq_hyp_t1","T1 Hyperactivity subscale score","numeric","divergent","continuous","consistent",1,"approve",NA
"71","sx_sdq_hyp","Symptom Scale","Other Scales",2,"needs_review","cap17","sx_sdq_hyp_t2","Time 2 Hyperactivity subscale score","numeric","divergent","continuous","consistent",1,"approve",NA
"71","sx_sdq_hyp","Symptom Scale","Other Scales",2,"needs_review","cap17","sx_sdq_hyp_t3","T3 Hyperactivity subscale score","numeric","divergent","continuous","consistent",1,"approve",NA
"71","sx_sdq_hyp","Symptom Scale","Other Scales",2,"needs_review","cap17","sx_sdq_hyp_t4","T4 Hyperactivity subscale score","numeric","divergent","continuous","consistent",1,"approve",NA
"71","sx_sdq_hyp","Symptom Scale","Other Scales",2,"needs_review","cap17","sx_sdq_hyp_t5","T5 Hyperactivity subscale score","numeric","divergent","continuous","consistent",1,"approve",NA
"71","sx_sdq_hyp","Symptom Scale","Other Scales",2,"needs_review","cap17","sx_sdq_hyp_t6","Time 6 Hyperactivity subscale score","numeric","divergent","continuous","consistent",1,"approve",NA
"71","sx_sdq_hyp","Symptom Scale","Other Scales",2,"needs_review","cap17","sx_sdq_hyp_t7","Time 7 Hyperactivity subscale score","numeric","divergent","continuous","consistent",1,"approve",NA
"71","sx_sdq_hyp","Symptom Scale","Other Scales",2,"needs_review","h4l15","sx_sdq_hyp_t1","T1 SDQ hyperactivity subscale","numeric","divergent","continuous","consistent",1,"approve",NA
"71","sx_sdq_hyp","Symptom Scale","Other Scales",2,"needs_review","h4l15","sx_sdq_hyp_t3","T3 SDQ hyperactivity subscale","numeric","divergent","continuous","consistent",1,"approve",NA
"71","sx_sdq_hyp","Symptom Scale","Other Scales",2,"needs_review","h4l15","sx_sdq_hyp_t4","T4 SDQ hyperactivity subscale","numeric","divergent","continuous","consistent",1,"approve",NA
"71","sx_sdq_hyp","Symptom Scale","Other Scales",2,"needs_review","h4l15","sx_sdq_hyp_t5","T5 SDQ hyperactivity subscale","numeric","divergent","continuous","consistent",1,"approve",NA
"72","sx_sdq_peer","Symptom Scale","Other Scales",2,"needs_review","cap17","sx_sdq_peer_t1","T1 Peer Relationship Problems subscale score","numeric","divergent","continuous","consistent",1,"approve",NA
"72","sx_sdq_peer","Symptom Scale","Other Scales",2,"needs_review","cap17","sx_sdq_peer_t2","Time 2 Peer Relationship Problems subscale score","numeric","divergent","continuous","consistent",1,"approve",NA
"72","sx_sdq_peer","Symptom Scale","Other Scales",2,"needs_review","cap17","sx_sdq_peer_t3","T3 Peer Relationship Problems subscale score","numeric","divergent","continuous","consistent",1,"approve",NA
"72","sx_sdq_peer","Symptom Scale","Other Scales",2,"needs_review","cap17","sx_sdq_peer_t4","T4 Peer Relationship Problems subscale score","numeric","divergent","continuous","consistent",1,"approve",NA
"72","sx_sdq_peer","Symptom Scale","Other Scales",2,"needs_review","cap17","sx_sdq_peer_t5","T5 Peer Relationship Problems subscale score","numeric","divergent","continuous","consistent",1,"approve",NA
"72","sx_sdq_peer","Symptom Scale","Other Scales",2,"needs_review","cap17","sx_sdq_peer_t6","Time 6 Peer Relationship Problems subscale score","numeric","divergent","continuous","consistent",1,"approve",NA
"72","sx_sdq_peer","Symptom Scale","Other Scales",2,"needs_review","cap17","sx_sdq_peer_t7","Time 7 Peer Relationship Problems subscale score","numeric","divergent","continuous","consistent",1,"approve",NA
"72","sx_sdq_peer","Symptom Scale","Other Scales",2,"needs_review","h4l15","sx_sdq_peer_t1","T1 SDQ peer subscale","numeric","divergent","continuous","consistent",1,"approve",NA
"72","sx_sdq_peer","Symptom Scale","Other Scales",2,"needs_review","h4l15","sx_sdq_peer_t3","T3 SDQ peer subscale","numeric","divergent","continuous","consistent",1,"approve",NA
"72","sx_sdq_peer","Symptom Scale","Other Scales",2,"needs_review","h4l15","sx_sdq_peer_t4","T4 SDQ peer subscale","numeric","divergent","continuous","consistent",1,"approve",NA
"72","sx_sdq_peer","Symptom Scale","Other Scales",2,"needs_review","h4l15","sx_sdq_peer_t5","T5 SDQ peer subscale","numeric","divergent","continuous","consistent",1,"approve",NA
"73","sx_sdq_pro","Symptom Scale","Wellbeing",2,"needs_review","cap17","sx_sdq_pro_t1","T1 Prosocial Behaviour subscale score","numeric","divergent","continuous","consistent",1,"approve",NA
"73","sx_sdq_pro","Symptom Scale","Wellbeing",2,"needs_review","cap17","sx_sdq_pro_t2","Time 2 Prosocial Behaviour subscale score","numeric","divergent","continuous","consistent",1,"approve",NA
"73","sx_sdq_pro","Symptom Scale","Wellbeing",2,"needs_review","cap17","sx_sdq_pro_t3","T3 Prosocial Behaviour subscale score","numeric","divergent","continuous","consistent",1,"approve",NA
"73","sx_sdq_pro","Symptom Scale","Wellbeing",2,"needs_review","cap17","sx_sdq_pro_t4","T4 Prosocial Behaviour subscale score","numeric","divergent","continuous","consistent",1,"approve",NA
"73","sx_sdq_pro","Symptom Scale","Wellbeing",2,"needs_review","cap17","sx_sdq_pro_t5","T5 Prosocial Behaviour subscale score","numeric","divergent","continuous","consistent",1,"approve",NA
"73","sx_sdq_pro","Symptom Scale","Wellbeing",2,"needs_review","cap17","sx_sdq_pro_t6","Time 6 Prosocial Behaviour subscale score","numeric","divergent","continuous","consistent",1,"approve",NA
"73","sx_sdq_pro","Symptom Scale","Wellbeing",2,"needs_review","cap17","sx_sdq_pro_t7","Time 7 Prosocial Behaviour subscale score","numeric","divergent","continuous","consistent",1,"approve",NA
"73","sx_sdq_pro","Symptom Scale","Wellbeing",2,"needs_review","h4l15","sx_sdq_pro_t1","T1 SDQ prosocial subscale","numeric","divergent","continuous","consistent",1,"approve",NA
"73","sx_sdq_pro","Symptom Scale","Wellbeing",2,"needs_review","h4l15","sx_sdq_pro_t3","T3 SDQ prosocial subscale","numeric","divergent","continuous","consistent",1,"approve",NA
"73","sx_sdq_pro","Symptom Scale","Wellbeing",2,"needs_review","h4l15","sx_sdq_pro_t4","T4 SDQ prosocial subscale","numeric","divergent","continuous","consistent",1,"approve",NA
"73","sx_sdq_pro","Symptom Scale","Wellbeing",2,"needs_review","h4l15","sx_sdq_pro_t5","T5 SDQ prosocial subscale","numeric","divergent","continuous","consistent",1,"approve",NA
"74","sx_sdq_tot","Symptom Scale","Psychological Distress",2,"needs_review","cap17","sx_sdq_tot_t1","T1 Total Difficulties score","numeric","divergent","continuous","consistent",1,"approve",NA
"74","sx_sdq_tot","Symptom Scale","Psychological Distress",2,"needs_review","cap17","sx_sdq_tot_t2","Time 2 Total Difficulties score","numeric","divergent","continuous","consistent",1,"approve",NA
"74","sx_sdq_tot","Symptom Scale","Psychological Distress",2,"needs_review","cap17","sx_sdq_tot_t3","T3 Total Difficulties score","numeric","divergent","continuous","consistent",1,"approve",NA
"74","sx_sdq_tot","Symptom Scale","Psychological Distress",2,"needs_review","cap17","sx_sdq_tot_t4","T4 Total Difficulties score","numeric","divergent","continuous","consistent",1,"approve",NA
"74","sx_sdq_tot","Symptom Scale","Psychological Distress",2,"needs_review","cap17","sx_sdq_tot_t5","T5 Total Difficulties score","numeric","divergent","continuous","consistent",1,"approve",NA
"74","sx_sdq_tot","Symptom Scale","Psychological Distress",2,"needs_review","cap17","sx_sdq_tot_t6","Time 6 Total Difficulties score","numeric","divergent","continuous","consistent",1,"approve",NA
"74","sx_sdq_tot","Symptom Scale","Psychological Distress",2,"needs_review","cap17","sx_sdq_tot_t7","Time 7 Total Difficulties score","numeric","divergent","continuous","consistent",1,"approve",NA
"74","sx_sdq_tot","Symptom Scale","Other Scales",2,"needs_review","h4l15","sx_sdq_tot_t1","T1 SDQ total score","numeric","divergent","continuous","consistent",1,"approve",NA
"74","sx_sdq_tot","Symptom Scale","Other Scales",2,"needs_review","h4l15","sx_sdq_tot_t3","T3 SDQ total score","numeric","divergent","continuous","consistent",1,"approve",NA
"74","sx_sdq_tot","Symptom Scale","Other Scales",2,"needs_review","h4l15","sx_sdq_tot_t4","T4 SDQ total score","numeric","divergent","continuous","consistent",1,"approve",NA
"74","sx_sdq_tot","Symptom Scale","Other Scales",2,"needs_review","h4l15","sx_sdq_tot_t5","T5 SDQ total score","numeric","divergent","continuous","consistent",1,"approve",NA
