dataset,label_set,value,label_text
cap17,demo_sex,0,Male
cap17,demo_sex,1,Female
cap17,demo_truancy,0,0 days
cap17,demo_truancy,1,1-2 days
cap17,demo_truancy,2,3-5 days
cap17,demo_truancy,3,6-10 days
cap17,demo_truancy,4,10+ days
cap17,demo_grades,0,90-100%
cap17,demo_grades,1,80-89%
cap17,demo_grades,2,70-79%
cap17,demo_grades,3,60-69%
cap17,demo_grades,4,50-59%
cap17,demo_grades,5,49% and below
cap17,sx_surps_01,0,Strongly Disgaree
cap17,sx_surps_01,1,Disagree
cap17,sx_surps_01,2,Agree
cap17,sx_surps_01,3,Strongly Agree
cap17,sx_surps_01,999,Missing
cap17,sx_surps_02,0,Strongly Disgaree
cap17,sx_surps_02,1,Disagree
cap17,sx_surps_02,2,Agree
cap17,sx_surps_02,3,Strongly Agree
cap17,sx_surps_02,999,Missing
cap17,sx_surps_03,0,Strongly Disgaree
cap17,sx_surps_03,1,Disagree
cap17,sx_surps_03,2,Agree
cap17,sx_surps_03,3,Strongly Agree
cap17,sx_surps_03,999,Missing
cap17,sx_surps_04,0,Strongly Disgaree
cap17,sx_surps_04,1,Disagree
cap17,sx_surps_04,2,Agree
cap17,sx_surps_04,3,Strongly Agree
cap17,sx_surps_04,999,Missing
cap17,sx_surps_05,0,Strongly Disgaree
cap17,sx_surps_05,1,Disagree
cap17,sx_surps_05,2,Agree
cap17,sx_surps_05,3,Strongly Agree
cap17,sx_surps_05,999,Missing
cap17,sx_surps_06,0,Strongly Disgaree
cap17,sx_surps_06,1,Disagree
cap17,sx_surps_06,2,Agree
cap17,sx_surps_06,3,Strongly Agree
cap17,sx_surps_06,999,Missing
cap17,sx_surps_07,0,Strongly Disgaree
cap17,sx_surps_07,1,Disagree
cap17,sx_surps_07,2,Agree
cap17,sx_surps_07,3,Strongly Agree
cap17,sx_surps_07,999,Missing
cap17,sx_surps_08,0,Strongly Disgaree
cap17,sx_surps_08,1,Disagree
cap17,sx_surps_08,2,Agree
cap17,sx_surps_08,3,Strongly Agree
cap17,sx_surps_08,999,Missing
cap17,sx_surps_09,0,Strongly Disgaree
cap17,sx_surps_09,1,Disagree
cap17,sx_surps_09,2,Agree
cap17,sx_surps_09,3,Strongly Agree
cap17,sx_surps_09,999,Missing
cap17,sx_surps_10,0,Strongly Disgaree
cap17,sx_surps_10,1,Disagree
cap17,sx_surps_10,2,Agree
cap17,sx_surps_10,3,Strongly Agree
cap17,sx_surps_10,999,Missing
cap17,sx_surps_11,0,Strongly Disgaree
cap17,sx_surps_11,1,Disagree
cap17,sx_surps_11,2,Agree
cap17,sx_surps_11,3,Strongly Agree
cap17,sx_surps_11,999,Missing
cap17,sx_surps_12,0,Strongly Disgaree
cap17,sx_surps_12,1,Disagree
cap17,sx_surps_12,2,Agree
cap17,sx_surps_12,3,Strongly Agree
cap17,sx_surps_12,999,Missing
cap17,sx_surps_13,0,Strongly Disgaree
cap17,sx_surps_13,1,Disagree
cap17,sx_surps_13,2,Agree
cap17,sx_surps_13,3,Strongly Agree
cap17,sx_surps_13,999,Missing
cap17,sx_surps_14,0,Strongly Disgaree
cap17,sx_surps_14,1,Disagree
cap17,sx_surps_14,2,Agree
cap17,sx_surps_14,3,Strongly Agree
cap17,sx_surps_14,999,Missing
cap17,sx_surps_15,0,Strongly Disgaree
cap17,sx_surps_15,1,Disagree
cap17,sx_surps_15,2,Agree
cap17,sx_surps_15,3,Strongly Agree
cap17,sx_surps_15,999,Missing
cap17,sx_surps_16,0,Strongly Disgaree
cap17,sx_surps_16,1,Disagree
cap17,sx_surps_16,2,Agree
cap17,sx_surps_16,3,Strongly Agree
cap17,sx_surps_16,999,Missing
cap17,sx_surps_17,0,Strongly Disgaree
cap17,sx_surps_17,1,Disagree
cap17,sx_surps_17,2,Agree
cap17,sx_surps_17,3,Strongly Agree
cap17,sx_surps_17,999,Missing
cap17,sx_surps_18,0,Strongly Disgaree
cap17,sx_surps_18,1,Disagree
cap17,sx_surps_18,2,Agree
cap17,sx_surps_18,3,Strongly Agree
cap17,sx_surps_18,999,Missing
cap17,sx_surps_19,0,Strongly Disgaree
cap17,sx_surps_19,1,Disagree
cap17,sx_surps_19,2,Agree
cap17,sx_surps_19,3,Strongly Agree
cap17,sx_surps_19,999,Missing
cap17,sx_surps_20,0,Strongly Disgaree
cap17,sx_surps_20,1,Disagree
cap17,sx_surps_20,2,Agree
cap17,sx_surps_20,3,Strongly Agree
cap17,sx_surps_20,999,Missing
cap17,sx_surps_21,0,Strongly Disgaree
cap17,sx_surps_21,1,Disagree
cap17,sx_surps_21,2,Agree
cap17,sx_surps_21,3,Strongly Agree
cap17,sx_surps_21,999,Missing
cap17,sx_surps_22,0,Strongly Disgaree
cap17,sx_surps_22,1,Disagree
cap17,sx_surps_22,2,Agree
cap17,sx_surps_22,3,Strongly Agree
cap17,sx_surps_22,999,Missing
cap17,sx_surps_23,0,Strongly Disgaree
cap17,sx_surps_23,1,Disagree
cap17,sx_surps_23,2,Agree
cap17,sx_surps_23,3,Strongly Agree
cap17,sx_surps_23,999,Missing
cap17,know_alc_01,0,TRUE
cap17,know_alc_01,1,FALSE
cap17,know_alc_01,2,Don't Know
cap17,know_alc_02,0,TRUE
cap17,know_alc_02,1,FALSE
cap17,know_alc_02,2,Don't Know
cap17,know_alc_03,0,TRUE
cap17,know_alc_03,1,FALSE
cap17,know_alc_03,2,Don't Know
cap17,know_alc_04,0,TRUE
cap17,know_alc_04,1,FALSE
cap17,know_alc_04,2,Don't Know
cap17,know_alc_05,0,TRUE
cap17,know_alc_05,1,FALSE
cap17,know_alc_05,2,Don't Know
cap17,know_alc_06,0,TRUE
cap17,know_alc_06,1,FALSE
cap17,know_alc_06,2,Don't Know
cap17,know_alc_07,0,TRUE
cap17,know_alc_07,1,FALSE
cap17,know_alc_07,2,Don't Know
cap17,know_alc_08,0,TRUE
cap17,know_alc_08,1,FALSE
cap17,know_alc_08,2,Don't Know
cap17,know_alc_09,0,TRUE
cap17,know_alc_09,1,FALSE
cap17,know_alc_09,2,Don't Know
cap17,know_alc_10,0,TRUE
cap17,know_alc_10,1,FALSE
cap17,know_alc_10,2,Don't Know
cap17,know_alc_11,0,TRUE
cap17,know_alc_11,1,FALSE
cap17,know_alc_11,2,Don't Know
cap17,know_alc_12,0,TRUE
cap17,know_alc_12,1,FALSE
cap17,know_alc_12,2,Don't Know
cap17,know_alc_13,0,TRUE
cap17,know_alc_13,1,FALSE
cap17,know_alc_13,2,Don't Know
cap17,know_alc_14,0,TRUE
cap17,know_alc_14,1,FALSE
cap17,know_alc_14,2,Don't Know
cap17,know_alc_15,0,TRUE
cap17,know_alc_15,1,FALSE
cap17,know_alc_15,2,Don't Know
cap17,know_alc_16,0,TRUE
cap17,know_alc_16,1,FALSE
cap17,know_alc_16,2,Don't Know
cap17,sub_alc_sip_age,0,Never
cap17,sub_alc_sip_age,1,Age 10 or below
cap17,sub_alc_sip_age,2,Age 11
cap17,sub_alc_sip_age,3,Age 12
cap17,sub_alc_sip_age,4,Age 13
cap17,sub_alc_sip_age,5,Age 14
cap17,sub_alc_sip_age,6,Age 15 or above
cap17,sub_alc_full_age,0,Never
cap17,sub_alc_full_age,1,Age 10 or below
cap17,sub_alc_full_age,2,Age 11
cap17,sub_alc_full_age,3,Age 12
cap17,sub_alc_full_age,4,Age 13
cap17,sub_alc_full_age,5,Age 14
cap17,sub_alc_full_age,6,Age 15 or above
cap17,sub_alc_drunk_age,0,Never
cap17,sub_alc_drunk_age,1,Age 10 or below
cap17,sub_alc_drunk_age,2,Age 11
cap17,sub_alc_drunk_age,3,Age 12
cap17,sub_alc_drunk_age,4,Age 13
cap17,sub_alc_drunk_age,5,Age 14
cap17,sub_alc_drunk_age,6,Age 15 or above
cap17,sub_alc_binge_age,0,Never
cap17,sub_alc_binge_age,1,Age 10 or below
cap17,sub_alc_binge_age,2,Age 11
cap17,sub_alc_binge_age,3,Age 12
cap17,sub_alc_binge_age,4,Age 13
cap17,sub_alc_binge_age,5,Age 14
cap17,sub_alc_binge_age,6,Age 15 or above
cap17,sub_alc_sup_6m,0,Yes
cap17,sub_alc_sup_6m,1,No
cap17,sub_alc_full_6m,0,Yes
cap17,sub_alc_full_6m,1,No
cap17,sub_alc_full_6m_freq,0,Never
cap17,sub_alc_full_6m_freq,1,Less than monthly
cap17,sub_alc_full_6m_freq,2,Once a month
cap17,sub_alc_full_6m_freq,3,2-3 times a month
cap17,sub_alc_full_6m_freq,4,Weekly
cap17,sub_alc_full_6m_freq,5,Daily or almost daily
cap17,sub_alc_binge_6m,0,Never
cap17,sub_alc_binge_6m,1,Less than monthly
cap17,sub_alc_binge_6m,2,Once a month
cap17,sub_alc_binge_6m,3,2-3 times a month
cap17,sub_alc_binge_6m,4,Weekly
cap17,sub_alc_binge_6m,5,Daily or almost daily
cap17,sub_alc_full_6m_qty_raw,0,None
cap17,sub_alc_full_6m_qty_raw,1,1-Feb
cap17,sub_alc_full_6m_qty_raw,2,3-Apr
cap17,sub_alc_full_6m_qty_raw,3,5-Jun
cap17,sub_alc_full_6m_qty_raw,4,7-Sep
cap17,sub_alc_full_6m_qty_raw,5,10+
cap17,sub_alc_friends_drink,0,All or almost all
cap17,sub_alc_friends_drink,1,More than half
cap17,sub_alc_friends_drink,2,About half
cap17,sub_alc_friends_drink,3,Less than half
cap17,sub_alc_friends_drink,4,none
cap17,sub_alc_friends_drunk,0,All or almost all
cap17,sub_alc_friends_drunk,1,More than half
cap17,sub_alc_friends_drunk,2,About half
cap17,sub_alc_friends_drunk,3,Less than half
cap17,sub_alc_friends_drunk,4,none
cap17,sub_alc_rapi_01,0,Never
cap17,sub_alc_rapi_01,1,1-2 times
cap17,sub_alc_rapi_01,2,3-4 times
cap17,sub_alc_rapi_01,3,5-6 times
cap17,sub_alc_rapi_01,4,More than 6 times
cap17,sub_alc_rapi_02,0,Never
cap17,sub_alc_rapi_02,1,1-2 times
cap17,sub_alc_rapi_02,2,3-4 times
cap17,sub_alc_rapi_02,3,5-6 times
cap17,sub_alc_rapi_02,4,More than 6 times
cap17,sub_alc_rapi_03,0,Never
cap17,sub_alc_rapi_03,1,1-2 times
cap17,sub_alc_rapi_03,2,3-4 times
cap17,sub_alc_rapi_03,3,5-6 times
cap17,sub_alc_rapi_03,4,More than 6 times
cap17,sub_alc_rapi_04,0,Never
cap17,sub_alc_rapi_04,1,1-2 times
cap17,sub_alc_rapi_04,2,3-4 times
cap17,sub_alc_rapi_04,3,5-6 times
cap17,sub_alc_rapi_04,4,More than 6 times
cap17,sub_alc_rapi_05,0,Never
cap17,sub_alc_rapi_05,1,1-2 times
cap17,sub_alc_rapi_05,2,3-4 times
cap17,sub_alc_rapi_05,3,5-6 times
cap17,sub_alc_rapi_05,4,More than 6 times
cap17,sub_alc_rapi_06,0,Never
cap17,sub_alc_rapi_06,1,1-2 times
cap17,sub_alc_rapi_06,2,3-4 times
cap17,sub_alc_rapi_06,3,5-6 times
cap17,sub_alc_rapi_06,4,More than 6 times
cap17,sub_alc_rapi_07,0,Never
cap17,sub_alc_rapi_07,1,1-2 times
cap17,sub_alc_rapi_07,2,3-4 times
cap17,sub_alc_rapi_07,3,5-6 times
cap17,sub_alc_rapi_07,4,More than 6 times
cap17,sub_alc_rapi_08,0,Never
cap17,sub_alc_rapi_08,1,1-2 times
cap17,sub_alc_rapi_08,2,3-4 times
cap17,sub_alc_rapi_08,3,5-6 times
cap17,sub_alc_rapi_08,4,More than 6 times
cap17,sub_alc_att_01,0,Strongly Agree
cap17,sub_alc_att_01,1,Agree
cap17,sub_alc_att_01,2,uncertain
cap17,sub_alc_att_01,3,Disagree
cap17,sub_alc_att_01,4,Strongly disagree
cap17,sub_alc_att_02,0,Strongly Agree
cap17,sub_alc_att_02,1,Agree
cap17,sub_alc_att_02,2,uncertain
cap17,sub_alc_att_02,3,Disagree
cap17,sub_alc_att_02,4,Strongly disagree
cap17,sub_alc_att_03,0,Strongly Agree
cap17,sub_alc_att_03,1,Agree
cap17,sub_alc_att_03,2,uncertain
cap17,sub_alc_att_03,3,Disagree
cap17,sub_alc_att_03,4,Strongly disagree
cap17,sub_alc_att_04,0,Strongly Agree
cap17,sub_alc_att_04,1,Agree
cap17,sub_alc_att_04,2,uncertain
cap17,sub_alc_att_04,3,Disagree
cap17,sub_alc_att_04,4,Strongly disagree
cap17,sub_alc_att_05,0,Strongly Agree
cap17,sub_alc_att_05,1,Agree
cap17,sub_alc_att_05,2,uncertain
cap17,sub_alc_att_05,3,Disagree
cap17,sub_alc_att_05,4,Strongly disagree
cap17,sub_alc_att_06,0,Strongly Agree
cap17,sub_alc_att_06,1,Agree
cap17,sub_alc_att_06,2,uncertain
cap17,sub_alc_att_06,3,Disagree
cap17,sub_alc_att_06,4,Strongly disagree
cap17,sub_alc_att_07,0,Strongly Agree
cap17,sub_alc_att_07,1,Agree
cap17,sub_alc_att_07,2,uncertain
cap17,sub_alc_att_07,3,Disagree
cap17,sub_alc_att_07,4,Strongly disagree
cap17,sub_alc_att_08,0,Strongly Agree
cap17,sub_alc_att_08,1,Agree
cap17,sub_alc_att_08,2,uncertain
cap17,sub_alc_att_08,3,Disagree
cap17,sub_alc_att_08,4,Strongly disagree
cap17,sub_alc_att_09,0,Strongly Agree
cap17,sub_alc_att_09,1,Agree
cap17,sub_alc_att_09,2,uncertain
cap17,sub_alc_att_09,3,Disagree
cap17,sub_alc_att_09,4,Strongly disagree
cap17,know_can_01,0,TRUE
cap17,know_can_01,1,FALSE
cap17,know_can_01,2,Don't Know
cap17,know_can_02,0,TRUE
cap17,know_can_02,1,FALSE
cap17,know_can_02,2,Don't Know
cap17,know_can_03,0,TRUE
cap17,know_can_03,1,FALSE
cap17,know_can_03,2,Don't Know
cap17,know_can_04,0,TRUE
cap17,know_can_04,1,FALSE
cap17,know_can_04,2,Don't Know
cap17,know_can_05,0,TRUE
cap17,know_can_05,1,FALSE
cap17,know_can_05,2,Don't Know
cap17,know_can_06,0,TRUE
cap17,know_can_06,1,FALSE
cap17,know_can_06,2,Don't Know
cap17,know_can_07,0,TRUE
cap17,know_can_07,1,FALSE
cap17,know_can_07,2,Don't Know
cap17,know_can_08,0,TRUE
cap17,know_can_08,1,FALSE
cap17,know_can_08,2,Don't Know
cap17,know_can_09,0,TRUE
cap17,know_can_09,1,FALSE
cap17,know_can_09,2,Don't Know
cap17,know_can_10,0,TRUE
cap17,know_can_10,1,FALSE
cap17,know_can_10,2,Don't Know
cap17,know_can_11,0,TRUE
cap17,know_can_11,1,FALSE
cap17,know_can_11,2,Don't Know
cap17,know_can_12,0,TRUE
cap17,know_can_12,1,FALSE
cap17,know_can_12,2,Don't Know
cap17,know_can_13,0,TRUE
cap17,know_can_13,1,FALSE
cap17,know_can_13,2,Don't Know
cap17,know_can_14,0,TRUE
cap17,know_can_14,1,FALSE
cap17,know_can_14,2,Don't Know
cap17,know_can_15,0,TRUE
cap17,know_can_15,1,FALSE
cap17,know_can_15,2,Don't Know
cap17,know_can_16,0,TRUE
cap17,know_can_16,1,FALSE
cap17,know_can_16,2,Don't Know
cap17,sub_can_age,0,Never
cap17,sub_can_age,1,Age 10 or below
cap17,sub_can_age,2,Age 11
cap17,sub_can_age,3,Age 12
cap17,sub_can_age,4,Age 13
cap17,sub_can_age,5,Age 14
cap17,sub_can_age,6,Age 15 or above
cap17,sub_can_6m_raw,0,Yes
cap17,sub_can_6m_raw,1,No
cap17,sub_can_prop,0,All or almost all
cap17,sub_can_prop,1,More than half
cap17,sub_can_prop,2,About half
cap17,sub_can_prop,3,Less than half
cap17,sub_can_prop,4,None
cap17,sub_can_harm_01,0,Yes
cap17,sub_can_harm_01,1,No
cap17,sub_can_harm_01,2,Never tried
cap17,sub_can_harm_02,0,Yes
cap17,sub_can_harm_02,1,No
cap17,sub_can_harm_02,2,Never tried
cap17,sub_can_harm_03,0,Yes
cap17,sub_can_harm_03,1,No
cap17,sub_can_harm_03,2,Never tried
cap17,sub_can_harm_04,0,Yes
cap17,sub_can_harm_04,1,No
cap17,sub_can_harm_04,2,Never tried
cap17,sub_can_harm_05,0,Yes
cap17,sub_can_harm_05,1,No
cap17,sub_can_harm_05,2,Never tried
cap17,sub_can_harm_06,0,Yes
cap17,sub_can_harm_06,1,No
cap17,sub_can_harm_06,2,Never tried
cap17,sub_can_att_01,0,Strongly disagree
cap17,sub_can_att_01,1,disagree
cap17,sub_can_att_01,2,Neither agree nor disagree
cap17,sub_can_att_01,3,Agree
cap17,sub_can_att_01,4,Strongly Agree
cap17,sub_can_att_02,0,Strongly disagree
cap17,sub_can_att_02,1,disagree
cap17,sub_can_att_02,2,Neither agree nor disagree
cap17,sub_can_att_02,3,Agree
cap17,sub_can_att_02,4,Strongly Agree
cap17,sub_can_att_03,0,Strongly disagree
cap17,sub_can_att_03,1,disagree
cap17,sub_can_att_03,2,Neither agree nor disagree
cap17,sub_can_att_03,3,Agree
cap17,sub_can_att_03,4,Strongly Agree
cap17,sub_can_att_04,0,Strongly disagree
cap17,sub_can_att_04,1,disagree
cap17,sub_can_att_04,2,Neither agree nor disagree
cap17,sub_can_att_04,3,Agree
cap17,sub_can_att_04,4,Strongly Agree
cap17,sub_tob_6m_raw,0,Never tried
cap17,sub_tob_6m_raw,1,Tried once
cap17,sub_tob_6m_raw,2,Tried more than once and less than 5 times
cap17,sub_tob_6m_raw,3,Tried more than 5 times
cap17,sub_ecs_6m_raw,0,Never tried
cap17,sub_ecs_6m_raw,1,Tried once
cap17,sub_ecs_6m_raw,2,Tried more than once and less than 5 times
cap17,sub_ecs_6m_raw,3,Tried more than 5 times
cap17,sub_meth_6m_raw,0,Never tried
cap17,sub_meth_6m_raw,1,Tried once
cap17,sub_meth_6m_raw,2,Tried more than once and less than 5 times
cap17,sub_meth_6m_raw,3,Tried more than 5 times
cap17,sub_oth_6m_raw,0,Never tried
cap17,sub_oth_6m_raw,1,Tried once
cap17,sub_oth_6m_raw,2,Tried more than once and less than 5 times
cap17,sub_oth_6m_raw,3,Tried more than 5 times
cap17,sub_alc_int_raw,0,Very unlikely
cap17,sub_alc_int_raw,1,unlikely
cap17,sub_alc_int_raw,2,unsure
cap17,sub_alc_int_raw,3,likely
cap17,sub_alc_int_raw,4,very likely
cap17,sub_can_int_raw,0,Very unlikely
cap17,sub_can_int_raw,1,unlikely
cap17,sub_can_int_raw,2,unsure
cap17,sub_can_int_raw,3,likely
cap17,sub_can_int_raw,4,very likely
cap17,sub_tob_int_raw,0,Very unlikely
cap17,sub_tob_int_raw,1,unlikely
cap17,sub_tob_int_raw,2,unsure
cap17,sub_tob_int_raw,3,likely
cap17,sub_tob_int_raw,4,very likely
cap17,sub_ecs_int_raw,0,Very unlikely
cap17,sub_ecs_int_raw,1,unlikely
cap17,sub_ecs_int_raw,2,unsure
cap17,sub_ecs_int_raw,3,likely
cap17,sub_ecs_int_raw,4,very likely
cap17,sub_meth_int_raw,0,Very unlikely
cap17,sub_meth_int_raw,1,unlikely
cap17,sub_meth_int_raw,2,unsure
cap17,sub_meth_int_raw,3,likely
cap17,sub_meth_int_raw,4,very likely
cap17,sx_rses_01,0,Not well at all
cap17,sx_rses_01,2,Not too well
cap17,sx_rses_01,4,Pretty well
cap17,sx_rses_01,6,Very well
cap17,sx_rses_02,0,Not well at all
cap17,sx_rses_02,3,Not too well
cap17,sx_rses_02,4,Pretty well
cap17,sx_rses_02,6,Very well
cap17,sx_rses_03,0,Not well at all
cap17,sx_rses_03,2,Not too well
cap17,sx_rses_03,4,Pretty well
cap17,sx_rses_03,6,Very well
cap17,sx_rses_04,0,Not well at all
cap17,sx_rses_04,2,Not too well
cap17,sx_rses_04,4,Pretty well
cap17,sx_rses_04,6,Very well
cap17,sx_rses_05,0,Not well at all
cap17,sx_rses_05,2,Not too well
cap17,sx_rses_05,4,Pretty well
cap17,sx_rses_05,6,Very well
cap17,sx_rses_06,0,Not well at all
cap17,sx_rses_06,2,Not too well
cap17,sx_rses_06,4,Pretty well
cap17,sx_rses_06,6,Very well
cap17,sx_rses_07,0,Not well at all
cap17,sx_rses_07,2,Not too well
cap17,sx_rses_07,4,Pretty well
cap17,sx_rses_07,6,Very well
cap17,sx_rses_08,0,Not well at all
cap17,sx_rses_08,2,Not too well
cap17,sx_rses_08,4,Pretty well
cap17,sx_rses_08,6,Very well
cap17,sx_k6_01,0,All of the time
cap17,sx_k6_01,1,Most of the time
cap17,sx_k6_01,2,Some of the time
cap17,sx_k6_01,3,A little of the time
cap17,sx_k6_01,4,None of the time
cap17,sx_k6_02,0,All of the time
cap17,sx_k6_02,1,Most of the time
cap17,sx_k6_02,2,Some of the time
cap17,sx_k6_02,3,A little of the time
cap17,sx_k6_02,4,None of the time
cap17,sx_k6_03,0,All of the time
cap17,sx_k6_03,1,Most of the time
cap17,sx_k6_03,2,Some of the time
cap17,sx_k6_03,3,A little of the time
cap17,sx_k6_03,4,None of the time
cap17,sx_k6_04,0,All of the time
cap17,sx_k6_04,1,Most of the time
cap17,sx_k6_04,2,Some of the time
cap17,sx_k6_04,3,A little of the time
cap17,sx_k6_04,4,None of the time
cap17,sx_k6_05,0,All of the time
cap17,sx_k6_05,1,Most of the time
cap17,sx_k6_05,2,Some of the time
cap17,sx_k6_05,3,A little of the time
cap17,sx_k6_05,4,None of the time
cap17,sx_k6_06,0,All of the time
cap17,sx_k6_06,1,Most of the time
cap17,sx_k6_06,2,Some of the time
cap17,sx_k6_06,3,A little of the time
cap17,sx_k6_06,4,None of the time
cap17,sx_sdq_01,0,Not true
cap17,sx_sdq_01,1,somewhat true
cap17,sx_sdq_01,2,Certainly true
cap17,sx_sdq_02,0,Not true
cap17,sx_sdq_02,1,somewhat true
cap17,sx_sdq_02,2,Certainly true
cap17,sx_sdq_03,0,Not true
cap17,sx_sdq_03,1,somewhat true
cap17,sx_sdq_03,2,Certainly true
cap17,sx_sdq_04,0,Not true
cap17,sx_sdq_04,1,somewhat true
cap17,sx_sdq_04,2,Certainly true
cap17,sx_sdq_05,0,Not true
cap17,sx_sdq_05,1,somewhat true
cap17,sx_sdq_05,2,Certainly true
cap17,sx_sdq_06,0,Not true
cap17,sx_sdq_06,1,somewhat true
cap17,sx_sdq_06,2,Certainly true
cap17,sx_sdq_07,0,Not true
cap17,sx_sdq_07,1,somewhat true
cap17,sx_sdq_07,2,Certainly true
cap17,sx_sdq_08,0,Not true
cap17,sx_sdq_08,1,somewhat true
cap17,sx_sdq_08,2,Certainly true
cap17,sx_sdq_09,0,Not true
cap17,sx_sdq_09,1,somewhat true
cap17,sx_sdq_09,2,Certainly true
cap17,sx_sdq_10,0,Not true
cap17,sx_sdq_10,1,somewhat true
cap17,sx_sdq_10,2,Certainly true
cap17,sx_sdq_11,0,Not true
cap17,sx_sdq_11,1,somewhat true
cap17,sx_sdq_11,2,Certainly true
cap17,sx_sdq_12,0,Not true
cap17,sx_sdq_12,1,somewhat true
cap17,sx_sdq_12,2,Certainly true
cap17,sx_sdq_13,0,Not true
cap17,sx_sdq_13,1,somewhat true
cap17,sx_sdq_13,2,Certainly true
cap17,sx_sdq_14,0,Not true
cap17,sx_sdq_14,1,somewhat true
cap17,sx_sdq_14,2,Certainly true
cap17,sx_sdq_15,0,Not true
cap17,sx_sdq_15,1,somewhat true
cap17,sx_sdq_15,2,Certainly true
cap17,sx_sdq_16,0,Not true
cap17,sx_sdq_16,1,somewhat true
cap17,sx_sdq_16,2,Certainly true
cap17,sx_sdq_17,0,Not true
cap17,sx_sdq_17,1,somewhat true
cap17,sx_sdq_17,2,Certainly true
cap17,sx_sdq_18,0,Not true
cap17,sx_sdq_18,1,somewhat true
cap17,sx_sdq_18,2,Certainly true
cap17,sx_sdq_19,0,Not true
cap17,sx_sdq_19,1,somewhat true
cap17,sx_sdq_19,2,Certainly true
cap17,sx_sdq_20,0,Not true
cap17,sx_sdq_20,1,somewhat true
cap17,sx_sdq_20,2,Certainly true
cap17,sx_sdq_21,0,Not true
cap17,sx_sdq_21,1,somewhat true
cap17,sx_sdq_21,2,Certainly true
cap17,sx_sdq_22,0,Not true
cap17,sx_sdq_22,1,somewhat true
cap17,sx_sdq_22,2,Certainly true
cap17,sx_sdq_23,0,Not true
cap17,sx_sdq_23,1,somewhat true
cap17,sx_sdq_23,2,Certainly true
cap17,sx_sdq_24,0,Not true
cap17,sx_sdq_24,1,somewhat true
cap17,sx_sdq_24,2,Certainly true
cap17,sx_sdq_25,0,Not true
cap17,sx_sdq_25,1,somewhat true
cap17,sx_sdq_25,2,Certainly true
cap17,sx_sdq_26,0,Not true
cap17,sx_sdq_26,1,somewhat true
cap17,sx_sdq_26,2,Certainly true
cap17,sx_sdq_27,0,Not true
cap17,sx_sdq_27,1,somewhat true
cap17,sx_sdq_27,2,Certainly true
cap17,sx_sdq_28,0,Not true
cap17,sx_sdq_28,1,somewhat true
cap17,sx_sdq_28,2,Certainly true
cap17,sx_sdq_29,0,Not true
cap17,sx_sdq_29,1,somewhat true
cap17,sx_sdq_29,2,Certainly true
cap17,sx_sdq_30,0,Not true
cap17,sx_sdq_30,1,somewhat true
cap17,sx_sdq_30,2,Certainly true
cap17,sx_bsi_01,0,Not at all
cap17,sx_bsi_01,1,A little bit
cap17,sx_bsi_01,2,Moderately
cap17,sx_bsi_01,3,Quite a bit
cap17,sx_bsi_01,4,Often
cap17,sx_bsi_02,0,Not at all
cap17,sx_bsi_02,1,A little bit
cap17,sx_bsi_02,2,Moderately
cap17,sx_bsi_02,3,Quite a bit
cap17,sx_bsi_02,4,Often
cap17,sx_bsi_03,0,Not at all
cap17,sx_bsi_03,1,A little bit
cap17,sx_bsi_03,2,Moderately
cap17,sx_bsi_03,3,Quite a bit
cap17,sx_bsi_03,4,Often
cap17,sx_bsi_04,0,Not at all
cap17,sx_bsi_04,1,A little bit
cap17,sx_bsi_04,2,Moderately
cap17,sx_bsi_04,3,Quite a bit
cap17,sx_bsi_04,4,Often
cap17,sx_bsi_05,0,Not at all
cap17,sx_bsi_05,1,A little bit
cap17,sx_bsi_05,2,Moderately
cap17,sx_bsi_05,3,Quite a bit
cap17,sx_bsi_05,4,Often
cap17,sx_bsi_06,0,Not at all
cap17,sx_bsi_06,1,A little bit
cap17,sx_bsi_06,2,Moderately
cap17,sx_bsi_06,3,Quite a bit
cap17,sx_bsi_06,4,Often
cap17,sx_bsi_07,0,Not at all
cap17,sx_bsi_07,1,A little bit
cap17,sx_bsi_07,2,Moderately
cap17,sx_bsi_07,3,Quite a bit
cap17,sx_bsi_07,4,Often
cap17,sx_bsi_08,0,Not at all
cap17,sx_bsi_08,1,A little bit
cap17,sx_bsi_08,2,Moderately
cap17,sx_bsi_08,3,Quite a bit
cap17,sx_bsi_08,4,Often
cap17,sx_bsi_09,0,Not at all
cap17,sx_bsi_09,1,A little bit
cap17,sx_bsi_09,2,Moderately
cap17,sx_bsi_09,3,Quite a bit
cap17,sx_bsi_09,4,Often
cap17,sx_bsi_10,0,Not at all
cap17,sx_bsi_10,1,A little bit
cap17,sx_bsi_10,2,Moderately
cap17,sx_bsi_10,3,Quite a bit
cap17,sx_bsi_10,4,Often
cap17,sx_bsi_11,0,Not at all
cap17,sx_bsi_11,1,A little bit
cap17,sx_bsi_11,2,Moderately
cap17,sx_bsi_11,3,Quite a bit
cap17,sx_bsi_11,4,Often
cap17,sx_bsi_12,0,Not at all
cap17,sx_bsi_12,1,A little bit
cap17,sx_bsi_12,2,Moderately
cap17,sx_bsi_12,3,Quite a bit
cap17,sx_bsi_12,4,Often
cap17,sx_rpq_01,0,Never
cap17,sx_rpq_01,1,Sometimes
cap17,sx_rpq_01,2,Often
cap17,sx_rpq_02,0,Never
cap17,sx_rpq_02,1,Sometimes
cap17,sx_rpq_02,2,Often
cap17,sx_rpq_03,0,Never
cap17,sx_rpq_03,1,Sometimes
cap17,sx_rpq_03,2,Often
cap17,sx_rpq_04,0,Never
cap17,sx_rpq_04,1,Sometimes
cap17,sx_rpq_04,2,Often
cap17,sx_rpq_05,0,Never
cap17,sx_rpq_05,1,Sometimes
cap17,sx_rpq_05,2,Often
cap17,sx_rpq_06,0,Never
cap17,sx_rpq_06,1,Sometimes
cap17,sx_rpq_06,2,Often
cap17,sx_rpq_07,0,Never
cap17,sx_rpq_07,1,Sometimes
cap17,sx_rpq_07,2,Often
cap17,sx_rpq_08,0,Never
cap17,sx_rpq_08,1,Sometimes
cap17,sx_rpq_08,2,Often
cap17,sx_rpq_09,0,Never
cap17,sx_rpq_09,1,Sometimes
cap17,sx_rpq_09,2,Often
cap17,sx_rpq_10,0,Never
cap17,sx_rpq_10,1,Sometimes
cap17,sx_rpq_10,2,Often
cap17,sx_rpq_11,0,Never
cap17,sx_rpq_11,1,Sometimes
cap17,sx_rpq_11,2,Often
cap17,sx_rpq_12,0,Never
cap17,sx_rpq_12,1,Sometimes
cap17,sx_rpq_12,2,Often
cap17,sx_rpq_13,0,Never
cap17,sx_rpq_13,1,Sometimes
cap17,sx_rpq_13,2,Often
cap17,sx_rpq_14,0,Never
cap17,sx_rpq_14,1,Sometimes
cap17,sx_rpq_14,2,Often
cap17,sx_rpq_15,0,Never
cap17,sx_rpq_15,1,Sometimes
cap17,sx_rpq_15,2,Often
cap17,sx_rpq_16,0,Never
cap17,sx_rpq_16,1,Sometimes
cap17,sx_rpq_16,2,Often
cap17,sx_rpq_17,0,Never
cap17,sx_rpq_17,1,Sometimes
cap17,sx_rpq_17,2,Often
cap17,sx_rpq_18,0,Never
cap17,sx_rpq_18,1,Sometimes
cap17,sx_rpq_18,2,Often
cap17,sx_rpq_19,0,Never
cap17,sx_rpq_19,1,Sometimes
cap17,sx_rpq_19,2,Often
cap17,sx_rpq_20,0,Never
cap17,sx_rpq_20,1,Sometimes
cap17,sx_rpq_20,2,Often
cap17,sx_rpq_21,0,Never
cap17,sx_rpq_21,1,Sometimes
cap17,sx_rpq_21,2,Often
cap17,sx_rpq_22,0,Never
cap17,sx_rpq_22,1,Sometimes
cap17,sx_rpq_22,2,Often
cap17,sx_rpq_23,0,Never
cap17,sx_rpq_23,1,Sometimes
cap17,sx_rpq_23,2,Often
cap17,life_bully_6m_01,0,None
cap17,life_bully_6m_01,1,Only once or twice
cap17,life_bully_6m_01,2,2 or 3 times a month
cap17,life_bully_6m_01,3,About once a week
cap17,life_bully_6m_01,4,Several times a week
cap17,life_bully_6m_02,0,None
cap17,life_bully_6m_02,1,Only once or twice
cap17,life_bully_6m_02,2,2 or 3 times a month
cap17,life_bully_6m_02,3,About once a week
cap17,life_bully_6m_02,4,Several times a week
cap17,life_bully_6m_03,0,None
cap17,life_bully_6m_03,1,Only once or twice
cap17,life_bully_6m_03,2,2 or 3 times a month
cap17,life_bully_6m_03,3,About once a week
cap17,life_bully_6m_03,4,Several times a week
cap17,life_bully_6m_04,0,None
cap17,life_bully_6m_04,1,Only once or twice
cap17,life_bully_6m_04,2,2 or 3 times a month
cap17,life_bully_6m_04,3,About once a week
cap17,life_bully_6m_04,4,Several times a week
cap17,life_bully_6m_05,0,None
cap17,life_bully_6m_05,1,Only once or twice
cap17,life_bully_6m_05,2,2 or 3 times a month
cap17,life_bully_6m_05,3,About once a week
cap17,life_bully_6m_05,4,Several times a week
cap17,life_bully_6m_06,0,None
cap17,life_bully_6m_06,1,Only once or twice
cap17,life_bully_6m_06,2,2 or 3 times a month
cap17,life_bully_6m_06,3,About once a week
cap17,life_bully_6m_06,4,Several times a week
cap17,life_bully_6m_07,0,None
cap17,life_bully_6m_07,1,Only once or twice
cap17,life_bully_6m_07,2,2 or 3 times a month
cap17,life_bully_6m_07,3,About once a week
cap17,life_bully_6m_07,4,Several times a week
cap17,life_bully_6m_08,0,None
cap17,life_bully_6m_08,1,Only once or twice
cap17,life_bully_6m_08,2,2 or 3 times a month
cap17,life_bully_6m_08,3,About once a week
cap17,life_bully_6m_08,4,Several times a week
cap17,life_sn_02,0,Yes
cap17,life_sn_02,1,No
cap17,life_sn_03,0,Yes
cap17,life_sn_03,1,No
cap17,life_sn_04,0,Yes
cap17,life_sn_04,1,No
cap17,mh_ple_01,0,Not true
cap17,mh_ple_01,1,Somewhat true
cap17,mh_ple_01,2,Certainly true
cap17,mh_ple_02,0,Not true
cap17,mh_ple_02,1,Somewhat true
cap17,mh_ple_02,2,Certainly true
cap17,mh_ple_03,0,Not true
cap17,mh_ple_03,1,Somewhat true
cap17,mh_ple_03,2,Certainly true
cap17,mh_ple_04,0,Not true
cap17,mh_ple_04,1,Somewhat true
cap17,mh_ple_04,2,Certainly true
cap17,mh_ple_05,0,Not true
cap17,mh_ple_05,1,Somewhat true
cap17,mh_ple_05,2,Certainly true
cap17,mh_ple_06,0,Not true
cap17,mh_ple_06,1,Somewhat true
cap17,mh_ple_06,2,Certainly true
cap17,mh_ple_07,0,Not true
cap17,mh_ple_07,1,Somewhat true
cap17,mh_ple_07,2,Certainly true
cap17,mh_ple_08,0,Not true
cap17,mh_ple_08,1,Somewhat true
cap17,mh_ple_08,2,Certainly true
cap17,mh_ple_09,0,Not true
cap17,mh_ple_09,1,Somewhat true
cap17,mh_ple_09,2,Certainly true
cap17,sub_alc_disc_01,0,Yes
cap17,sub_alc_disc_01,1,No
cap17,sub_alc_disc_02,0,Yes
cap17,sub_alc_disc_02,1,No
cap17,sub_alc_disc_03,0,Yes
cap17,sub_alc_disc_03,1,No
cap17,sub_alc_disc_04,0,Yes
cap17,sub_alc_disc_04,1,No
cap17,sub_alc_disc_05,0,Yes
cap17,sub_alc_disc_05,1,No
cap17,sub_alc_disc_06,0,Yes
cap17,sub_alc_disc_06,1,No
cap17,sub_alc_disc_07,0,Yes
cap17,sub_alc_disc_07,1,No
cap17,sub_alc_disc_08,0,Yes
cap17,sub_alc_disc_08,1,No
cap17,sub_alc_disc_09,0,Yes
cap17,sub_alc_disc_09,1,No
cap17,sub_alc_disc_10,0,Yes
cap17,sub_alc_disc_10,1,No
cap17,sub_alc_disc_11,0,Yes
cap17,sub_alc_disc_11,1,No
cap17,sub_alc_disc_12,0,Yes
cap17,sub_alc_disc_12,1,No
cap17,sub_alc_disc_13,0,Yes
cap17,sub_alc_disc_13,1,No
cap17,sub_alc_disc_14,0,Yes
cap17,sub_alc_disc_14,1,No
cap17,sub_alc_disc_15,0,Yes
cap17,sub_alc_disc_15,1,No
cap17,sub_alc_disc_16,0,Yes
cap17,sub_alc_disc_16,1,No
cap17,sub_alc_disc_17,0,Yes
cap17,sub_alc_disc_17,1,No
cap17,sub_alc_disc_18,0,Yes
cap17,sub_alc_disc_18,1,No
cap17,sub_alc_disc_19,0,Yes
cap17,sub_alc_disc_19,1,No
cap17,sub_alc_disc_20,0,Yes
cap17,sub_alc_disc_20,1,No
cap17,sub_alc_disc_21,0,Yes
cap17,sub_alc_disc_21,1,No
cap17,sub_alc_disc_22,0,Yes
cap17,sub_alc_disc_22,1,No
cap17,sub_alc_disc_23,0,Yes
cap17,sub_alc_disc_23,1,No
cap17,sub_alc_disc_24,0,Yes
cap17,sub_alc_disc_24,1,No
cap17,sub_alc_disc_25,0,Yes
cap17,sub_alc_disc_25,1,No
cap17,sub_alc_disc_26,0,Yes
cap17,sub_alc_disc_26,1,No
cap17,sub_alc_disc_27,0,Yes
cap17,sub_alc_disc_27,1,No
cap17,sub_alc_disc_28,0,Yes
cap17,sub_alc_disc_28,1,No
cap17,sub_alc_disc_29,0,Yes
cap17,sub_alc_disc_29,1,No
cap17,sub_alc_disc_30,0,Yes
cap17,sub_alc_disc_30,1,No
cap17,sub_alc_disc_31,0,Yes
cap17,sub_alc_disc_31,1,No
cap17,sub_alc_disc_32,0,Yes
cap17,sub_alc_disc_32,1,No
cap17,sub_alc_disc_33,0,Yes
cap17,sub_alc_disc_33,1,No
cap17,sub_alc_disc_34,0,Yes
cap17,sub_alc_disc_34,1,No
cap17,sub_alc_disc_35,0,Yes
cap17,sub_alc_disc_35,1,No
cap17,sub_alc_disc_36,0,Yes
cap17,sub_alc_disc_36,1,No
cap17,sub_alc_disc_37,0,Yes
cap17,sub_alc_disc_37,1,No
cap17,sub_alc_disc_38,0,Yes
cap17,sub_alc_disc_38,1,No
cap17,sub_alc_disc_39,0,Yes
cap17,sub_alc_disc_39,1,No
cap17,sub_alc_disc_40,0,Yes
cap17,sub_alc_disc_40,1,No
cap17,sub_alc_disc_41,0,Yes
cap17,sub_alc_disc_41,1,No
cap17,sub_alc_disc_42,0,Yes
cap17,sub_alc_disc_42,1,No
cap17,sub_alc_disc_43,0,Yes
cap17,sub_alc_disc_43,1,No
cap17,sub_alc_disc_44,0,Yes
cap17,sub_alc_disc_44,1,No
cap17,sub_alc_disc_45,0,Yes
cap17,sub_alc_disc_45,1,No
cap17,sub_alc_disc_46,0,Yes
cap17,sub_alc_disc_46,1,No
cap17,sub_alc_disc_47,0,Yes
cap17,sub_alc_disc_47,1,No
cap17,sub_alc_disc_48,0,Yes
cap17,sub_alc_disc_48,1,No
cap17,sub_alc_disc_49,0,Yes
cap17,sub_alc_disc_49,1,No
cap17,sub_alc_disc_50,0,Yes
cap17,sub_alc_disc_50,1,No
cap17,sub_alc_disc_51,0,Yes
cap17,sub_alc_disc_51,1,No
cap17,id_preventure_grp,1,NT
cap17,id_preventure_grp,2,AS
cap17,id_preventure_grp,3,IMP
cap17,id_preventure_grp,4,SS
cap17,id_sess1,0,no
cap17,id_sess1,1,yes
cap17,id_sess1,88,n/a
cap17,id_sess2,0,no
cap17,id_sess2,1,yes
cap17,id_sess2,88,n/a
cap17,id_sess1catch,0,no
cap17,id_sess1catch,1,yes
cap17,id_sess1catch,88,n/a
cap17,id_sess2catch,0,no
cap17,id_sess2catch,1,yes
cap17,id_sess2catch,88,n/a
cap17,id_trial_group_num,0,Control
cap17,id_trial_group_num,1,Climate
cap17,id_trial_group_num,2,Preventure
cap17,id_trial_group_num,3,CAP
cap17,ses_schtype,0,Public
cap17,ses_schtype,1,Private
cap17,sx_surps_grp_pop,0,low risk
cap17,sx_surps_grp_pop,1,NT
cap17,sx_surps_grp_pop,2,AS
cap17,sx_surps_grp_pop,3,IMP
cap17,sx_surps_grp_pop,4,SS
cap17,sx_surps_grp_sch,0,low risk
cap17,sx_surps_grp_sch,1,NT
cap17,sx_surps_grp_sch,2,AS
cap17,sx_surps_grp_sch,3,IMP
cap17,sx_surps_grp_sch,4,SS
cap17,id_itt,0,Low risk
cap17,id_itt,1,NT
cap17,id_itt,2,AS
cap17,id_itt,3,IMP
cap17,id_itt,4,SS
cap17,sub_alc_sip,0,No
cap17,sub_alc_sip,1,Yes
cap17,sub_alc_full,0,No
cap17,sub_alc_full,1,Yes
cap17,sub_alc_drunk,0,No
cap17,sub_alc_drunk,1,Yes
cap17,sub_alc_binge,0,No
cap17,sub_alc_binge,1,Yes
cap17,sub_alc_full_1m_freq,0,Never
cap17,sub_alc_full_1m_freq,0.5,Less than monthly
cap17,sub_alc_full_1m_freq,1,Monthly
cap17,sub_alc_full_1m_freq,2.5,2-3 times a month
cap17,sub_alc_full_1m_freq,4,weekly
cap17,sub_alc_full_1m_freq,30,daily
cap17,sub_alc_binge_1m_freq,0,Never
cap17,sub_alc_binge_1m_freq,0.5,Less than monthly
cap17,sub_alc_binge_1m_freq,1,Monthly
cap17,sub_alc_binge_1m_freq,2.5,2-3 times a month
cap17,sub_alc_binge_1m_freq,4,weekly
cap17,sub_alc_binge_1m_freq,30,daily
cap17,sub_can_ever,0,No
cap17,sub_can_ever,1,Yes
cap17,sub_can_6m,0,No
cap17,sub_can_6m,1,Yes
cap17,sub_tob_6m,0,No
cap17,sub_tob_6m,1,Yes
cap17,sub_ecs_6m,0,No
cap17,sub_ecs_6m,1,Yes
cap17,sub_meth_6m,0,No
cap17,sub_meth_6m,1,Yes
cap17,sub_oth_6m,0,No
cap17,sub_oth_6m,1,Yes
cap17,sub_alc_int,0,very unlikely
cap17,sub_alc_int,1,unlikely
cap17,sub_alc_int,2,unsure
cap17,sub_alc_int,3,likely
cap17,sub_alc_int,4,very likely
cap17,sub_can_int,0,very unlikely
cap17,sub_can_int,1,unlikely
cap17,sub_can_int,2,unsure
cap17,sub_can_int,3,likely
cap17,sub_can_int,4,very likely
cap17,sub_tob_int,0,very unlikely
cap17,sub_tob_int,1,unlikely
cap17,sub_tob_int,2,unsure
cap17,sub_tob_int,3,likely
cap17,sub_tob_int,4,very likely
cap17,sub_ecs_int,0,very unlikely
cap17,sub_ecs_int,1,unlikely
cap17,sub_ecs_int,2,unsure
cap17,sub_ecs_int,3,likely
cap17,sub_ecs_int,4,very likely
cap17,sub_meth_int,0,very unlikely
cap17,sub_meth_int,1,unlikely
cap17,sub_meth_int,2,unsure
cap17,sub_meth_int,3,likely
cap17,sub_meth_int,4,very likely
cap17,sx_sdq_emo_band,0,Normal
cap17,sx_sdq_emo_band,1,Borderline
cap17,sx_sdq_emo_band,2,Abnormal
cap17,sx_sdq_con_band,0,Normal
cap17,sx_sdq_con_band,1,Borderline
cap17,sx_sdq_con_band,2,Abnormal
cap17,sx_sdq_hyp_band,0,Normal
cap17,sx_sdq_hyp_band,1,Borderline
cap17,sx_sdq_hyp_band,2,Abnormal
cap17,sx_sdq_peer_band,0,Normal
cap17,sx_sdq_peer_band,1,Borderline
cap17,sx_sdq_peer_band,2,Abnormal
cap17,sx_sdq_pro_band,0,Normal
cap17,sx_sdq_pro_band,1,Borderline
cap17,sx_sdq_pro_band,2,Abnormal
cap17,sx_sdq_tot_band,0,Normal
cap17,sx_sdq_tot_band,1,Borderline
cap17,sx_sdq_tot_band,2,Abnormal
cap17,life_victim_6m,0,No
cap17,life_victim_6m,1,Yes
cap17,life_bully_6m,0,No
cap17,life_bully_6m,1,Yes
cap17,id_trial_group,0,Control
cap17,id_trial_group,1,Climate
cap17,id_trial_group,2,Preventure
cap17,id_trial_group,3,CAP
cap17,sx_dmqr_01,0,Never/Almost Never
cap17,sx_dmqr_01,1,Some of the time
cap17,sx_dmqr_01,2,Half of the time
cap17,sx_dmqr_01,3,Most of the time
cap17,sx_dmqr_01,4,Almost Always/Always
cap17,sx_dmqr_02,0,Never/Almost Never
cap17,sx_dmqr_02,1,Some of the time
cap17,sx_dmqr_02,2,Half of the time
cap17,sx_dmqr_02,3,Most of the time
cap17,sx_dmqr_02,4,Almost Always/Always
cap17,sx_dmqr_03,0,Never/Almost Never
cap17,sx_dmqr_03,1,Some of the time
cap17,sx_dmqr_03,2,Half of the time
cap17,sx_dmqr_03,3,Most of the time
cap17,sx_dmqr_03,4,Almost Always/Always
cap17,sx_dmqr_04,0,Never/Almost Never
cap17,sx_dmqr_04,1,Some of the time
cap17,sx_dmqr_04,2,Half of the time
cap17,sx_dmqr_04,3,Most of the time
cap17,sx_dmqr_04,4,Almost Always/Always
cap17,sx_dmqr_05,0,Never/Almost Never
cap17,sx_dmqr_05,1,Some of the time
cap17,sx_dmqr_05,2,Half of the time
cap17,sx_dmqr_05,3,Most of the time
cap17,sx_dmqr_05,4,Almost Always/Always
cap17,sx_dmqr_06,0,Never/Almost Never
cap17,sx_dmqr_06,1,Some of the time
cap17,sx_dmqr_06,2,Half of the time
cap17,sx_dmqr_06,3,Most of the time
cap17,sx_dmqr_06,4,Almost Always/Always
cap17,sx_dmqr_07,0,Never/Almost Never
cap17,sx_dmqr_07,1,Some of the time
cap17,sx_dmqr_07,2,Half of the time
cap17,sx_dmqr_07,3,Most of the time
cap17,sx_dmqr_07,4,Almost Always/Always
cap17,sx_dmqr_08,0,Never/Almost Never
cap17,sx_dmqr_08,1,Some of the time
cap17,sx_dmqr_08,2,Half of the time
cap17,sx_dmqr_08,3,Most of the time
cap17,sx_dmqr_08,4,Almost Always/Always
cap17,sx_dmqr_09,0,Never/Almost Never
cap17,sx_dmqr_09,1,Some of the time
cap17,sx_dmqr_09,2,Half of the time
cap17,sx_dmqr_09,3,Most of the time
cap17,sx_dmqr_09,4,Almost Always/Always
cap17,sx_dmqr_10,0,Never/Almost Never
cap17,sx_dmqr_10,1,Some of the time
cap17,sx_dmqr_10,2,Half of the time
cap17,sx_dmqr_10,3,Most of the time
cap17,sx_dmqr_10,4,Almost Always/Always
cap17,sx_dmqr_11,0,Never/Almost Never
cap17,sx_dmqr_11,1,Some of the time
cap17,sx_dmqr_11,2,Half of the time
cap17,sx_dmqr_11,3,Most of the time
cap17,sx_dmqr_11,4,Almost Always/Always
cap17,sx_dmqr_12,0,Never/Almost Never
cap17,sx_dmqr_12,1,Some of the time
cap17,sx_dmqr_12,2,Half of the time
cap17,sx_dmqr_12,3,Most of the time
cap17,sx_dmqr_12,4,Almost Always/Always
cap17,sx_dmqr_13,0,Never/Almost Never
cap17,sx_dmqr_13,1,Some of the time
cap17,sx_dmqr_13,2,Half of the time
cap17,sx_dmqr_13,3,Most of the time
cap17,sx_dmqr_13,4,Almost Always/Always
cap17,sx_dmqr_14,0,Never/Almost Never
cap17,sx_dmqr_14,1,Some of the time
cap17,sx_dmqr_14,2,Half of the time
cap17,sx_dmqr_14,3,Most of the time
cap17,sx_dmqr_14,4,Almost Always/Always
cap17,sx_dmqr_15,0,Never/Almost Never
cap17,sx_dmqr_15,1,Some of the time
cap17,sx_dmqr_15,2,Half of the time
cap17,sx_dmqr_15,3,Most of the time
cap17,sx_dmqr_15,4,Almost Always/Always
cap17,sx_dmqr_16,0,Never/Almost Never
cap17,sx_dmqr_16,1,Some of the time
cap17,sx_dmqr_16,2,Half of the time
cap17,sx_dmqr_16,3,Most of the time
cap17,sx_dmqr_16,4,Almost Always/Always
cap17,sx_dmqr_17,0,Never/Almost Never
cap17,sx_dmqr_17,1,Some of the time
cap17,sx_dmqr_17,2,Half of the time
cap17,sx_dmqr_17,3,Most of the time
cap17,sx_dmqr_17,4,Almost Always/Always
cap17,sx_dmqr_18,0,Never/Almost Never
cap17,sx_dmqr_18,1,Some of the time
cap17,sx_dmqr_18,2,Half of the time
cap17,sx_dmqr_18,3,Most of the time
cap17,sx_dmqr_18,4,Almost Always/Always
cap17,sx_dmqr_19,0,Never/Almost Never
cap17,sx_dmqr_19,1,Some of the time
cap17,sx_dmqr_19,2,Half of the time
cap17,sx_dmqr_19,3,Most of the time
cap17,sx_dmqr_19,4,Almost Always/Always
cap17,sx_dmqr_20,0,Never/Almost Never
cap17,sx_dmqr_20,1,Some of the time
cap17,sx_dmqr_20,2,Half of the time
cap17,sx_dmqr_20,3,Most of the time
cap17,sx_dmqr_20,4,Almost Always/Always
cap17,sx_dmqr_21,0,Never/Almost Never
cap17,sx_dmqr_21,1,Some of the time
cap17,sx_dmqr_21,2,Half of the time
cap17,sx_dmqr_21,3,Most of the time
cap17,sx_dmqr_21,4,Almost Always/Always
cap17,sx_dmqr_22,0,Never/Almost Never
cap17,sx_dmqr_22,1,Some of the time
cap17,sx_dmqr_22,2,Half of the time
cap17,sx_dmqr_22,3,Most of the time
cap17,sx_dmqr_22,4,Almost Always/Always
cap17,sx_dmqr_23,0,Never/Almost Never
cap17,sx_dmqr_23,1,Some of the time
cap17,sx_dmqr_23,2,Half of the time
cap17,sx_dmqr_23,3,Most of the time
cap17,sx_dmqr_23,4,Almost Always/Always
cap17,sx_dmqr_24,0,Never/Almost Never
cap17,sx_dmqr_24,1,Some of the time
cap17,sx_dmqr_24,2,Half of the time
cap17,sx_dmqr_24,3,Most of the time
cap17,sx_dmqr_24,4,Almost Always/Always
cap17,sx_dmqr_25,0,Never/Almost Never
cap17,sx_dmqr_25,1,Some of the time
cap17,sx_dmqr_25,2,Half of the time
cap17,sx_dmqr_25,3,Most of the time
cap17,sx_dmqr_25,4,Almost Always/Always
cap17,sx_dmqr_26,0,Never/Almost Never
cap17,sx_dmqr_26,1,Some of the time
cap17,sx_dmqr_26,2,Half of the time
cap17,sx_dmqr_26,3,Most of the time
cap17,sx_dmqr_26,4,Almost Always/Always
cap17,sx_dmqr_27,0,Never/Almost Never
cap17,sx_dmqr_27,1,Some of the time
cap17,sx_dmqr_27,2,Half of the time
cap17,sx_dmqr_27,3,Most of the time
cap17,sx_dmqr_27,4,Almost Always/Always
cap17,sx_dmqr_28,0,Never/Almost Never
cap17,sx_dmqr_28,1,Some of the time
cap17,sx_dmqr_28,2,Half of the time
cap17,sx_dmqr_28,3,Most of the time
cap17,sx_dmqr_28,4,Almost Always/Always
cap17,sx_dmqr_29,0,Never/Almost Never
cap17,sx_dmqr_29,1,Some of the time
cap17,sx_dmqr_29,2,Half of the time
cap17,sx_dmqr_29,3,Most of the time
cap17,sx_dmqr_29,4,Almost Always/Always
cap17,sub_can_6m_freq,0,Never
cap17,sub_can_6m_freq,1,Less than monthly
cap17,sub_can_6m_freq,2,Once a month
cap17,sub_can_6m_freq,3,2-3 times a month
cap17,sub_can_6m_freq,4,Weekly
cap17,sub_can_6m_freq,5,Daily or almost daily
cap17,sub_can_6m_freq,6,More than once a day
cap17,sx_rses_02,2,Not too well
cap17,id_surv_format,1,online
cap17,id_surv_format,2,paper
cap17,sub_alc_binge_t1_freq,0,Never
cap17,sub_alc_binge_t1_freq,0.5,Less than monthly
cap17,sub_alc_binge_t1_freq,1,Monthly
cap17,sub_alc_binge_t1_freq,2.5,2-3 times a month
cap17,sub_alc_binge_t1_freq,4,weekly
cap17,sub_alc_binge_t1_freq,30,daily
cap17,sub_alc_rapi_09,0,Never
cap17,sub_alc_rapi_09,1,1-2 times
cap17,sub_alc_rapi_09,2,3-4 times
cap17,sub_alc_rapi_09,3,5-6 times
cap17,sub_alc_rapi_09,4,More than 6 times
cap17,sx_dmqrsoc_01,0,Never/Almost Never
cap17,sx_dmqrsoc_01,1,Some of the time
cap17,sx_dmqrsoc_01,2,Half of the time
cap17,sx_dmqrsoc_01,3,Most of the time
cap17,sx_dmqrsoc_01,4,Almost Always/Always
cap17,sx_dmqrsoc_02,0,Never/Almost Never
cap17,sx_dmqrsoc_02,1,Some of the time
cap17,sx_dmqrsoc_02,2,Half of the time
cap17,sx_dmqrsoc_02,3,Most of the time
cap17,sx_dmqrsoc_02,4,Almost Always/Always
cap17,sx_dmqrsoc_03,0,Never/Almost Never
cap17,sx_dmqrsoc_03,1,Some of the time
cap17,sx_dmqrsoc_03,2,Half of the time
cap17,sx_dmqrsoc_03,3,Most of the time
cap17,sx_dmqrsoc_03,4,Almost Always/Always
cap17,sx_dmqrsoc_04,0,Never/Almost Never
cap17,sx_dmqrsoc_04,1,Some of the time
cap17,sx_dmqrsoc_04,2,Half of the time
cap17,sx_dmqrsoc_04,3,Most of the time
cap17,sx_dmqrsoc_04,4,Almost Always/Always
cap17,sx_dmqrsoc_05,0,Never/Almost Never
cap17,sx_dmqrsoc_05,1,Some of the time
cap17,sx_dmqrsoc_05,2,Half of the time
cap17,sx_dmqrsoc_05,3,Most of the time
cap17,sx_dmqrsoc_05,4,Almost Always/Always
h4l15,demo_gender,0,Male
h4l15,demo_gender,1,Female
h4l15,demo_gender,2,Non-binary / Gender Fluid
h4l15,demo_gender,3,Different identity
h4l15,demo_gender,4,Prefer not to say
h4l15,demo_sex,0,Male
h4l15,demo_sex,1,Female
h4l15,demo_sex,2,Prefer not to say
h4l15,demo_age_birth_yrs,1990,1990
h4l15,demo_age_birth_yrs,1991,1991
h4l15,demo_age_birth_yrs,1992,1992
h4l15,demo_age_birth_yrs,1993,1993
h4l15,demo_age_birth_yrs,1994,1994
h4l15,demo_age_birth_yrs,1995,1995
h4l15,demo_age_birth_yrs,1996,1996
h4l15,demo_age_birth_yrs,1997,1997
h4l15,demo_age_birth_yrs,1998,1998
h4l15,demo_age_birth_yrs,1999,1999
h4l15,demo_age_birth_yrs,2000,2000
h4l15,demo_age_birth_yrs,2001,2001
h4l15,demo_age_birth_yrs,2002,2002
h4l15,demo_age_birth_yrs,2003,2003
h4l15,demo_age_birth_yrs,2004,2004
h4l15,demo_age_birth_yrs,2005,2005
h4l15,demo_age_birth_yrs,2006,2006
h4l15,demo_age_birth_yrs,2007,2007
h4l15,demo_age_birth_yrs,2008,2008
h4l15,demo_age_birth_yrs,2009,2009
h4l15,demo_age_birth_yrs,2010,2010
h4l15,demo_age_birth_mths,1,January
h4l15,demo_age_birth_mths,2,February
h4l15,demo_age_birth_mths,3,March
h4l15,demo_age_birth_mths,4,April
h4l15,demo_age_birth_mths,5,May
h4l15,demo_age_birth_mths,6,June
h4l15,demo_age_birth_mths,7,July
h4l15,demo_age_birth_mths,8,August
h4l15,demo_age_birth_mths,9,September
h4l15,demo_age_birth_mths,10,October
h4l15,demo_age_birth_mths,11,November
h4l15,demo_age_birth_mths,12,December
h4l15,demo_school_yrs,0,Year 7
h4l15,demo_school_yrs,1,Year 8
h4l15,demo_cob,1,Afghanistan
h4l15,demo_cob,2,Albania
h4l15,demo_cob,3,Algeria
h4l15,demo_cob,4,Andorra
h4l15,demo_cob,5,Angola
h4l15,demo_cob,6,Antigua and Barbuda
h4l15,demo_cob,7,Argentina
h4l15,demo_cob,8,Armenia
h4l15,demo_cob,9,Australia
h4l15,demo_cob,10,Austria
h4l15,demo_cob,11,Azerbaijan
h4l15,demo_cob,12,Bahamas
h4l15,demo_cob,13,Bahrain
h4l15,demo_cob,14,Bangladesh
h4l15,demo_cob,15,Barbados
h4l15,demo_cob,16,Belarus
h4l15,demo_cob,17,Belgium
h4l15,demo_cob,18,Belize
h4l15,demo_cob,19,Benin
h4l15,demo_cob,20,Bhutan
h4l15,demo_cob,21,Bolivia
h4l15,demo_cob,22,Bosnia and Herzegovina
h4l15,demo_cob,23,Botswana
h4l15,demo_cob,24,Brazil
h4l15,demo_cob,25,Brunei
h4l15,demo_cob,26,Bulgaria
h4l15,demo_cob,27,Burkina Faso
h4l15,demo_cob,28,Burundi
h4l15,demo_cob,29,Cabo Verde
h4l15,demo_cob,30,Cambodia
h4l15,demo_cob,31,Cameroon
h4l15,demo_cob,32,Canada
h4l15,demo_cob,33,Central African Republic
h4l15,demo_cob,34,Chad
h4l15,demo_cob,35,Chile
h4l15,demo_cob,36,China
h4l15,demo_cob,37,Colombia
h4l15,demo_cob,38,Comoros
h4l15,demo_cob,39,Congo
h4l15,demo_cob,40,Costa Rica
h4l15,demo_cob,41,Côte d'Ivoire
h4l15,demo_cob,42,Croatia
h4l15,demo_cob,43,Cuba
h4l15,demo_cob,44,Cyprus
h4l15,demo_cob,45,Czechia
h4l15,demo_cob,46,Denmark
h4l15,demo_cob,47,Djibouti
h4l15,demo_cob,48,Dominica
h4l15,demo_cob,49,Dominican Republic
h4l15,demo_cob,50,DR Congo
h4l15,demo_cob,51,Ecuador
h4l15,demo_cob,52,Egypt
h4l15,demo_cob,53,El Salvador
h4l15,demo_cob,54,Equatorial Guinea
h4l15,demo_cob,55,Eritrea
h4l15,demo_cob,56,Estonia
h4l15,demo_cob,57,Ethiopia
h4l15,demo_cob,58,Fiji
h4l15,demo_cob,59,Finland
h4l15,demo_cob,60,France
h4l15,demo_cob,61,Gabon
h4l15,demo_cob,62,Gambia
h4l15,demo_cob,63,Georgia
h4l15,demo_cob,64,Germany
h4l15,demo_cob,65,Ghana
h4l15,demo_cob,66,Greece
h4l15,demo_cob,67,Grenada
h4l15,demo_cob,68,Guatemala
h4l15,demo_cob,69,Guinea
h4l15,demo_cob,70,Guinea-Bissau
h4l15,demo_cob,71,Guyana
h4l15,demo_cob,72,Haiti
h4l15,demo_cob,73,Holy See
h4l15,demo_cob,74,Honduras
h4l15,demo_cob,75,Hungary
h4l15,demo_cob,76,Iceland
h4l15,demo_cob,77,India
h4l15,demo_cob,78,Indonesia
h4l15,demo_cob,79,Iran
h4l15,demo_cob,80,Iraq
h4l15,demo_cob,81,Ireland
h4l15,demo_cob,82,Israel
h4l15,demo_cob,83,Italy
h4l15,demo_cob,84,Jamaica
h4l15,demo_cob,85,Japan
h4l15,demo_cob,86,Jordan
h4l15,demo_cob,87,Kazakhstan
h4l15,demo_cob,88,Kenya
h4l15,demo_cob,89,Kiribati
h4l15,demo_cob,90,Kuwait
h4l15,demo_cob,91,Kyrgyzstan
h4l15,demo_cob,92,Laos
h4l15,demo_cob,93,Latvia
h4l15,demo_cob,94,Lebanon
h4l15,demo_cob,95,Lesotho
h4l15,demo_cob,96,Liberia
h4l15,demo_cob,97,Libya
h4l15,demo_cob,98,Liechtenstein
h4l15,demo_cob,99,Lithuania
h4l15,demo_cob,100,Luxembourg
h4l15,demo_cob,101,Madagascar
h4l15,demo_cob,102,Malawi
h4l15,demo_cob,103,Malaysia
h4l15,demo_cob,104,Maldives
h4l15,demo_cob,105,Mali
h4l15,demo_cob,106,Malta
h4l15,demo_cob,107,Marshall Islands
h4l15,demo_cob,108,Mauritania
h4l15,demo_cob,109,Mauritius
h4l15,demo_cob,110,Mexico
h4l15,demo_cob,111,Micronesia
h4l15,demo_cob,112,Moldova
h4l15,demo_cob,113,Monaco
h4l15,demo_cob,114,Mongolia
h4l15,demo_cob,115,Montenegro
h4l15,demo_cob,116,Morocco
h4l15,demo_cob,117,Mozambique
h4l15,demo_cob,118,Myanmar
h4l15,demo_cob,119,Namibia
h4l15,demo_cob,120,Nauru
h4l15,demo_cob,121,Nepal
h4l15,demo_cob,122,Netherlands
h4l15,demo_cob,123,New Zealand
h4l15,demo_cob,124,Nicaragua
h4l15,demo_cob,125,Niger
h4l15,demo_cob,126,Nigeria
h4l15,demo_cob,127,North Korea
h4l15,demo_cob,128,North Macedonia
h4l15,demo_cob,129,Norway
h4l15,demo_cob,130,Oman
h4l15,demo_cob,131,Pakistan
h4l15,demo_cob,132,Palau
h4l15,demo_cob,133,Panama
h4l15,demo_cob,134,Papua New Guinea
h4l15,demo_cob,135,Paraguay
h4l15,demo_cob,136,Peru
h4l15,demo_cob,137,Philippines
h4l15,demo_cob,138,Poland
h4l15,demo_cob,139,Portugal
h4l15,demo_cob,140,Qatar
h4l15,demo_cob,141,Romania
h4l15,demo_cob,142,Russia
h4l15,demo_cob,143,Rwanda
h4l15,demo_cob,144,Saint Kitts & Nevis
h4l15,demo_cob,145,Saint Lucia
h4l15,demo_cob,146,Samoa
h4l15,demo_cob,147,San Marino
h4l15,demo_cob,148,Sao Tome & Principe
h4l15,demo_cob,149,Saudi Arabia
h4l15,demo_cob,150,Senegal
h4l15,demo_cob,151,Serbia
h4l15,demo_cob,152,Seychelles
h4l15,demo_cob,153,Sierra Leone
h4l15,demo_cob,154,Singapore
h4l15,demo_cob,155,Slovakia
h4l15,demo_cob,156,Slovenia
h4l15,demo_cob,157,Solomon Islands
h4l15,demo_cob,158,Somalia
h4l15,demo_cob,159,South Africa
h4l15,demo_cob,160,South Korea
h4l15,demo_cob,161,South Sudan
h4l15,demo_cob,162,Spain
h4l15,demo_cob,163,Sri Lanka
h4l15,demo_cob,164,St. Vincent & Grenadines
h4l15,demo_cob,165,State of Palestine
h4l15,demo_cob,166,Sudan
h4l15,demo_cob,167,Suriname
h4l15,demo_cob,168,Swaziland
h4l15,demo_cob,169,Sweden
h4l15,demo_cob,170,Switzerland
h4l15,demo_cob,171,Syria
h4l15,demo_cob,172,Tajikistan
h4l15,demo_cob,173,Tanzania
h4l15,demo_cob,174,Thailand
h4l15,demo_cob,175,Timor-Leste
h4l15,demo_cob,176,Togo
h4l15,demo_cob,177,Tonga
h4l15,demo_cob,178,Trinidad and Tobago
h4l15,demo_cob,179,Tunisia
h4l15,demo_cob,180,Turkey
h4l15,demo_cob,181,Turkmenistan
h4l15,demo_cob,182,Tuvalu
h4l15,demo_cob,183,Uganda
h4l15,demo_cob,184,Ukraine
h4l15,demo_cob,185,United Arab Emirates
h4l15,demo_cob,186,United Kingdom
h4l15,demo_cob,187,United States
h4l15,demo_cob,188,Uruguay
h4l15,demo_cob,189,Uzbekistan
h4l15,demo_cob,190,Vanuatu
h4l15,demo_cob,191,Venezuela
h4l15,demo_cob,192,Vietnam
h4l15,demo_cob,193,Yemen
h4l15,demo_cob,194,Zambia
h4l15,demo_cob,195,Zimbabwe
h4l15,demo_main_lang,0,English
h4l15,demo_main_lang,1,Other
h4l15,demo_truancy,0,0 days
h4l15,demo_truancy,1,1-2 days
h4l15,demo_truancy,2,3-5 days
h4l15,demo_truancy,3,6-10 days
h4l15,demo_truancy,4,11+ days
h4l15,demo_grades,0,90-100%
h4l15,demo_grades,1,80-89%
h4l15,demo_grades,2,70-79%
h4l15,demo_grades,3,60-69%
h4l15,demo_grades,4,50-59%
h4l15,demo_grades,5,49% and below
h4l15,demo_height_know,0,Yes
h4l15,demo_height_know,1,No
h4l15,demo_weight_know,0,Yes
h4l15,demo_weight_know,1,No
h4l15,know_h4l_01,0,TRUE
h4l15,know_h4l_01,1,FALSE
h4l15,know_h4l_01,2,Don't know
h4l15,know_h4l_02,0,TRUE
h4l15,know_h4l_02,1,FALSE
h4l15,know_h4l_02,2,Don't know
h4l15,know_h4l_03,0,TRUE
h4l15,know_h4l_03,1,FALSE
h4l15,know_h4l_03,2,Don't know
h4l15,know_h4l_04,0,TRUE
h4l15,know_h4l_04,1,FALSE
h4l15,know_h4l_04,2,Don't know
h4l15,know_h4l_05,0,TRUE
h4l15,know_h4l_05,1,FALSE
h4l15,know_h4l_05,2,Don't know
h4l15,know_h4l_06,0,TRUE
h4l15,know_h4l_06,1,FALSE
h4l15,know_h4l_06,2,Don't know
h4l15,know_h4l_07,0,TRUE
h4l15,know_h4l_07,1,FALSE
h4l15,know_h4l_07,2,Don't know
h4l15,know_h4l_08,0,TRUE
h4l15,know_h4l_08,1,FALSE
h4l15,know_h4l_08,2,Don't know
h4l15,know_h4l_09,0,TRUE
h4l15,know_h4l_09,1,FALSE
h4l15,know_h4l_09,2,Don't know
h4l15,know_h4l_10,0,TRUE
h4l15,know_h4l_10,1,FALSE
h4l15,know_h4l_10,2,Don't know
h4l15,know_h4l_11,0,TRUE
h4l15,know_h4l_11,1,FALSE
h4l15,know_h4l_11,2,Don't know
h4l15,know_h4l_12,0,TRUE
h4l15,know_h4l_12,1,FALSE
h4l15,know_h4l_12,2,Don't know
h4l15,know_h4l_13,0,TRUE
h4l15,know_h4l_13,1,FALSE
h4l15,know_h4l_13,2,Don't know
h4l15,know_h4l_14,0,TRUE
h4l15,know_h4l_14,1,FALSE
h4l15,know_h4l_14,2,Don't know
h4l15,know_h4l_15,0,TRUE
h4l15,know_h4l_15,1,FALSE
h4l15,know_h4l_15,2,Don't know
h4l15,know_h4l_16,0,TRUE
h4l15,know_h4l_16,1,FALSE
h4l15,know_h4l_16,2,Don't know
h4l15,know_h4l_17,0,TRUE
h4l15,know_h4l_17,1,FALSE
h4l15,know_h4l_17,2,Don't know
h4l15,know_h4l_18,0,TRUE
h4l15,know_h4l_18,1,FALSE
h4l15,know_h4l_18,2,Don't know
h4l15,know_h4l_19,0,TRUE
h4l15,know_h4l_19,1,FALSE
h4l15,know_h4l_19,2,Don't know
h4l15,know_h4l_20,0,TRUE
h4l15,know_h4l_20,1,FALSE
h4l15,know_h4l_20,2,Don't know
h4l15,hlt_pdss_01,0,Never
h4l15,hlt_pdss_01,1,Seldom (Rarely)
h4l15,hlt_pdss_01,2,Sometimes
h4l15,hlt_pdss_01,3,Often / Frequently
h4l15,hlt_pdss_01,4,Very Often / Always
h4l15,hlt_pdss_02,0,Never
h4l15,hlt_pdss_02,1,Seldom (Rarely)
h4l15,hlt_pdss_02,2,Sometimes
h4l15,hlt_pdss_02,3,Often / Frequently
h4l15,hlt_pdss_02,4,Very Often / Always
h4l15,hlt_pdss_03,0,Never
h4l15,hlt_pdss_03,1,Seldom (Rarely)
h4l15,hlt_pdss_03,2,Sometimes
h4l15,hlt_pdss_03,3,Often / Frequently
h4l15,hlt_pdss_03,4,Very Often / Always
h4l15,hlt_pdss_04,0,Never
h4l15,hlt_pdss_04,1,Seldom (Rarely)
h4l15,hlt_pdss_04,2,Sometimes
h4l15,hlt_pdss_04,3,Often / Frequently
h4l15,hlt_pdss_04,4,Very Often / Always
h4l15,hlt_pdss_05,0,Never
h4l15,hlt_pdss_05,1,Seldom (Rarely)
h4l15,hlt_pdss_05,2,Sometimes
h4l15,hlt_pdss_05,3,Often / Frequently
h4l15,hlt_pdss_05,4,Very Often / Always
h4l15,hlt_pdss_06,0,Never
h4l15,hlt_pdss_06,1,Seldom (Rarely)
h4l15,hlt_pdss_06,2,Sometimes
h4l15,hlt_pdss_06,3,Often / Frequently
h4l15,hlt_pdss_06,4,Very Often / Always
h4l15,hlt_pdss_07,0,Never
h4l15,hlt_pdss_07,1,Seldom (Rarely)
h4l15,hlt_pdss_07,2,Sometimes
h4l15,hlt_pdss_07,3,Often / Frequently
h4l15,hlt_pdss_07,4,Very Often / Always
h4l15,hlt_pdss_08,0,Never
h4l15,hlt_pdss_08,1,Seldom (Rarely)
h4l15,hlt_pdss_08,2,Sometimes
h4l15,hlt_pdss_08,3,Often / Frequently
h4l15,hlt_pdss_08,4,Very Often / Always
h4l15,hb_sleep_difficult,0,Yes
h4l15,hb_sleep_difficult,1,No
h4l15,hb_sleep_difficult_severity,0,Mild
h4l15,hb_sleep_difficult_severity,1,Moderate
h4l15,hb_sleep_difficult_severity,2,Severe
h4l15,hb_sleep_difficult_severity,3,Very Severe
h4l15,hb_sleep_parentset,0,Yes
h4l15,hb_sleep_parentset,1,No
h4l15,hb_phone_own,0,Yes
h4l15,hb_phone_own,1,No
h4l15,hb_diet_water,0,Never/ Rarely drink
h4l15,hb_diet_water,1,1 cup or less a WEEK
h4l15,hb_diet_water,2,2 to 4 cups a WEEK
h4l15,hb_diet_water,3,5 to 6 cups a WEEK
h4l15,hb_diet_water,4,1 cup a DAY
h4l15,hb_diet_water,5,1½ cups or more a DAY
h4l15,hb_diet_water,6,2 or more cups a DAY
h4l15,hb_diet_juice,0,Never/ Rarely drink
h4l15,hb_diet_juice,1,1 cup or less a WEEK
h4l15,hb_diet_juice,2,2 to 4 cups a WEEK
h4l15,hb_diet_juice,3,5 to 6 cups a WEEK
h4l15,hb_diet_juice,4,1 cup a DAY
h4l15,hb_diet_juice,5,1½ cups or more a DAY
h4l15,hb_diet_juice,6,2 or more cups a DAY
h4l15,hb_diet_dietssb,0,Never/ Rarely drink
h4l15,hb_diet_dietssb,1,1 cup or less a WEEK
h4l15,hb_diet_dietssb,2,2 to 4 cups a WEEK
h4l15,hb_diet_dietssb,3,5 to 6 cups a WEEK
h4l15,hb_diet_dietssb,4,1 cup a DAY
h4l15,hb_diet_dietssb,5,1½ cups or more a DAY
h4l15,hb_diet_dietssb,6,2 or more cups a DAY
h4l15,hb_diet_ssb,0,Never/ Rarely drink
h4l15,hb_diet_ssb,1,1 cup or less a WEEK
h4l15,hb_diet_ssb,2,2 to 4 cups a WEEK
h4l15,hb_diet_ssb,3,5 to 6 cups a WEEK
h4l15,hb_diet_ssb,4,1 cup a DAY
h4l15,hb_diet_ssb,5,1½ cups or more a DAY
h4l15,hb_diet_ssb,6,2 or more cups a DAY
h4l15,hb_diet_energy_small,0,Never/ Rarely
h4l15,hb_diet_energy_small,1,1 or less times a week
h4l15,hb_diet_energy_small,2,2 to 4 times a week
h4l15,hb_diet_energy_small,3,5 to 6 times a week
h4l15,hb_diet_energy_small,4,Once a day
h4l15,hb_diet_energy_small,5,2 or more times a day
h4l15,hb_diet_energy_big,0,Never/ Rarely
h4l15,hb_diet_energy_big,1,1 or less times a week
h4l15,hb_diet_energy_big,2,2 to 4 times a week
h4l15,hb_diet_energy_big,3,5 to 6 times a week
h4l15,hb_diet_energy_big,4,Once a day
h4l15,hb_diet_energy_big,5,2 or more times a day
h4l15,hb_diet_fruit_serve,0,I don’t eat fruit
h4l15,hb_diet_fruit_serve,1,Less than 1 serve per day
h4l15,hb_diet_fruit_serve,2,1 serve per day
h4l15,hb_diet_fruit_serve,3,2 serves per day
h4l15,hb_diet_fruit_serve,4,3 serves per day
h4l15,hb_diet_fruit_serve,5,4 serves per day
h4l15,hb_diet_fruit_serve,6,5 serves per day
h4l15,hb_diet_fruit_serve,7,6 serves per day
h4l15,hb_diet_fruit_serve,8,More than 6 servings per day
h4l15,hb_diet_fruit_serve,9,I don&amp
h4l15,hb_diet_veg_serve,0,I don’t eat vegetables
h4l15,hb_diet_veg_serve,1,Less than 1 serve per day
h4l15,hb_diet_veg_serve,2,1 serve per day
h4l15,hb_diet_veg_serve,3,2 serves per day
h4l15,hb_diet_veg_serve,4,3 serves per day
h4l15,hb_diet_veg_serve,5,4 serves per day
h4l15,hb_diet_veg_serve,6,5 serves per day
h4l15,hb_diet_veg_serve,7,6 serves per day
h4l15,hb_diet_veg_serve,8,More than 6 serves per day
h4l15,hb_diet_veg_serve,9,Don’t know
h4l15,hb_pa_mvpa_7,0,No days
h4l15,hb_pa_mvpa_7,1,1 day
h4l15,hb_pa_mvpa_7,2,2 days
h4l15,hb_pa_mvpa_7,3,3 days
h4l15,hb_pa_mvpa_7,4,4 days
h4l15,hb_pa_mvpa_7,5,5 days
h4l15,hb_pa_mvpa_7,6,6 days
h4l15,hb_pa_mvpa_7,7,All days
h4l15,hb_pa_mvpa_typ,0,No days
h4l15,hb_pa_mvpa_typ,1,1 day
h4l15,hb_pa_mvpa_typ,2,2 days
h4l15,hb_pa_mvpa_typ,3,3 days
h4l15,hb_pa_mvpa_typ,4,4 days
h4l15,hb_pa_mvpa_typ,5,5 days
h4l15,hb_pa_mvpa_typ,6,6 days
h4l15,hb_pa_mvpa_typ,7,All days
h4l15,hb_pa_orgsport,0,No
h4l15,hb_pa_orgsport,1,Yes
h4l15,hb_pa_indsport,0,No
h4l15,hb_pa_indsport,1,Yes
h4l15,hb_pa_activetrans,0,0 days
h4l15,hb_pa_activetrans,1,1 days
h4l15,hb_pa_activetrans,2,2 days
h4l15,hb_pa_activetrans,3,3 days
h4l15,hb_pa_activetrans,4,4 days
h4l15,hb_pa_activetrans,5,5 days
h4l15,hb_pa_activetrans_freq,0,Every day
h4l15,hb_pa_activetrans_freq,1,Most days (5-6)
h4l15,hb_pa_activetrans_freq,2,Some days (3-4)
h4l15,hb_pa_activetrans_freq,3,Not many days (1-2)
h4l15,hb_pa_activetrans_freq,4,Never
h4l15,sub_alc_friends_drink,0,All or almost all
h4l15,sub_alc_friends_drink,1,More than half
h4l15,sub_alc_friends_drink,2,About half
h4l15,sub_alc_friends_drink,3,Less than half
h4l15,sub_alc_friends_drink,4,None
h4l15,sub_alc_friends_drunk,0,All or almost all
h4l15,sub_alc_friends_drunk,1,More than half
h4l15,sub_alc_friends_drunk,2,About half
h4l15,sub_alc_friends_drunk,3,Less than half
h4l15,sub_alc_friends_drunk,4,None
h4l15,sub_alc_sip,0,Yes
h4l15,sub_alc_sip,1,No
h4l15,sub_alc_sip_6m,0,Yes
h4l15,sub_alc_sip_6m,1,No
h4l15,sub_alc_full_raw,0,Yes
h4l15,sub_alc_full_raw,1,No
h4l15,sub_alc_full_6m_raw,0,Yes
h4l15,sub_alc_full_6m_raw,1,No
h4l15,sub_alc_full_6m_freq_raw,0,Never
h4l15,sub_alc_full_6m_freq_raw,1,Less than monthly
h4l15,sub_alc_full_6m_freq_raw,2,Once a month
h4l15,sub_alc_full_6m_freq_raw,3,2-3 times a month
h4l15,sub_alc_full_6m_freq_raw,4,Weekly
h4l15,sub_alc_full_6m_freq_raw,5,Daily or almost daily
h4l15,sub_alc_full_6m_qty_raw,0,None
h4l15,sub_alc_full_6m_qty_raw,1,1-Feb
h4l15,sub_alc_full_6m_qty_raw,2,3-Apr
h4l15,sub_alc_full_6m_qty_raw,3,5-Jun
h4l15,sub_alc_full_6m_qty_raw,4,7-Sep
h4l15,sub_alc_full_6m_qty_raw,5,10+
h4l15,sub_alc_binge_raw_raw,0,Yes
h4l15,sub_alc_binge_raw_raw,1,No
h4l15,sub_alc_binge_6m_raw,0,Never
h4l15,sub_alc_binge_6m_raw,1,Less than monthly
h4l15,sub_alc_binge_6m_raw,2,Once a month
h4l15,sub_alc_binge_6m_raw,3,2-3 times a month
h4l15,sub_alc_binge_6m_raw,4,Weekly
h4l15,sub_alc_binge_6m_raw,5,Daily or almost daily
h4l15,sub_alc_full_6m_max_raw,0,1-Feb
h4l15,sub_alc_full_6m_max_raw,1,3-Apr
h4l15,sub_alc_full_6m_max_raw,2,5-Jun
h4l15,sub_alc_full_6m_max_raw,3,7-Oct
h4l15,sub_alc_full_6m_max_raw,4,Nov-19
h4l15,sub_alc_full_6m_max_raw,5,20+
h4l15,sub_alc_rapi_01,0,Never
h4l15,sub_alc_rapi_01,1,1-2 times
h4l15,sub_alc_rapi_01,2,3-4 times
h4l15,sub_alc_rapi_01,3,5-6 times
h4l15,sub_alc_rapi_01,4,More than 6 times
h4l15,sub_alc_rapi_02,0,Never
h4l15,sub_alc_rapi_02,1,1-2 times
h4l15,sub_alc_rapi_02,2,3-4 times
h4l15,sub_alc_rapi_02,3,5-6 times
h4l15,sub_alc_rapi_02,4,More than 6 times
h4l15,sub_alc_rapi_03,0,Never
h4l15,sub_alc_rapi_03,1,1-2 times
h4l15,sub_alc_rapi_03,2,3-4 times
h4l15,sub_alc_rapi_03,3,5-6 times
h4l15,sub_alc_rapi_03,4,More than 6 times
h4l15,sub_alc_rapi_04,0,Never
h4l15,sub_alc_rapi_04,1,1-2 times
h4l15,sub_alc_rapi_04,2,3-4 times
h4l15,sub_alc_rapi_04,3,5-6 times
h4l15,sub_alc_rapi_04,4,More than 6 times
h4l15,sub_alc_rapi_05,0,Never
h4l15,sub_alc_rapi_05,1,1-2 times
h4l15,sub_alc_rapi_05,2,3-4 times
h4l15,sub_alc_rapi_05,3,5-6 times
h4l15,sub_alc_rapi_05,4,More than 6 times
h4l15,sub_alc_rapi_06,0,Never
h4l15,sub_alc_rapi_06,1,1-2 times
h4l15,sub_alc_rapi_06,2,3-4 times
h4l15,sub_alc_rapi_06,3,5-6 times
h4l15,sub_alc_rapi_06,4,More than 6 times
h4l15,sub_alc_rapi_07,0,Never
h4l15,sub_alc_rapi_07,1,1-2 times
h4l15,sub_alc_rapi_07,2,3-4 times
h4l15,sub_alc_rapi_07,3,5-6 times
h4l15,sub_alc_rapi_07,4,More than 6 times
h4l15,sub_alc_rapi_08,0,Never
h4l15,sub_alc_rapi_08,1,1-2 times
h4l15,sub_alc_rapi_08,2,3-4 times
h4l15,sub_alc_rapi_08,3,5-6 times
h4l15,sub_alc_rapi_08,4,More than 6 times
h4l15,sub_alc_rapi_09,0,Never
h4l15,sub_alc_rapi_09,1,1-2 times
h4l15,sub_alc_rapi_09,2,3-4 times
h4l15,sub_alc_rapi_09,3,5-6 times
h4l15,sub_alc_rapi_09,4,More than 6 times
h4l15,sub_alc_harms_01,0,0 times
h4l15,sub_alc_harms_01,1,1 times
h4l15,sub_alc_harms_01,2,2 times
h4l15,sub_alc_harms_01,3,3-4 times
h4l15,sub_alc_harms_01,4,5-11 times
h4l15,sub_alc_harms_01,5,12 or more times
h4l15,sub_alc_harms_02,0,0 times
h4l15,sub_alc_harms_02,1,1 times
h4l15,sub_alc_harms_02,2,2 times
h4l15,sub_alc_harms_02,3,3-4 times
h4l15,sub_alc_harms_02,4,5-11 times
h4l15,sub_alc_harms_02,5,12 or more times
h4l15,sub_alc_harms_03,0,0 times
h4l15,sub_alc_harms_03,1,1 times
h4l15,sub_alc_harms_03,2,2 times
h4l15,sub_alc_harms_03,3,3-4 times
h4l15,sub_alc_harms_03,4,5-11 times
h4l15,sub_alc_harms_03,5,12 or more times
h4l15,sub_alc_harms_04,0,0 times
h4l15,sub_alc_harms_04,1,1 times
h4l15,sub_alc_harms_04,2,2 times
h4l15,sub_alc_harms_04,3,3-4 times
h4l15,sub_alc_harms_04,4,5-11 times
h4l15,sub_alc_harms_04,5,12 or more times
h4l15,sub_alc_harms_05,0,0 times
h4l15,sub_alc_harms_05,1,1 times
h4l15,sub_alc_harms_05,2,2 times
h4l15,sub_alc_harms_05,3,3-4 times
h4l15,sub_alc_harms_05,4,5-11 times
h4l15,sub_alc_harms_05,5,12 or more times
h4l15,sub_alc_harms_06,0,0 times
h4l15,sub_alc_harms_06,1,1 times
h4l15,sub_alc_harms_06,2,2 times
h4l15,sub_alc_harms_06,3,3-4 times
h4l15,sub_alc_harms_06,4,5-11 times
h4l15,sub_alc_harms_06,5,12 or more times
h4l15,sub_tob_ever,0,Yes
h4l15,sub_tob_ever,1,No
h4l15,sub_tob_6m_raw,0,Yes
h4l15,sub_tob_6m_raw,1,No
h4l15,sub_tob_1m_days_raw,0,0 days
h4l15,sub_tob_1m_days_raw,1,1 or 2 days
h4l15,sub_tob_1m_days_raw,2,3 to 5 days
h4l15,sub_tob_1m_days_raw,3,6 to 9 days
h4l15,sub_tob_1m_days_raw,4,10 to 19 days
h4l15,sub_tob_1m_days_raw,5,20 to 29 days
h4l15,sub_tob_1m_days_raw,6,All 30 days
h4l15,sub_tob_1m_qty_raw,0,Less than 1 cigarette per day
h4l15,sub_tob_1m_qty_raw,1,1 cigarette per day
h4l15,sub_tob_1m_qty_raw,2,2 to 5 cigarettes per day
h4l15,sub_tob_1m_qty_raw,3,6 to 10 cigarettes per day
h4l15,sub_tob_1m_qty_raw,4,11 to 20 cigarettes per day
h4l15,sub_tob_1m_qty_raw,5,More than 20 cigarettes per day
h4l15,sub_alc_int,0,Very Unlikely
h4l15,sub_alc_int,1,Unlikely
h4l15,sub_alc_int,2,Unsure
h4l15,sub_alc_int,3,Likely
h4l15,sub_alc_int,4,Very Likely
h4l15,sub_tob_int,0,Very Unlikely
h4l15,sub_tob_int,1,Unlikely
h4l15,sub_tob_int,2,Unsure
h4l15,sub_tob_int,3,Likely
h4l15,sub_tob_int,4,Very Likely
h4l15,hb_pa_int,0,Not at all true of me
h4l15,hb_pa_int,1,Not very true of me
h4l15,hb_pa_int,2,Somewhat true of me
h4l15,hb_pa_int,3,Very true of me
h4l15,hb_diet_ssb_int,0,Not at all true of me
h4l15,hb_diet_ssb_int,1,Not very true of me
h4l15,hb_diet_ssb_int,2,Somewhat true of me
h4l15,hb_diet_ssb_int,3,Very true of me
h4l15,hb_sb_int,0,Not at all true of me
h4l15,hb_sb_int,1,Not very true of me
h4l15,hb_sb_int,2,Somewhat true of me
h4l15,hb_sb_int,3,Very true of me
h4l15,hb_sleep_int,0,Not at all true of me
h4l15,hb_sleep_int,1,Not very true of me
h4l15,hb_sleep_int,2,Somewhat true of me
h4l15,hb_sleep_int,3,Very true of me
h4l15,sx_k6_01,0,All of the time
h4l15,sx_k6_01,1,Most of the time
h4l15,sx_k6_01,2,Some of the time
h4l15,sx_k6_01,3,A little of the time
h4l15,sx_k6_01,4,None of the time
h4l15,sx_k6_02,0,All of the time
h4l15,sx_k6_02,1,Most of the time
h4l15,sx_k6_02,2,Some of the time
h4l15,sx_k6_02,3,A little of the time
h4l15,sx_k6_02,4,None of the time
h4l15,sx_k6_03,0,All of the time
h4l15,sx_k6_03,1,Most of the time
h4l15,sx_k6_03,2,Some of the time
h4l15,sx_k6_03,3,A little of the time
h4l15,sx_k6_03,4,None of the time
h4l15,sx_k6_04,0,All of the time
h4l15,sx_k6_04,1,Most of the time
h4l15,sx_k6_04,2,Some of the time
h4l15,sx_k6_04,3,A little of the time
h4l15,sx_k6_04,4,None of the time
h4l15,sx_k6_05,0,All of the time
h4l15,sx_k6_05,1,Most of the time
h4l15,sx_k6_05,2,Some of the time
h4l15,sx_k6_05,3,A little of the time
h4l15,sx_k6_05,4,None of the time
h4l15,sx_k6_06,0,All of the time
h4l15,sx_k6_06,1,Most of the time
h4l15,sx_k6_06,2,Some of the time
h4l15,sx_k6_06,3,A little of the time
h4l15,sx_k6_06,4,None of the time
h4l15,life_ace_ever,0,Yes
h4l15,life_ace_ever,1,No
h4l15,life_ace_mult,0,Yes
h4l15,life_ace_mult,1,No
h4l15,life_ace_age,1,1
h4l15,life_ace_age,2,2
h4l15,life_ace_age,3,3
h4l15,life_ace_age,4,4
h4l15,life_ace_age,5,5
h4l15,life_ace_age,6,6
h4l15,life_ace_age,7,7
h4l15,life_ace_age,8,8
h4l15,life_ace_age,9,9
h4l15,life_ace_age,10,10
h4l15,life_ace_age,11,11
h4l15,life_ace_age,12,12
h4l15,life_ace_age,13,13
h4l15,life_ace_age,14,14
h4l15,life_ace_age,15,15
h4l15,life_ace_age,16,16
h4l15,life_ace_age,17,17
h4l15,life_ace_age,18,18
h4l15,life_ace_age,19,19
h4l15,life_ace_age,20,20
h4l15,sx_phq9_01,0,Not at all
h4l15,sx_phq9_01,1,Several Days
h4l15,sx_phq9_01,2,More than half the days
h4l15,sx_phq9_01,3,Nearly every day
h4l15,sx_phq9_02,0,Not at all
h4l15,sx_phq9_02,1,Several Days
h4l15,sx_phq9_02,2,More than half the days
h4l15,sx_phq9_02,3,Nearly every day
h4l15,sx_phq9_03,0,Not at all
h4l15,sx_phq9_03,1,Several Days
h4l15,sx_phq9_03,2,More than half the days
h4l15,sx_phq9_03,3,Nearly every day
h4l15,sx_phq9_04,0,Not at all
h4l15,sx_phq9_04,1,Several Days
h4l15,sx_phq9_04,2,More than half the days
h4l15,sx_phq9_04,3,Nearly every day
h4l15,sx_phq9_05,0,Not at all
h4l15,sx_phq9_05,1,Several Days
h4l15,sx_phq9_05,2,More than half the days
h4l15,sx_phq9_05,3,Nearly every day
h4l15,sx_phq9_06,0,Not at all
h4l15,sx_phq9_06,1,Several Days
h4l15,sx_phq9_06,2,More than half the days
h4l15,sx_phq9_06,3,Nearly every day
h4l15,sx_phq9_07,0,Not at all
h4l15,sx_phq9_07,1,Several Days
h4l15,sx_phq9_07,2,More than half the days
h4l15,sx_phq9_07,3,Nearly every day
h4l15,sx_phq9_08,0,Not at all
h4l15,sx_phq9_08,1,Several Days
h4l15,sx_phq9_08,2,More than half the days
h4l15,sx_phq9_08,3,Nearly every day
h4l15,sx_phq9_09,0,Not at all
h4l15,sx_phq9_09,1,Several Days
h4l15,sx_phq9_09,2,More than half the days
h4l15,sx_phq9_09,3,Nearly every day
h4l15,sx_promisa_01,0,Never
h4l15,sx_promisa_01,1,Almost Never
h4l15,sx_promisa_01,2,Sometimes
h4l15,sx_promisa_01,3,Often
h4l15,sx_promisa_01,4,Almost Always
h4l15,sx_promisa_02,0,Never
h4l15,sx_promisa_02,1,Almost Never
h4l15,sx_promisa_02,2,Sometimes
h4l15,sx_promisa_02,3,Often
h4l15,sx_promisa_02,4,Almost Always
h4l15,sx_promisa_03,0,Never
h4l15,sx_promisa_03,1,Almost Never
h4l15,sx_promisa_03,2,Sometimes
h4l15,sx_promisa_03,3,Often
h4l15,sx_promisa_03,4,Almost Always
h4l15,sx_promisa_04,0,Never
h4l15,sx_promisa_04,1,Almost Never
h4l15,sx_promisa_04,2,Sometimes
h4l15,sx_promisa_04,3,Often
h4l15,sx_promisa_04,4,Almost Always
h4l15,sx_promisa_05,0,Never
h4l15,sx_promisa_05,1,Almost Never
h4l15,sx_promisa_05,2,Sometimes
h4l15,sx_promisa_05,3,Often
h4l15,sx_promisa_05,4,Almost Always
h4l15,sx_promisa_06,0,Never
h4l15,sx_promisa_06,1,Almost Never
h4l15,sx_promisa_06,2,Sometimes
h4l15,sx_promisa_06,3,Often
h4l15,sx_promisa_06,4,Almost Always
h4l15,sx_promisa_07,0,Never
h4l15,sx_promisa_07,1,Almost Never
h4l15,sx_promisa_07,2,Sometimes
h4l15,sx_promisa_07,3,Often
h4l15,sx_promisa_07,4,Almost Always
h4l15,sx_promisa_08,0,Never
h4l15,sx_promisa_08,1,Almost Never
h4l15,sx_promisa_08,2,Sometimes
h4l15,sx_promisa_08,3,Often
h4l15,sx_promisa_08,4,Almost Always
h4l15,sx_promisa_09,0,Never
h4l15,sx_promisa_09,1,Almost Never
h4l15,sx_promisa_09,2,Sometimes
h4l15,sx_promisa_09,3,Often
h4l15,sx_promisa_09,4,Almost Always
h4l15,sx_promisa_10,0,Never
h4l15,sx_promisa_10,1,Almost Never
h4l15,sx_promisa_10,2,Sometimes
h4l15,sx_promisa_10,3,Often
h4l15,sx_promisa_10,4,Almost Always
h4l15,sx_promisa_11,0,Never
h4l15,sx_promisa_11,1,Almost Never
h4l15,sx_promisa_11,2,Sometimes
h4l15,sx_promisa_11,3,Often
h4l15,sx_promisa_11,4,Almost Always
h4l15,sx_promisa_12,0,Never
h4l15,sx_promisa_12,1,Almost Never
h4l15,sx_promisa_12,2,Sometimes
h4l15,sx_promisa_12,3,Often
h4l15,sx_promisa_12,4,Almost Always
h4l15,sx_promisa_13,0,Never
h4l15,sx_promisa_13,1,Almost Never
h4l15,sx_promisa_13,2,Sometimes
h4l15,sx_promisa_13,3,Often
h4l15,sx_promisa_13,4,Almost Always
h4l15,par_mon_01,0,Never
h4l15,par_mon_01,1,Rarely
h4l15,par_mon_01,2,Sometimes
h4l15,par_mon_01,3,Very Often
h4l15,par_mon_01,4,Always
h4l15,par_mon_02,0,Never
h4l15,par_mon_02,1,Rarely
h4l15,par_mon_02,2,Sometimes
h4l15,par_mon_02,3,Very Often
h4l15,par_mon_02,4,Always
h4l15,par_mon_03,0,Never
h4l15,par_mon_03,1,Rarely
h4l15,par_mon_03,2,Sometimes
h4l15,par_mon_03,3,Very Often
h4l15,par_mon_03,4,Always
h4l15,par_mon_04,0,Never
h4l15,par_mon_04,1,Rarely
h4l15,par_mon_04,2,Sometimes
h4l15,par_mon_04,3,Very Often
h4l15,par_mon_04,4,Always
h4l15,par_mon_05,0,Never
h4l15,par_mon_05,1,Rarely
h4l15,par_mon_05,2,Sometimes
h4l15,par_mon_05,3,Very Often
h4l15,par_mon_05,4,Always
h4l15,par_mon_06,0,Never
h4l15,par_mon_06,1,Rarely
h4l15,par_mon_06,2,Sometimes
h4l15,par_mon_06,3,Very Often
h4l15,par_mon_06,4,Always
h4l15,par_con_01,0,Never
h4l15,par_con_01,1,Rarely
h4l15,par_con_01,2,Sometimes
h4l15,par_con_01,3,Most of the time
h4l15,par_con_01,4,Always
h4l15,par_con_02,0,Never
h4l15,par_con_02,1,Rarely
h4l15,par_con_02,2,Sometimes
h4l15,par_con_02,3,Most of the time
h4l15,par_con_02,4,Always
h4l15,par_con_03,0,Never
h4l15,par_con_03,1,Rarely
h4l15,par_con_03,2,Sometimes
h4l15,par_con_03,3,Most of the time
h4l15,par_con_03,4,Always
h4l15,par_con_04,0,Never
h4l15,par_con_04,1,Rarely
h4l15,par_con_04,2,Sometimes
h4l15,par_con_04,3,Most of the time
h4l15,par_con_04,4,Always
h4l15,par_con_05,0,Never
h4l15,par_con_05,1,Rarely
h4l15,par_con_05,2,Sometimes
h4l15,par_con_05,3,Most of the time
h4l15,par_con_05,4,Always
h4l15,par_con_06,0,Never
h4l15,par_con_06,1,Rarely
h4l15,par_con_06,2,Sometimes
h4l15,par_con_06,3,Most of the time
h4l15,par_con_06,4,Always
h4l15,par_con_07,0,Never
h4l15,par_con_07,1,Rarely
h4l15,par_con_07,2,Sometimes
h4l15,par_con_07,3,Most of the time
h4l15,par_con_07,4,Always
h4l15,ses_fas_01,0,No
h4l15,ses_fas_01,1,"Yes, one"
h4l15,ses_fas_01,2,"Yes, two or more"
h4l15,ses_fas_02,0,No
h4l15,ses_fas_02,1,Yes
h4l15,ses_fas_03,0,None
h4l15,ses_fas_03,1,One
h4l15,ses_fas_03,2,Two
h4l15,ses_fas_03,3,More than two
h4l15,ses_fas_04,0,None
h4l15,ses_fas_04,1,One
h4l15,ses_fas_04,2,Two
h4l15,ses_fas_04,3,More than two
h4l15,ses_fas_05,0,No
h4l15,ses_fas_05,1,Yes
h4l15,ses_fas_06,0,Never
h4l15,ses_fas_06,1,Once
h4l15,ses_fas_06,2,Twice
h4l15,ses_fas_06,3,More than twice
h4l15,mh_erq_01,0,Strongly Disagree
h4l15,mh_erq_01,1,Disagree
h4l15,mh_erq_01,2,Half and Half
h4l15,mh_erq_01,3,Agree
h4l15,mh_erq_01,4,Strongly Agree
h4l15,mh_erq_02,0,Strongly Disagree
h4l15,mh_erq_02,1,Disagree
h4l15,mh_erq_02,2,Half and Half
h4l15,mh_erq_02,3,Agree
h4l15,mh_erq_02,4,Strongly Agree
h4l15,mh_erq_03,0,Strongly Disagree
h4l15,mh_erq_03,1,Disagree
h4l15,mh_erq_03,2,Half and Half
h4l15,mh_erq_03,3,Agree
h4l15,mh_erq_03,4,Strongly Agree
h4l15,mh_erq_04,0,Strongly Disagree
h4l15,mh_erq_04,1,Disagree
h4l15,mh_erq_04,2,Half and Half
h4l15,mh_erq_04,3,Agree
h4l15,mh_erq_04,4,Strongly Agree
h4l15,mh_erq_05,0,Strongly Disagree
h4l15,mh_erq_05,1,Disagree
h4l15,mh_erq_05,2,Half and Half
h4l15,mh_erq_05,3,Agree
h4l15,mh_erq_05,4,Strongly Agree
h4l15,mh_erq_06,0,Strongly Disagree
h4l15,mh_erq_06,1,Disagree
h4l15,mh_erq_06,2,Half and Half
h4l15,mh_erq_06,3,Agree
h4l15,mh_erq_06,4,Strongly Agree
h4l15,mh_erq_07,0,Strongly Disagree
h4l15,mh_erq_07,1,Disagree
h4l15,mh_erq_07,2,Half and Half
h4l15,mh_erq_07,3,Agree
h4l15,mh_erq_07,4,Strongly Agree
h4l15,mh_erq_08,0,Strongly Disagree
h4l15,mh_erq_08,1,Disagree
h4l15,mh_erq_08,2,Half and Half
h4l15,mh_erq_08,3,Agree
h4l15,mh_erq_08,4,Strongly Agree
h4l15,mh_erq_09,0,Strongly Disagree
h4l15,mh_erq_09,1,Disagree
h4l15,mh_erq_09,2,Half and Half
h4l15,mh_erq_09,3,Agree
h4l15,mh_erq_09,4,Strongly Agree
h4l15,mh_erq_10,0,Strongly Disagree
h4l15,mh_erq_10,1,Disagree
h4l15,mh_erq_10,2,Half and Half
h4l15,mh_erq_10,3,Agree
h4l15,mh_erq_10,4,Strongly Agree
h4l15,sx_k6_role,0,0
h4l15,sx_k6_role,1,1
h4l15,sx_k6_role,2,2
h4l15,sx_k6_role,3,3
h4l15,sx_k6_role,4,4
h4l15,sx_k6_role,5,5
h4l15,sx_k6_role,6,6
h4l15,sx_k6_role,7,7
h4l15,sx_k6_role,8,8
h4l15,sx_k6_role,9,9
h4l15,sx_k6_role,10,10
h4l15,sx_k6_role,11,11
h4l15,sx_k6_role,12,12
h4l15,sx_k6_role,13,13
h4l15,sx_k6_role,14,14
h4l15,sx_k6_role,15,15
h4l15,sx_k6_role,16,16
h4l15,sx_k6_role,17,17
h4l15,sx_k6_role,18,18
h4l15,sx_k6_role,19,19
h4l15,sx_k6_role,20,20
h4l15,sx_k6_role,21,21
h4l15,sx_k6_role,22,22
h4l15,sx_k6_role,23,23
h4l15,sx_k6_role,24,24
h4l15,sx_k6_role,25,25
h4l15,sx_k6_role,26,26
h4l15,sx_k6_role,27,27
h4l15,sx_k6_role,28,28
h4l15,sx_k6_role,29,29
h4l15,sx_k6_role,30,30
h4l15,sx_k6_partrole,0,0
h4l15,sx_k6_partrole,1,1
h4l15,sx_k6_partrole,2,2
h4l15,sx_k6_partrole,3,3
h4l15,sx_k6_partrole,4,4
h4l15,sx_k6_partrole,5,5
h4l15,sx_k6_partrole,6,6
h4l15,sx_k6_partrole,7,7
h4l15,sx_k6_partrole,8,8
h4l15,sx_k6_partrole,9,9
h4l15,sx_k6_partrole,10,10
h4l15,sx_k6_partrole,11,11
h4l15,sx_k6_partrole,12,12
h4l15,sx_k6_partrole,13,13
h4l15,sx_k6_partrole,14,14
h4l15,sx_k6_partrole,15,15
h4l15,sx_k6_partrole,16,16
h4l15,sx_k6_partrole,17,17
h4l15,sx_k6_partrole,18,18
h4l15,sx_k6_partrole,19,19
h4l15,sx_k6_partrole,20,20
h4l15,sx_k6_partrole,21,21
h4l15,sx_k6_partrole,22,22
h4l15,sx_k6_partrole,23,23
h4l15,sx_k6_partrole,24,24
h4l15,sx_k6_partrole,25,25
h4l15,sx_k6_partrole,26,26
h4l15,sx_k6_partrole,27,27
h4l15,sx_k6_partrole,28,28
h4l15,sx_k6_partrole,29,29
h4l15,sx_k6_partrole,30,30
h4l15,life_victim_ever,0,Yes
h4l15,life_victim_ever,1,No
h4l15,life_victim_freq,0,Not at all
h4l15,life_victim_freq,1,Only once or twice
h4l15,life_victim_freq,2,2 or 3 times a month
h4l15,life_victim_freq,3,About once a week
h4l15,life_victim_freq,4,More than once a week
h4l15,life_bully_ever,0,Yes
h4l15,life_bully_ever,1,No
h4l15,life_bully_freq,0,Not at all
h4l15,life_bully_freq,1,Only once or twice
h4l15,life_bully_freq,2,2 or 3 times a month
h4l15,life_bully_freq,3,About once a week
h4l15,life_bully_freq,4,More than once a week
h4l15,sx_sdq_01,0,Not true
h4l15,sx_sdq_01,1,Somewhat True
h4l15,sx_sdq_01,2,Certainly True
h4l15,sx_sdq_02,0,Not true
h4l15,sx_sdq_02,1,Somewhat True
h4l15,sx_sdq_02,2,Certainly True
h4l15,sx_sdq_03,0,Not true
h4l15,sx_sdq_03,1,Somewhat True
h4l15,sx_sdq_03,2,Certainly True
h4l15,sx_sdq_04,0,Not true
h4l15,sx_sdq_04,1,Somewhat True
h4l15,sx_sdq_04,2,Certainly True
h4l15,sx_sdq_05,0,Not true
h4l15,sx_sdq_05,1,Somewhat True
h4l15,sx_sdq_05,2,Certainly True
h4l15,sx_sdq_06,0,Not true
h4l15,sx_sdq_06,1,Somewhat True
h4l15,sx_sdq_06,2,Certainly True
h4l15,sx_sdq_07,0,Not true
h4l15,sx_sdq_07,1,Somewhat True
h4l15,sx_sdq_07,2,Certainly True
h4l15,sx_sdq_08,0,Not true
h4l15,sx_sdq_08,1,Somewhat True
h4l15,sx_sdq_08,2,Certainly True
h4l15,sx_sdq_09,0,Not true
h4l15,sx_sdq_09,1,Somewhat True
h4l15,sx_sdq_09,2,Certainly True
h4l15,sx_sdq_10,0,Not true
h4l15,sx_sdq_10,1,Somewhat True
h4l15,sx_sdq_10,2,Certainly True
h4l15,sx_sdq_11,0,Not true
h4l15,sx_sdq_11,1,Somewhat True
h4l15,sx_sdq_11,2,Certainly True
h4l15,sx_sdq_12,0,Not true
h4l15,sx_sdq_12,1,Somewhat True
h4l15,sx_sdq_12,2,Certainly True
h4l15,sx_sdq_13,0,Not true
h4l15,sx_sdq_13,1,Somewhat True
h4l15,sx_sdq_13,2,Certainly True
h4l15,sx_sdq_14,0,Not true
h4l15,sx_sdq_14,1,Somewhat True
h4l15,sx_sdq_14,2,Certainly True
h4l15,sx_sdq_15,0,Not true
h4l15,sx_sdq_15,1,Somewhat True
h4l15,sx_sdq_15,2,Certainly True
h4l15,sx_sdq_16,0,Not true
h4l15,sx_sdq_16,1,Somewhat True
h4l15,sx_sdq_16,2,Certainly True
h4l15,sx_sdq_17,0,Not true
h4l15,sx_sdq_17,1,Somewhat True
h4l15,sx_sdq_17,2,Certainly True
h4l15,sx_sdq_18,0,Not true
h4l15,sx_sdq_18,1,Somewhat True
h4l15,sx_sdq_18,2,Certainly True
h4l15,sx_sdq_19,0,Not true
h4l15,sx_sdq_19,1,Somewhat True
h4l15,sx_sdq_19,2,Certainly True
h4l15,sx_sdq_20,0,Not true
h4l15,sx_sdq_20,1,Somewhat True
h4l15,sx_sdq_20,2,Certainly True
h4l15,sx_sdq_21,0,Not true
h4l15,sx_sdq_21,1,Somewhat True
h4l15,sx_sdq_21,2,Certainly True
h4l15,sx_sdq_22,0,Not true
h4l15,sx_sdq_22,1,Somewhat True
h4l15,sx_sdq_22,2,Certainly True
h4l15,sx_sdq_23,0,Not true
h4l15,sx_sdq_23,1,Somewhat True
h4l15,sx_sdq_23,2,Certainly True
h4l15,sx_sdq_24,0,Not true
h4l15,sx_sdq_24,1,Somewhat True
h4l15,sx_sdq_24,2,Certainly True
h4l15,sx_sdq_25,0,Not true
h4l15,sx_sdq_25,1,Somewhat True
h4l15,sx_sdq_25,2,Certainly True
h4l15,hlt_pds_01,0,Has not yet begun to spurt
h4l15,hlt_pds_01,1,Has barely started
h4l15,hlt_pds_01,2,Is definitely underway
h4l15,hlt_pds_01,3,Seems completed
h4l15,hlt_pds_01,4,I don’t know
h4l15,hlt_pds_02,0,Has not yet begun to grow
h4l15,hlt_pds_02,1,Has barely started to grow
h4l15,hlt_pds_02,2,Is definitely underway
h4l15,hlt_pds_02,3,Seems completed
h4l15,hlt_pds_02,4,I don’t know
h4l15,hlt_pds_03,0,Skin has not yet started changing
h4l15,hlt_pds_03,1,Skin has barely started changing
h4l15,hlt_pds_03,2,Skin changes are definitely underway
h4l15,hlt_pds_03,3,Skin changes seem complete
h4l15,hlt_pds_03,4,I don’t know
h4l15,hlt_pds_04,0,Voice has not yet started changing
h4l15,hlt_pds_04,1,Voice has barely started changing
h4l15,hlt_pds_04,2,Voice changes are definitely underway
h4l15,hlt_pds_04,3,Voice changes seem complete
h4l15,hlt_pds_04,4,I don’t know
h4l15,hlt_pds_05,0,Facial hair has not yet started growing
h4l15,hlt_pds_05,1,Facial hair has barely started growing
h4l15,hlt_pds_05,2,Facial hair growth has definitely started
h4l15,hlt_pds_05,3,Facial hair growth seems completed
h4l15,hlt_pds_05,4,I don’t know
h4l15,hlt_pds_06,0,Breasts have not yet started growing
h4l15,hlt_pds_06,1,Breasts have barely started growing
h4l15,hlt_pds_06,2,Breast growth is definitely underway
h4l15,hlt_pds_06,3,Breast growth seems completed
h4l15,hlt_pds_06,4,I don’t know
h4l15,hlt_pds_07,0,Yes
h4l15,hlt_pds_07,1,No
h4l15,hlt_pds_07_yrs,7,7 years
h4l15,hlt_pds_07_yrs,8,8 years
h4l15,hlt_pds_07_yrs,9,9 years
h4l15,hlt_pds_07_yrs,10,10 years
h4l15,hlt_pds_07_yrs,11,11 years
h4l15,hlt_pds_07_yrs,12,12 years
h4l15,hlt_pds_07_yrs,13,13 years
h4l15,hlt_pds_07_yrs,14,14 years
h4l15,hlt_pds_07_yrs,15,15 years
h4l15,hlt_pds_07_yrs,16,16 years
h4l15,hlt_pds_07_yrs,17,17 years
h4l15,hlt_pds_07_yrs,18,18 years
h4l15,hlt_pds_07_yrs,19,19 years
h4l15,hlt_pds_07_yrs,20,20 years
h4l15,mh_slfcon_01,1,"1
Not at all"
h4l15,mh_slfcon_01,2,2
h4l15,mh_slfcon_01,3,3
h4l15,mh_slfcon_01,4,4
h4l15,mh_slfcon_01,5,"5
Very much"
h4l15,mh_slfcon_02,1,"1
Not at all"
h4l15,mh_slfcon_02,2,2
h4l15,mh_slfcon_02,3,3
h4l15,mh_slfcon_02,4,4
h4l15,mh_slfcon_02,5,"5
Very much"
h4l15,mh_slfcon_03,1,"1
Not at all"
h4l15,mh_slfcon_03,2,2
h4l15,mh_slfcon_03,3,3
h4l15,mh_slfcon_03,4,4
h4l15,mh_slfcon_03,5,"5
Very much"
h4l15,mh_slfcon_04,1,"1
Not at all"
h4l15,mh_slfcon_04,2,2
h4l15,mh_slfcon_04,3,3
h4l15,mh_slfcon_04,4,4
h4l15,mh_slfcon_04,5,"5
Very much"
h4l15,mh_slfcon_05,1,"1
Not at all"
h4l15,mh_slfcon_05,2,2
h4l15,mh_slfcon_05,3,3
h4l15,mh_slfcon_05,4,4
h4l15,mh_slfcon_05,5,"5
Very much"
h4l15,mh_slfcon_06,1,"1
Not at all"
h4l15,mh_slfcon_06,2,2
h4l15,mh_slfcon_06,3,3
h4l15,mh_slfcon_06,4,4
h4l15,mh_slfcon_06,5,"5
Very much"
h4l15,mh_slfcon_07,1,"1
Not at all"
h4l15,mh_slfcon_07,2,2
h4l15,mh_slfcon_07,3,3
h4l15,mh_slfcon_07,4,4
h4l15,mh_slfcon_07,5,"5
Very much"
h4l15,mh_slfcon_08,1,"1
Not at all"
h4l15,mh_slfcon_08,2,2
h4l15,mh_slfcon_08,3,3
h4l15,mh_slfcon_08,4,4
h4l15,mh_slfcon_08,5,"5
Very much"
h4l15,mh_slfcon_09,1,"1
Not at all"
h4l15,mh_slfcon_09,2,2
h4l15,mh_slfcon_09,3,3
h4l15,mh_slfcon_09,4,4
h4l15,mh_slfcon_09,5,"5
Very much"
h4l15,mh_slfcon_10,1,"1
Not at all"
h4l15,mh_slfcon_10,2,2
h4l15,mh_slfcon_10,3,3
h4l15,mh_slfcon_10,4,4
h4l15,mh_slfcon_10,5,"5
Very much"
h4l15,mh_slfcon_11,1,"1
Not at all"
h4l15,mh_slfcon_11,2,2
h4l15,mh_slfcon_11,3,3
h4l15,mh_slfcon_11,4,4
h4l15,mh_slfcon_11,5,"5
Very much"
h4l15,mh_slfcon_12,1,"1
Not at all"
h4l15,mh_slfcon_12,2,2
h4l15,mh_slfcon_12,3,3
h4l15,mh_slfcon_12,4,4
h4l15,mh_slfcon_12,5,"5
Very much"
h4l15,mh_slfcon_13,1,"1
Not at all"
h4l15,mh_slfcon_13,2,2
h4l15,mh_slfcon_13,3,3
h4l15,mh_slfcon_13,4,4
h4l15,mh_slfcon_13,5,"5
Very much"
h4l15,hb_app_hlt,0,Yes
h4l15,hb_app_hlt,1,No
h4l15,hb_app_hlt,2,Not sure/don’t know
h4l15,hb_app_hlt_freq,0,Never
h4l15,hb_app_hlt_freq,1,Rarely (every few weeks)
h4l15,hb_app_hlt_freq,2,Sometimes (at least once a week)
h4l15,hb_app_hlt_freq,3,Often (3-4 times a week)
h4l15,hb_app_hlt_freq,4,Every day (at least once a day)
h4l15,hb_app_hlt_useful,0,Not all useful
h4l15,hb_app_hlt_useful,1,Slightly useful
h4l15,hb_app_hlt_useful,2,Moderately useful
h4l15,hb_app_hlt_useful,3,Very useful
h4l15,hb_app_hlt_useful,4,Extremely useful
h4l15,hb_diet_breakfast,0,At home
h4l15,hb_diet_breakfast,1,On the way to school
h4l15,hb_diet_breakfast,2,At school
h4l15,hb_diet_breakfast,3,Other
h4l15,hb_diet_breakfast,4,I don’t usually eat breakfast
h4l15,hb_diet_dff_01,0,Never/ Rarely
h4l15,hb_diet_dff_01,1,1-2 times a week
h4l15,hb_diet_dff_01,2,3-4 times a week
h4l15,hb_diet_dff_01,3,5-6 times a week
h4l15,hb_diet_dff_01,4,Once every day
h4l15,hb_diet_dff_01,5,2 or more times a day
h4l15,hb_diet_dff_02,0,Never/ Rarely
h4l15,hb_diet_dff_02,1,1-2 times a week
h4l15,hb_diet_dff_02,2,3-4 times a week
h4l15,hb_diet_dff_02,3,5-6 times a week
h4l15,hb_diet_dff_02,4,Once every day
h4l15,hb_diet_dff_02,5,2 or more times a day
h4l15,hb_diet_dff_03,0,Never/ Rarely
h4l15,hb_diet_dff_03,1,1-2 times a week
h4l15,hb_diet_dff_03,2,3-4 times a week
h4l15,hb_diet_dff_03,3,5-6 times a week
h4l15,hb_diet_dff_03,4,Once every day
h4l15,hb_diet_dff_03,5,2 or more times a day
h4l15,hb_diet_dff_04,0,Never/ Rarely
h4l15,hb_diet_dff_04,1,1-2 times a week
h4l15,hb_diet_dff_04,2,3-4 times a week
h4l15,hb_diet_dff_04,3,5-6 times a week
h4l15,hb_diet_dff_04,4,Once every day
h4l15,hb_diet_dff_04,5,2 or more times a day
h4l15,hb_diet_dff_05,0,Never/ Rarely
h4l15,hb_diet_dff_05,1,1-2 times a week
h4l15,hb_diet_dff_05,2,3-4 times a week
h4l15,hb_diet_dff_05,3,5-6 times a week
h4l15,hb_diet_dff_05,4,Once every day
h4l15,hb_diet_dff_05,5,2 or more times a day
h4l15,hb_diet_dff_06,0,Never/ Rarely
h4l15,hb_diet_dff_06,1,1-2 times a week
h4l15,hb_diet_dff_06,2,3-4 times a week
h4l15,hb_diet_dff_06,3,5-6 times a week
h4l15,hb_diet_dff_06,4,Once every day
h4l15,hb_diet_dff_06,5,2 or more times a day
h4l15,hb_diet_yfas_01,0,Never
h4l15,hb_diet_yfas_01,1,Rarely
h4l15,hb_diet_yfas_01,2,Sometimes
h4l15,hb_diet_yfas_01,3,Very Often
h4l15,hb_diet_yfas_01,4,Always
h4l15,hb_diet_yfas_02,0,Never
h4l15,hb_diet_yfas_02,1,Rarely
h4l15,hb_diet_yfas_02,2,Sometimes
h4l15,hb_diet_yfas_02,3,Very Often
h4l15,hb_diet_yfas_02,4,Always
h4l15,hb_diet_yfas_03,0,Never
h4l15,hb_diet_yfas_03,1,Rarely
h4l15,hb_diet_yfas_03,2,Sometimes
h4l15,hb_diet_yfas_03,3,Very Often
h4l15,hb_diet_yfas_03,4,Always
h4l15,hb_diet_yfas_04,0,Never
h4l15,hb_diet_yfas_04,1,Rarely
h4l15,hb_diet_yfas_04,2,Sometimes
h4l15,hb_diet_yfas_04,3,Very Often
h4l15,hb_diet_yfas_04,4,Always
h4l15,hb_diet_yfas_05,0,Never
h4l15,hb_diet_yfas_05,1,Rarely
h4l15,hb_diet_yfas_05,2,Sometimes
h4l15,hb_diet_yfas_05,3,Very Often
h4l15,hb_diet_yfas_05,4,Always
h4l15,hb_diet_yfas_06,0,Never
h4l15,hb_diet_yfas_06,1,Rarely
h4l15,hb_diet_yfas_06,2,Sometimes
h4l15,hb_diet_yfas_06,3,Very Often
h4l15,hb_diet_yfas_06,4,Always
h4l15,hb_diet_yfas_07,0,Never
h4l15,hb_diet_yfas_07,1,Rarely
h4l15,hb_diet_yfas_07,2,Sometimes
h4l15,hb_diet_yfas_07,3,Very Often
h4l15,hb_diet_yfas_07,4,Always
h4l15,hb_diet_yfas_08,0,Never
h4l15,hb_diet_yfas_08,1,Rarely
h4l15,hb_diet_yfas_08,2,Sometimes
h4l15,hb_diet_yfas_08,3,Very Often
h4l15,hb_diet_yfas_08,4,Always
h4l15,hb_diet_yfas_09,0,Never
h4l15,hb_diet_yfas_09,1,Rarely
h4l15,hb_diet_yfas_09,2,Sometimes
h4l15,hb_diet_yfas_09,3,Very Often
h4l15,hb_diet_yfas_09,4,Always
h4l15,hb_diet_yfas_10,0,Never
h4l15,hb_diet_yfas_10,1,Rarely
h4l15,hb_diet_yfas_10,2,Sometimes
h4l15,hb_diet_yfas_10,3,Very Often
h4l15,hb_diet_yfas_10,4,Always
h4l15,hb_diet_yfas_11,0,Never
h4l15,hb_diet_yfas_11,1,Rarely
h4l15,hb_diet_yfas_11,2,Sometimes
h4l15,hb_diet_yfas_11,3,Very Often
h4l15,hb_diet_yfas_11,4,Always
h4l15,hb_diet_yfas_12,0,Never
h4l15,hb_diet_yfas_12,1,Rarely
h4l15,hb_diet_yfas_12,2,Sometimes
h4l15,hb_diet_yfas_12,3,Very Often
h4l15,hb_diet_yfas_12,4,Always
h4l15,hb_diet_yfas_13,0,Never
h4l15,hb_diet_yfas_13,1,Rarely
h4l15,hb_diet_yfas_13,2,Sometimes
h4l15,hb_diet_yfas_13,3,Very Often
h4l15,hb_diet_yfas_13,4,Always
h4l15,hb_diet_yfas_14,0,Never
h4l15,hb_diet_yfas_14,1,Rarely
h4l15,hb_diet_yfas_14,2,Sometimes
h4l15,hb_diet_yfas_14,3,Very Often
h4l15,hb_diet_yfas_14,4,Always
h4l15,hb_diet_yfas_15,0,Never
h4l15,hb_diet_yfas_15,1,Rarely
h4l15,hb_diet_yfas_15,2,Sometimes
h4l15,hb_diet_yfas_15,3,Very Often
h4l15,hb_diet_yfas_15,4,Always
h4l15,hb_diet_yfas_16,0,Never
h4l15,hb_diet_yfas_16,1,Rarely
h4l15,hb_diet_yfas_16,2,Sometimes
h4l15,hb_diet_yfas_16,3,Very Often
h4l15,hb_diet_yfas_16,4,Always
h4l15,hb_diet_yfas_17,0,Never
h4l15,hb_diet_yfas_17,1,Rarely
h4l15,hb_diet_yfas_17,2,Sometimes
h4l15,hb_diet_yfas_17,3,Very Often
h4l15,hb_diet_yfas_17,4,Always
h4l15,hb_diet_yfas_18,0,Never
h4l15,hb_diet_yfas_18,1,Rarely
h4l15,hb_diet_yfas_18,2,Sometimes
h4l15,hb_diet_yfas_18,3,Very Often
h4l15,hb_diet_yfas_18,4,Always
h4l15,hb_diet_yfas_19,0,No
h4l15,hb_diet_yfas_19,1,Yes
h4l15,hb_diet_yfas_20,0,No
h4l15,hb_diet_yfas_20,1,Yes
h4l15,hb_diet_yfas_21,0,No
h4l15,hb_diet_yfas_21,1,Yes
h4l15,hb_diet_yfas_22,0,No
h4l15,hb_diet_yfas_22,1,Yes
h4l15,hb_diet_yfas_23,0,No
h4l15,hb_diet_yfas_23,1,Yes
h4l15,hb_diet_yfas_24,0,No
h4l15,hb_diet_yfas_24,1,Yes
h4l15,hb_diet_yfas_25,0,No
h4l15,hb_diet_yfas_25,1,Yes
h4l15,hb_pa_selfeff_01,0,Strongly Disagree
h4l15,hb_pa_selfeff_01,1,Disagree
h4l15,hb_pa_selfeff_01,2,Disagree Slightly
h4l15,hb_pa_selfeff_01,3,Agree Slightly
h4l15,hb_pa_selfeff_01,4,Agree
h4l15,hb_pa_selfeff_01,5,Strongly Agree
h4l15,hb_pa_selfeff_02,0,Strongly Disagree
h4l15,hb_pa_selfeff_02,1,Disagree
h4l15,hb_pa_selfeff_02,2,Disagree Slightly
h4l15,hb_pa_selfeff_02,3,Agree Slightly
h4l15,hb_pa_selfeff_02,4,Agree
h4l15,hb_pa_selfeff_02,5,Strongly Agree
h4l15,hb_pa_selfeff_03,0,Strongly Disagree
h4l15,hb_pa_selfeff_03,1,Disagree
h4l15,hb_pa_selfeff_03,2,Disagree Slightly
h4l15,hb_pa_selfeff_03,3,Agree Slightly
h4l15,hb_pa_selfeff_03,4,Agree
h4l15,hb_pa_selfeff_03,5,Strongly Agree
h4l15,hb_pa_selfeff_04,0,Strongly Disagree
h4l15,hb_pa_selfeff_04,1,Disagree
h4l15,hb_pa_selfeff_04,2,Disagree Slightly
h4l15,hb_pa_selfeff_04,3,Agree Slightly
h4l15,hb_pa_selfeff_04,4,Agree
h4l15,hb_pa_selfeff_04,5,Strongly Agree
h4l15,hb_pa_selfeff_05,0,Strongly Disagree
h4l15,hb_pa_selfeff_05,1,Disagree
h4l15,hb_pa_selfeff_05,2,Disagree Slightly
h4l15,hb_pa_selfeff_05,3,Agree Slightly
h4l15,hb_pa_selfeff_05,4,Agree
h4l15,hb_pa_selfeff_05,5,Strongly Agree
h4l15,mh_selfeff_01,1,Not at all true
h4l15,mh_selfeff_01,2,Hardly true
h4l15,mh_selfeff_01,3,Moderately True
h4l15,mh_selfeff_01,4,Exactly true
h4l15,mh_selfeff_02,1,Not at all true
h4l15,mh_selfeff_02,2,Hardly true
h4l15,mh_selfeff_02,3,Moderately True
h4l15,mh_selfeff_02,4,Exactly true
h4l15,mh_selfeff_03,1,Not at all true
h4l15,mh_selfeff_03,2,Hardly true
h4l15,mh_selfeff_03,3,Moderately True
h4l15,mh_selfeff_03,4,Exactly true
h4l15,mh_selfeff_04,1,Not at all true
h4l15,mh_selfeff_04,2,Hardly true
h4l15,mh_selfeff_04,3,Moderately True
h4l15,mh_selfeff_04,4,Exactly true
h4l15,mh_selfeff_05,1,Not at all true
h4l15,mh_selfeff_05,2,Hardly true
h4l15,mh_selfeff_05,3,Moderately True
h4l15,mh_selfeff_05,4,Exactly true
h4l15,mh_selfeff_06,1,Not at all true
h4l15,mh_selfeff_06,2,Hardly true
h4l15,mh_selfeff_06,3,Moderately True
h4l15,mh_selfeff_06,4,Exactly true
h4l15,mh_selfeff_07,1,Not at all true
h4l15,mh_selfeff_07,2,Hardly true
h4l15,mh_selfeff_07,3,Moderately True
h4l15,mh_selfeff_07,4,Exactly true
h4l15,mh_selfeff_08,1,Not at all true
h4l15,mh_selfeff_08,2,Hardly true
h4l15,mh_selfeff_08,3,Moderately True
h4l15,mh_selfeff_08,4,Exactly true
h4l15,mh_selfeff_09,1,Not at all true
h4l15,mh_selfeff_09,2,Hardly true
h4l15,mh_selfeff_09,3,Moderately True
h4l15,mh_selfeff_09,4,Exactly true
h4l15,mh_selfeff_10,1,Not at all true
h4l15,mh_selfeff_10,2,Hardly true
h4l15,mh_selfeff_10,3,Moderately True
h4l15,mh_selfeff_10,4,Exactly true
h4l15,id_trial_group_num,0,Control
h4l15,id_trial_group_num,1,Health4Life
h4l15,id_days_complete_bin,1,2 weeks or less
h4l15,id_days_complete_bin,2,2-4 weeks
h4l15,id_days_complete_bin,3,4-6 weeks
h4l15,id_days_complete_bin,4,More than 6 weeks
h4l15,demo_state_num,0,NSW
h4l15,demo_state_num,1,Qld
h4l15,demo_state_num,2,WA
h4l15,demo_cob_bin,0,Other country
h4l15,demo_cob_bin,1,Australia
h4l15,demo_cog_3grp,1,Australia
h4l15,demo_cog_3grp,2,Other english speaking country
h4l15,demo_cog_3grp,3,Other country
h4l15,hlt_bmi_cat,0,Underweight
h4l15,hlt_bmi_cat,1,Normal weight
h4l15,hlt_bmi_cat,2,Overweight
h4l15,hlt_bmi_cat,3,Obese
h4l15,ses_schtype,1,Independent
h4l15,ses_schtype,2,Catholic
h4l15,ses_schtype,3,Public
h4l15,ses_ra,1,Major city
h4l15,ses_ra,2,Inner/Outer regional
h4l15,know_h4l_01_bin,0,Incorrect
h4l15,know_h4l_01_bin,1,Correct
h4l15,know_h4l_02_bin,0,Incorrect
h4l15,know_h4l_02_bin,1,Correct
h4l15,know_h4l_03_bin,0,Incorrect
h4l15,know_h4l_03_bin,1,Correct
h4l15,know_h4l_04_bin,0,Incorrect
h4l15,know_h4l_04_bin,1,Correct
h4l15,know_h4l_05_bin,0,Incorrect
h4l15,know_h4l_05_bin,1,Correct
h4l15,know_h4l_06_bin,0,Incorrect
h4l15,know_h4l_06_bin,1,Correct
h4l15,know_h4l_07_bin,0,Incorrect
h4l15,know_h4l_07_bin,1,Correct
h4l15,know_h4l_08_bin,0,Incorrect
h4l15,know_h4l_08_bin,1,Correct
h4l15,know_h4l_09_bin,0,Incorrect
h4l15,know_h4l_09_bin,1,Correct
h4l15,know_h4l_10_bin,0,Incorrect
h4l15,know_h4l_10_bin,1,Correct
h4l15,know_h4l_11_bin,0,Incorrect
h4l15,know_h4l_11_bin,1,Correct
h4l15,know_h4l_12_bin,0,Incorrect
h4l15,know_h4l_12_bin,1,Correct
h4l15,know_h4l_13_bin,0,Incorrect
h4l15,know_h4l_13_bin,1,Correct
h4l15,know_h4l_14_bin,0,Incorrect
h4l15,know_h4l_14_bin,1,Correct
h4l15,know_h4l_15_bin,0,Incorrect
h4l15,know_h4l_15_bin,1,Correct
h4l15,know_h4l_16_bin,0,Incorrect
h4l15,know_h4l_16_bin,1,Correct
h4l15,know_h4l_17_bin,0,Incorrect
h4l15,know_h4l_17_bin,1,Correct
h4l15,know_h4l_18_bin,0,Incorrect
h4l15,know_h4l_18_bin,1,Correct
h4l15,know_h4l_19_bin,0,Incorrect
h4l15,know_h4l_19_bin,1,Correct
h4l15,know_h4l_20_bin,0,Incorrect
h4l15,know_h4l_20_bin,1,Correct
h4l15,hlt_pdss_cat,0,Not excessive
h4l15,hlt_pdss_cat,1,Excessive
h4l15,hb_sleep_simpleduration_cat,0,Not at risk
h4l15,hb_sleep_simpleduration_cat,1,At risk
h4l15,hb_sleep_simpleduration_cat_we,0,Not at risk
h4l15,hb_sleep_simpleduration_cat_we,1,At risk
h4l15,hb_sleep_simpleduration_cat_avg,0,Not at risk
h4l15,hb_sleep_simpleduration_cat_avg,1,At risk
h4l15,hb_sleep_simpleduration_3cat,0,Normal sleep
h4l15,hb_sleep_simpleduration_3cat,1,Undersleep
h4l15,hb_sleep_simpleduration_3cat,2,Oversleep
h4l15,hb_sleep_simpleduration_3cat_we,0,Normal sleep
h4l15,hb_sleep_simpleduration_3cat_we,1,Undersleep
h4l15,hb_sleep_simpleduration_3cat_we,2,Oversleep
h4l15,hb_sleep_simpleduration_3cat_avg,0,Normal sleep
h4l15,hb_sleep_simpleduration_3cat_avg,1,Undersleep
h4l15,hb_sleep_simpleduration_3cat_avg,2,Oversleep
h4l15,hb_sleep_duration_cat,0,Not at risk
h4l15,hb_sleep_duration_cat,1,At risk
h4l15,hb_sleep_duration_cat_we,0,Not at risk
h4l15,hb_sleep_duration_cat_we,1,At risk
h4l15,hb_sleep_duration_cat_avg,0,Not at risk
h4l15,hb_sleep_duration_cat_avg,1,At risk
h4l15,hb_sleep_duration_3cat,0,Normal sleep
h4l15,hb_sleep_duration_3cat,1,Undersleep
h4l15,hb_sleep_duration_3cat,2,Oversleep
h4l15,hb_sleep_duration_3cat_we,0,Normal sleep
h4l15,hb_sleep_duration_3cat_we,1,Undersleep
h4l15,hb_sleep_duration_3cat_we,2,Oversleep
h4l15,hb_sleep_duration_3cat_avg,0,Normal sleep
h4l15,hb_sleep_duration_3cat_avg,1,Undersleep
h4l15,hb_sleep_duration_3cat_avg,2,Oversleep
h4l15,hb_sleep_difficult_rec,0,No difficulty
h4l15,hb_sleep_difficult_rec,1,Mild difficulty
h4l15,hb_sleep_difficult_rec,2,Moderate difficulty
h4l15,hb_sleep_difficult_rec,3,Severe difficulty
h4l15,hb_sleep_difficult_rec,4,Very severe difficulty
h4l15,hb_sb_guide_cat,0,Meet guideline
h4l15,hb_sb_guide_cat,1,Does not meet guideline
h4l15,hb_diet_ssb_risk,0,Low risk
h4l15,hb_diet_ssb_risk,1,Some risk
h4l15,hb_diet_ssb_risk,2,High risk
h4l15,hb_diet_fruit_rec,0,Do not eat fruit
h4l15,hb_diet_fruit_rec,1,1 serve or less
h4l15,hb_diet_fruit_rec,2,2 serves or more
h4l15,hb_diet_fruit_rec,3,Don't know
h4l15,hb_diet_veg_rec,0,Do not eat vegetables
h4l15,hb_diet_veg_rec,1,4 serves or less
h4l15,hb_diet_veg_rec,2,5 serves or more
h4l15,hb_diet_veg_rec,3,Don't know
h4l15,hb_diet_dff_risk,0,Not at risk
h4l15,hb_diet_dff_risk,1,At risk
h4l15,sub_alc_full,0,No
h4l15,sub_alc_full,1,Yes
h4l15,sub_alc_full_6m,0,No
h4l15,sub_alc_full_6m,1,Yes
h4l15,sub_alc_full_6m_freq,0,Never
h4l15,sub_alc_full_6m_freq,1,Less than monthly
h4l15,sub_alc_full_6m_freq,2,Once a month
h4l15,sub_alc_full_6m_freq,3,2-3 times a month
h4l15,sub_alc_full_6m_freq,4,Weekly
h4l15,sub_alc_full_6m_freq,5,Daily or almost daily
h4l15,sub_alc_full_6m_qty,0,None
h4l15,sub_alc_full_6m_qty,1,1-Feb
h4l15,sub_alc_full_6m_qty,2,3-Apr
h4l15,sub_alc_full_6m_qty,3,5-Jun
h4l15,sub_alc_full_6m_qty,4,7-Sep
h4l15,sub_alc_full_6m_qty,5,10+
h4l15,sub_alc_binge_6m,0,No
h4l15,sub_alc_binge_6m,1,Yes
h4l15,sub_tob_6m,0,No
h4l15,sub_tob_6m,1,Yes
h4l15,sub_tob_1m_days,0,0 days
h4l15,sub_tob_1m_days,1,1 or 2 days
h4l15,sub_tob_1m_days,2,3 to 5 days
h4l15,sub_tob_1m_days,3,6 to 9 days
h4l15,sub_tob_1m_days,4,10 to 19 days
h4l15,sub_tob_1m_days,5,20 to 29 days
h4l15,sub_tob_1m_days,6,All 30 days
h4l15,sub_tob_1m_qty,0,Less than 1 cigarette per day
h4l15,sub_tob_1m_qty,1,1 cigarette per day
h4l15,sub_tob_1m_qty,2,2 to 5 cigarettes per day
h4l15,sub_tob_1m_qty,3,6 to 10 cigarettes per day
h4l15,sub_tob_1m_qty,4,11 to 20 cigarettes per day
h4l15,sub_tob_1m_qty,5,More than 20 cigarettes per day
h4l15,mh_smi_cat,0,No SMI (K6<13)
h4l15,mh_smi_cat,1,SMI (K6>-13)
h4l15,sx_phq8_cat,1,No or minimal
h4l15,sx_phq8_cat,2,Mild depression
h4l15,sx_phq8_cat,3,Moderate depression
h4l15,sx_phq8_cat,4,Moderately severe depression
h4l15,sx_phq8_cat,5,Severe depression
h4l15,sx_phq8_bin,0,Negative depression
h4l15,sx_phq8_bin,1,Positive depression
h4l15,sx_promisa_cat,1,None to slight
h4l15,sx_promisa_cat,2,Mild
h4l15,sx_promisa_cat,3,Moderate
h4l15,sx_promisa_cat,4,Severe
h4l15,ses_fas_cat,1,Lower 20%
h4l15,ses_fas_cat,2,Middle 40%
h4l15,ses_fas_cat,3,Upper 40%
h4l15,life_victim_freq_rec,0,Never
h4l15,life_victim_freq_rec,1,Not at all
h4l15,life_victim_freq_rec,2,Only once or twice
h4l15,life_victim_freq_rec,3,2 to 3 times a month
h4l15,life_victim_freq_rec,4,About once a week
h4l15,life_victim_freq_rec,5,More than once a week
h4l15,life_bully_freq_rec,0,Never
h4l15,life_bully_freq_rec,1,Not at all
h4l15,life_bully_freq_rec,2,Only once or twice
h4l15,life_bully_freq_rec,3,2 to 3 times a month
h4l15,life_bully_freq_rec,4,About once a week
h4l15,life_bully_freq_rec,5,More than once a week
h4l15,hlt_pds_cat,1,Prepubertal
h4l15,hlt_pds_cat,2,Early pubertal
h4l15,hlt_pds_cat,3,Mid puberty
h4l15,hlt_pds_cat,4,Late pubertal
h4l15,hlt_pds_cat,5,Post pubertal
h4l15,hb_diet_yfas_bin,0,No
h4l15,hb_diet_yfas_bin,1,Yes
h4l15,demo_school_yrs,2,Year 9
h4l15,hb_phone_own,6.01347001699907e-154,No
h4l15,life_bush_01,0,Yes
h4l15,life_bush_01,1,No
h4l15,life_bush_02,0,No
h4l15,life_bush_02,1,A little
h4l15,life_bush_02,2,A lot
h4l15,life_bush_03,0,No
h4l15,life_bush_03,1,A little
h4l15,life_bush_03,2,A lot
h4l15,life_bush_04,0,No
h4l15,life_bush_04,1,A little
h4l15,life_bush_04,2,A lot
h4l15,life_bush_05,0,No
h4l15,life_bush_05,1,A little
h4l15,life_bush_05,2,A lot
h4l15,life_bush_06,0,No
h4l15,life_bush_06,1,A little
h4l15,life_bush_06,2,A lot
h4l15,life_bush_07,0,No
h4l15,life_bush_07,1,A little
h4l15,life_bush_07,2,A lot
h4l15,life_bush_08,0,No
h4l15,life_bush_08,1,A little
h4l15,life_bush_08,2,A lot
h4l15,life_bush_09,0,No
h4l15,life_bush_09,1,A little
h4l15,life_bush_09,2,A lot
h4l15,life_covid_exp_01,0,Yes
h4l15,life_covid_exp_01,1,No
h4l15,life_covid_eff_01,1,I did a lot less (1)
h4l15,life_covid_eff_01,2,I did a bit less (2)
h4l15,life_covid_eff_01,3,There was no change (3)
h4l15,life_covid_eff_01,4,I did a bit more (4)
h4l15,life_covid_eff_01,5,I did a lot more (5)
h4l15,life_covid_eff_01,6,Not applicable (6)
h4l15,life_covid_eff_02,1,I did a lot less (1)
h4l15,life_covid_eff_02,2,I did a bit less (2)
h4l15,life_covid_eff_02,3,There was no change (3)
h4l15,life_covid_eff_02,4,I did a bit more (4)
h4l15,life_covid_eff_02,5,I did a lot more (5)
h4l15,life_covid_eff_02,6,Not applicable (6)
h4l15,life_covid_eff_03,1,I did a lot less (1)
h4l15,life_covid_eff_03,2,I did a bit less (2)
h4l15,life_covid_eff_03,3,There was no change (3)
h4l15,life_covid_eff_03,4,I did a bit more (4)
h4l15,life_covid_eff_03,5,I did a lot more (5)
h4l15,life_covid_eff_03,6,Not applicable (6)
h4l15,life_covid_eff_04,1,I did a lot less (1)
h4l15,life_covid_eff_04,2,I did a bit less (2)
h4l15,life_covid_eff_04,3,There was no change (3)
h4l15,life_covid_eff_04,4,I did a bit more (4)
h4l15,life_covid_eff_04,5,I did a lot more (5)
h4l15,life_covid_eff_04,6,Not applicable (6)
h4l15,life_covid_eff_05,1,I did a lot less (1)
h4l15,life_covid_eff_05,2,I did a bit less (2)
h4l15,life_covid_eff_05,3,There was no change (3)
h4l15,life_covid_eff_05,4,I did a bit more (4)
h4l15,life_covid_eff_05,5,I did a lot more (5)
h4l15,life_covid_eff_05,6,Not applicable (6)
h4l15,life_covid_eff_06,1,I did a lot less (1)
h4l15,life_covid_eff_06,2,I did a bit less (2)
h4l15,life_covid_eff_06,3,There was no change (3)
h4l15,life_covid_eff_06,4,I did a bit more (4)
h4l15,life_covid_eff_06,5,I did a lot more (5)
h4l15,life_covid_eff_06,6,Not applicable (6)
h4l15,life_covid_eff_07,1,I did a lot less (1)
h4l15,life_covid_eff_07,2,I did a bit less (2)
h4l15,life_covid_eff_07,3,There was no change (3)
h4l15,life_covid_eff_07,4,I did a bit more (4)
h4l15,life_covid_eff_07,5,I did a lot more (5)
h4l15,life_covid_eff_07,6,Not applicable (6)
h4l15,mh_gamadd_freq,0,Not at all
h4l15,mh_gamadd_freq,1,1-3 times per month
h4l15,mh_gamadd_freq,2,Once a week
h4l15,mh_gamadd_freq,3,Several times a week
h4l15,mh_gamadd_freq,4,Daily
h4l15,mh_gamadd_01,0,Yes
h4l15,mh_gamadd_01,1,No
h4l15,mh_gamadd_02,0,Yes
h4l15,mh_gamadd_02,1,No
h4l15,mh_gamadd_03,0,Yes
h4l15,mh_gamadd_03,1,No
h4l15,mh_gamadd_04,0,Yes
h4l15,mh_gamadd_04,1,No
h4l15,mh_gamadd_05,0,Yes
h4l15,mh_gamadd_05,1,No
h4l15,mh_gamadd_06,0,Yes
h4l15,mh_gamadd_06,1,No
h4l15,mh_gamadd_07,0,Yes
h4l15,mh_gamadd_07,1,No
h4l15,mh_gamadd_08,0,Yes
h4l15,mh_gamadd_08,1,No
h4l15,mh_gamadd_09,0,Yes
h4l15,mh_gamadd_09,1,No
h4l15,mh_gamadd_dx,0,No
h4l15,mh_gamadd_dx,1,Yes
h4l15,hb_sd_tvrisk,0,Not at risk
h4l15,hb_sd_tvrisk,1,At risk
h4l15,hb_sd_edrisk,0,Not at risk
h4l15,hb_sd_edrisk,1,At risk
h4l15,hb_sd_screrisk,0,Not at risk
h4l15,hb_sd_screrisk,1,At risk
h4l15,hb_diet_ssbrisk,0,Not at risk
h4l15,hb_diet_ssbrisk,1,At risk
h4l15,hb_diet_fruitrisk,0,Not at risk
h4l15,hb_diet_fruitrisk,1,At risk
h4l15,hb_diet_vegrisk,0,Not at risk
h4l15,hb_diet_vegrisk,1,At risk
h4l15,hb_pa_mvparisk,0,Not at risk
h4l15,hb_pa_mvparisk,1,At risk
h4l15,hb_pa_mvpa7risk,0,Not at risk
h4l15,hb_pa_mvpa7risk,1,At risk
h4l15,hb_diet_risk,0,Not at risk
h4l15,hb_diet_risk,1,At risk
h4l15,demo_seifa_cat,1,1st or 2nd decile
h4l15,demo_seifa_cat,2,3rd to 8th decile
h4l15,demo_seifa_cat,3,9th or 10th decile
h4l15,demo_school_yrs,3,Year 10
h4l15,hlt_med_ibs_ever,0,Yes
h4l15,hlt_med_ibs_ever,1,No
h4l15,hlt_med_ibs_ever,2,I don’t know
h4l15,hlt_med_ibs_ever,3,Prefer not to say
h4l15,hlt_med_ibs_comfort,0,Yes
h4l15,hlt_med_ibs_comfort,1,No
h4l15,hlt_med_stomach,0,Yes
h4l15,hlt_med_stomach,1,No
h4l15,hlt_med_bloat_current,0,Yes
h4l15,hlt_med_bloat_current,1,No
h4l15,hlt_med_asth_ever,0,Yes
h4l15,hlt_med_asth_ever,1,No
h4l15,hlt_med_asth_comfort,0,Yes
h4l15,hlt_med_asth_comfort,1,No
h4l15,hlt_med_asth_freq12,0,Less than 1 per month
h4l15,hlt_med_asth_freq12,1,"1 per month or more, but less than 1 per week"
h4l15,hlt_med_asth_freq12,2,"1 per week or more, but less than 1 per day"
h4l15,hlt_med_asth_freq12,3,1 per day or more
h4l15,hlt_med_asth_symp12,0,None
h4l15,hlt_med_asth_symp12,1,Wheezing
h4l15,hlt_med_asth_symp12,2,Wheezing and shortness of breath
h4l15,hlt_med_asth_symp12,3,Activities limited by shortness of breath
h4l15,hlt_med_asth_hosp12,0,No
h4l15,hlt_med_asth_hosp12,1,Yes
h4l15,hlt_med_eczema,0,Not selected
h4l15,hlt_med_eczema,1,Eczema
h4l15,hlt_med_diabt2,0,Not selected
h4l15,hlt_med_diabt2,1,Type 2 Diabetes
h4l15,hlt_med_chfatig,0,Not selected
h4l15,hlt_med_chfatig,1,Chronic fatigue
h4l15,hlt_med_oth,0,Not selected
h4l15,hlt_med_oth,1,Other conditions
h4l15,hlt_med_pnts,0,Not selected
h4l15,hlt_med_pnts,1,Prefer not to say
h4l15,hlt_med_none,0,Not selected
h4l15,hlt_med_none,1,No medical conditions
h4l15,hlt_med_hayfev,0,Not selected
h4l15,hlt_med_hayfev,1,Hay fever
h4l15,hlt_med_foodall,0,Not selected
h4l15,hlt_med_foodall,1,Food allergies
h4l15,hlt_med_constip,0,Not selected
h4l15,hlt_med_constip,1,Constipation or diarrhea
h4l15,hlt_med_abdom,0,Not selected
h4l15,hlt_med_abdom,1,Recurrent abdominal pain or cramps (please ignore if related
h4l15,hlt_med_bjm,0,Not selected
h4l15,hlt_med_bjm,1,"Bone, joint or muscle problem"
h4l15,hlt_med_adhd,0,Not selected
h4l15,hlt_med_adhd,1,ADD/ADHD
h4l15,hlt_med_aut,0,Not selected
h4l15,hlt_med_aut,1,"Autism, Asperger&#39"
h4l15,hlt_med_diabt1,0,Not selected
h4l15,hlt_med_diabt1,1,Type 1 Diabetes
h4l15,sx_wemwbs_01,1,None of the time
h4l15,sx_wemwbs_01,2,Rarely
h4l15,sx_wemwbs_01,3,Some of the time
h4l15,sx_wemwbs_01,4,Often
h4l15,sx_wemwbs_01,5,All of the time
h4l15,sx_wemwbs_02,1,None of the time
h4l15,sx_wemwbs_02,2,Rarely
h4l15,sx_wemwbs_02,3,Some of the time
h4l15,sx_wemwbs_02,4,Often
h4l15,sx_wemwbs_02,5,All of the time
h4l15,sx_wemwbs_03,1,None of the time
h4l15,sx_wemwbs_03,2,Rarely
h4l15,sx_wemwbs_03,3,Some of the time
h4l15,sx_wemwbs_03,4,Often
h4l15,sx_wemwbs_03,5,All of the time
h4l15,sx_wemwbs_04,1,None of the time
h4l15,sx_wemwbs_04,2,Rarely
h4l15,sx_wemwbs_04,3,Some of the time
h4l15,sx_wemwbs_04,4,Often
h4l15,sx_wemwbs_04,5,All of the time
h4l15,sx_wemwbs_05,1,None of the time
h4l15,sx_wemwbs_05,2,Rarely
h4l15,sx_wemwbs_05,3,Some of the time
h4l15,sx_wemwbs_05,4,Often
h4l15,sx_wemwbs_05,5,All of the time
h4l15,sx_wemwbs_06,1,None of the time
h4l15,sx_wemwbs_06,2,Rarely
h4l15,sx_wemwbs_06,3,Some of the time
h4l15,sx_wemwbs_06,4,Often
h4l15,sx_wemwbs_06,5,All of the time
h4l15,sx_wemwbs_07,1,None of the time
h4l15,sx_wemwbs_07,2,Rarely
h4l15,sx_wemwbs_07,3,Some of the time
h4l15,sx_wemwbs_07,4,Often
h4l15,sx_wemwbs_07,5,All of the time
h4l15,mh_socmedneg_01,0,Yes
h4l15,mh_socmedneg_01,1,No
h4l15,mh_socmedneg_02,0,Yes
h4l15,mh_socmedneg_02,1,No
h4l15,mh_socmedneg_03,0,Yes
h4l15,mh_socmedneg_03,1,No
h4l15,mh_socmedneg_04,0,Yes
h4l15,mh_socmedneg_04,1,No
h4l15,mh_socmedneg_05,0,Yes
h4l15,mh_socmedneg_05,1,No
h4l15,mh_socmedneg_06,0,Yes
h4l15,mh_socmedneg_06,1,No
h4l15,mh_socmedneg_07,0,Yes
h4l15,mh_socmedneg_07,1,No
h4l15,mh_socmedneg_08,0,Yes
h4l15,mh_socmedneg_08,1,No
h4l15,mh_socmedneg_09,0,Yes
h4l15,mh_socmedneg_09,1,No
h4l15,mh_onlineadd_01,0,Never
h4l15,mh_onlineadd_01,1,Once or twice
h4l15,mh_onlineadd_01,2,Once a month
h4l15,mh_onlineadd_01,3,Once a week
h4l15,mh_onlineadd_01,4,Most days
h4l15,mh_onlineadd_02,0,Never
h4l15,mh_onlineadd_02,1,Once or twice
h4l15,mh_onlineadd_02,2,Once a month
h4l15,mh_onlineadd_02,3,Once a week
h4l15,mh_onlineadd_02,4,Most days
h4l15,mh_onlineadd_03,0,Never
h4l15,mh_onlineadd_03,1,Once or twice
h4l15,mh_onlineadd_03,2,Once a month
h4l15,mh_onlineadd_03,3,Once a week
h4l15,mh_onlineadd_03,4,Most days
h4l15,mh_onlineadd_04,0,Never
h4l15,mh_onlineadd_04,1,Once or twice
h4l15,mh_onlineadd_04,2,Once a month
h4l15,mh_onlineadd_04,3,Once a week
h4l15,mh_onlineadd_04,4,Most days
h4l15,mh_onlineadd_05,0,Never
h4l15,mh_onlineadd_05,1,Once or twice
h4l15,mh_onlineadd_05,2,Once a month
h4l15,mh_onlineadd_05,3,Once a week
h4l15,mh_onlineadd_05,4,Most days
h4l15,mh_onlineadd_06,0,Never
h4l15,mh_onlineadd_06,1,Once or twice
h4l15,mh_onlineadd_06,2,Once a month
h4l15,mh_onlineadd_06,3,Once a week
h4l15,mh_onlineadd_06,4,Most days
h4l15,ses_fas_up80,1,Lowest 20%
h4l15,ses_fas_up80,2,Middle 60%
h4l15,ses_fas_up80,3,Upper 20%
h4l15,demo_school_yrs,4,Year 11
h4l15,demo_sexorient,0,Straight (heterosexual)
h4l15,demo_sexorient,1,Gay or lesbian
h4l15,demo_sexorient,2,Bisexual
h4l15,demo_sexorient,3,I use a different term (please specify)
h4l15,demo_sexorient,4,Don't know
h4l15,demo_sexorient,5,Prefer not to answer
h4l15,demo_sexattrac,0,Only attracted to females?
h4l15,demo_sexattrac,1,Mostly attracted to females?
h4l15,demo_sexattrac,2,Equally attracted to females and males?
h4l15,demo_sexattrac,3,Mostly attracted to males?
h4l15,demo_sexattrac,4,Only attracted to males?
h4l15,demo_sexattrac,5,Attracted to people regardless of gender?
h4l15,demo_sexattrac,6,Never felt attracted to anybody at all
h4l15,demo_sexattrac,7,Not sure
h4l15,demo_sexattrac,8,Prefer not to answer
h4l15,sub_vape_propfriend,0,All or almost all
h4l15,sub_vape_propfriend,1,More than half
h4l15,sub_vape_propfriend,2,About half
h4l15,sub_vape_propfriend,3,Less than half
h4l15,sub_vape_propfriend,4,None
h4l15,sub_vape_peerp,0,Certain not to try
h4l15,sub_vape_peerp,1,Very unlikely/unlikely
h4l15,sub_vape_peerp,2,Undecided
h4l15,sub_vape_peerp,3,Likely/very likely
h4l15,sub_vape_peerp,4,Certain to try
h4l15,sub_vape_ever,0,Yes
h4l15,sub_vape_ever,1,No
h4l15,sub_vape_age,0,Age 10 or below
h4l15,sub_vape_age,1,Age 11
h4l15,sub_vape_age,2,Age 12
h4l15,sub_vape_age,3,Age 13
h4l15,sub_vape_age,4,Age 14
h4l15,sub_vape_age,5,Age 15
h4l15,sub_vape_age,6,Age 16
h4l15,sub_vape_age,7,Age 17 or above
h4l15,sub_vape_recent,0,In the past day (24 hours)
h4l15,sub_vape_recent,1,"More than 1 day ago, but within the past 7 days"
h4l15,sub_vape_recent,2,"More than 7 days ago, but within the past 30 days"
h4l15,sub_vape_recent,3,"More than 1 month ago, but within the past 3 months"
h4l15,sub_vape_recent,4,"More than 3 months ago, but within the past 6 months"
h4l15,sub_vape_recent,5,"More than 6 months ago, but within the past 12 months"
h4l15,sub_vape_recent,6,More than 12 months ago
h4l15,sub_vape_freq,0,"Just tried them once, haven't used again"
h4l15,sub_vape_freq,1,Once a month or less
h4l15,sub_vape_freq,2,Three or more days in the past month
h4l15,sub_vape_freq,3,Weekly
h4l15,sub_vape_freq,4,Daily
h4l15,sub_vape_qty,0,Flavour only - no nicotine
h4l15,sub_vape_qty,1,Nicotine + flavour
h4l15,sub_vape_qty,2,Nicotine alone
h4l15,sub_vape_qty,3,Don't know / didn't choose
h4l15,sub_vape_access,0,Friends
h4l15,sub_vape_access,1,Parents (without permission)
h4l15,sub_vape_access,2,Parents (with permission)
h4l15,sub_vape_access,3,Purchased online
h4l15,sub_vape_access,4,Purchased in person at a store
h4l15,sub_vape_access,5,Other
h4l15,sub_vape_order,0,I have not used tobacco cigarettes
h4l15,sub_vape_order,1,Tobacco first
h4l15,sub_vape_order,2,E-cigarettes first
h4l15,sub_vape_order,3,Started both at the same time
h4l15,sub_vape_int,0,Very Unlikely
h4l15,sub_vape_int,1,Unlikely
h4l15,sub_vape_int,2,Unsure
h4l15,sub_vape_int,3,Likely
h4l15,sub_vape_int,4,Very Likely
